Track URI,Track Name,Album Name,Artist Name(s),Release Date,Duration (ms),Popularity,Explicit,Added By,Added At,Genres,Record Label,Danceability,Energy,Key,Loudness,Mode,Speechiness,Acousticness,Instrumentalness,Liveness,Valence,Tempo,Time Signature
spotify:track:7piw0SrFyHjJwOivGxdrnb,"I Like To Party","I Like To Party","AXMO;DJ Junior (TW)",2022-09-16,159483,55,false,ocifamtv1z7as35vkc29ko9m5,2023-05-05T00:56:36Z,"big room,hardstyle,hypertechno","Rave Culture",0.553,0.803,6,-5.066,0,0.0973,0.00232,0.00000106,0.27,0.368,154.952,4
spotify:track:2FbuPBaAou9SppaEF0ujCD,"A Walk In The Forest","A Walk In The Forest","Pribe",2023-02-23,363428,13,false,ocifamtv1z7as35vkc29ko9m5,2023-05-05T00:58:29Z,"psytrance,progressive trance","Psyfeature",0.693,0.917,6,-6.654,0,0.0686,0.00253,0.85,0.635,0.046,139.977,4
spotify:track:120wRpjIVtKvMdkQ1gEfCt,"Middle Ground","Middle Ground","Memento Mori;Massivebass;Massivo",2023-01-05,268137,21,false,ocifamtv1z7as35vkc29ko9m5,2023-05-12T21:29:18Z,"psytrance,progressive trance,trance","Psyfeature",0.756,0.789,2,-6.818,1,0.0494,0.00116,0.904,0.096,0.218,145.005,4
spotify:track:12kEO1dRdm31qliqSTQylT,"Drivin Me Insane","Drivin Me Insane","Johnny Carrera;Memento Mori;Lil Umali",2022-12-15,195724,31,false,ocifamtv1z7as35vkc29ko9m5,2023-05-12T21:45:12Z,"psytrance,progressive trance","Psyfeature",0.766,0.931,6,-7.446,1,0.0862,0.0309,0.498,0.0959,0.467,145.055,4
spotify:track:7FoZZYaqVsttknAC90Qa2G,"Anxiety Society","Psychedelic Selections Vol 007 DJ Mix","Headroom (SA)",2023-01-13,194363,28,false,ocifamtv1z7as35vkc29ko9m5,2023-05-05T00:58:33Z,"psytrance,progressive trance,trance","Iboga Records",0.778,0.699,2,-8.794,1,0.173,0.000339,0.682,0.139,0.0922,138.024,4
spotify:track:254692vwx0pCzwKc9njNae,"Loca People","Loca People","Vandeta",2020-06-02,248516,32,false,ocifamtv1z7as35vkc29ko9m5,2023-05-05T00:58:36Z,"psytrance,progressive trance,trance","Quantum Digital",0.651,0.895,7,-5.519,1,0.125,0.0423,0.335,0.312,0.281,142.015,4
spotify:track:6uTPIY6UEIk1D9rsCJai6X,"Olympus","Olympus","Vertigos",2022-07-08,340000,16,false,ocifamtv1z7as35vkc29ko9m5,2023-05-05T00:58:39Z,"psytrance,trance","Bandora Records",0.534,0.833,9,-4.298,1,0.0364,0.011,0.685,0.646,0.382,143.996,4
spotify:track:0o3w18l2cLJNZNJHwQySjO,"LSD","LSD","Fresh Drop;Lil Umali",2022-09-30,250285,21,false,ocifamtv1z7as35vkc29ko9m5,2023-05-05T00:58:43Z,"psytrance,epadunk,progressive trance","Psyfeature",0.773,0.742,6,-7.395,0,0.144,0.00398,0.128,0.167,0.365,150.011,4
spotify:track:2jXHT1ENK0Vwkv6AvTSvyI,"Unconditional","The Day Off","Poldoore;Will Magid",2014-02-18,274288,46,false,ocifamtv1z7as35vkc29ko9m5,2023-05-05T00:58:47Z,"jazz beats,lo-fi beats,trip hop,nu jazz,electro swing","Cold Busted",0.595,0.669,11,-6.159,1,0.0595,0.00248,0.0484,0.0612,0.449,167.96,4
spotify:track:2F9aUvwtYgrMbHm2TlVYzd,"Morning Glory","The Day Off","Poldoore",2014-02-18,218253,40,false,ocifamtv1z7as35vkc29ko9m5,2023-05-05T00:58:50Z,"jazz beats,lo-fi beats,trip hop,nu jazz","Cold Busted",0.52,0.704,7,-4.821,0,0.163,0.0353,0.177,0.312,0.541,85.031,4
spotify:track:7MTf21ZNyUcmHFWyIkopYp,"Get Schwifty","Get Schwifty","Trip-Tamine;Fresh Drop;Lil Umali;Skadioya",2023-03-09,298500,15,true,ocifamtv1z7as35vkc29ko9m5,2023-05-05T01:10:38Z,"psytrance,progressive trance,epadunk","Blue Tunes Records",0.734,0.852,10,-8.649,0,0.158,0.09,0.0077,0.199,0.345,160.039,4
spotify:track:52xoX40CsLTetmL8QoHcs3,"Take My Time","Take My Time","Johnny Carrera",2023-03-17,247605,18,false,ocifamtv1z7as35vkc29ko9m5,2023-05-05T01:19:33Z,"psytrance,progressive trance","Psyfeature",0.511,0.596,9,-7.708,1,0.12,0.0734,0.582,0.096,0.399,142.002,4
spotify:track:0hKbJzy0TZY1MzQK2OUfrF,"Rage","Rage","Memento Mori;CR3WFX",2023-03-23,283103,20,false,ocifamtv1z7as35vkc29ko9m5,2023-05-12T21:17:49Z,"psytrance,progressive trance","Psyfeature",0.772,0.809,0,-6.244,1,0.113,0.00517,0.255,0.148,0.696,143.984,4
spotify:track:43xQYh4DB5WtlruUfX1q3B,"ELORA","ELORA","Henrique Camacho",2022-07-01,286721,16,false,ocifamtv1z7as35vkc29ko9m5,2023-05-05T01:26:53Z,"psytrance,trance,tekno","Purple Haze Records",0.565,0.906,5,-5.673,0,0.0765,0.00107,0.617,0.316,0.279,144.072,4
spotify:track:3sHDHHKbdQPADaejmZp1oP,"Stuck In My Head","Stuck In My Head","Trip-Tamine;Johnny Carrera;Brandon Hombre",2022-04-20,270629,30,false,ocifamtv1z7as35vkc29ko9m5,2023-05-05T01:39:29Z,"psytrance,progressive trance","Psyfeature",0.842,0.927,9,-6.01,1,0.153,0.0314,0.595,0.0807,0.759,145.025,4
spotify:track:0MW6EPLradAZA4uZYjzqwr,"Check","Check","Memento Mori;Trip-Tamine",2022-09-23,169600,21,true,ocifamtv1z7as35vkc29ko9m5,2023-05-12T01:00:21Z,"psytrance,progressive trance","Psyfeature",0.723,0.898,7,-3.645,1,0.0967,0.00482,0.27,0.531,0.767,150.055,4
spotify:track:2grUsjYg5gkUeopLh73qPd,"Neural Dysmorphia","Virtual Reality","RVDY",2022-12-01,168916,2,false,ocifamtv1z7as35vkc29ko9m5,2023-05-12T14:35:14Z,"","ARTificial",0.488,0.903,1,-4.399,1,0.0293,0.000534,0.937,0.119,0.227,149.995,4
spotify:track:0F46NRbxcYV3jasvNSlKMu,"Follow Me (Common Creation Remix)","Follow Me (Common Creation Remix)","Maddy O'Neal;Common Creation;Balkan Bump;Rodrick Malone",2023-04-06,284689,3,false,ocifamtv1z7as35vkc29ko9m5,2023-05-12T21:04:52Z,"bass music","Maddy O'Neal Music",0.477,0.876,6,-5.815,0,0.0437,0.0000333,0.39,0.476,0.0371,145.018,4
spotify:track:1mBUGkLJ1oE5yb9RjXmLVK,"Lose Control","Lose Control","Miirage",2023-05-12,273802,12,false,ocifamtv1z7as35vkc29ko9m5,2023-05-18T01:46:50Z,"psytrance,progressive trance,trance","Odiva Records",0.806,0.6,5,-6.971,0,0.0559,0.126,0.104,0.438,0.642,142.027,4
spotify:track:6h5SLqnrFq9m1riLV9TUL5,"Neo Cheezy","Portuguese Abduction","Penta",2007-10-26,513493,12,false,ocifamtv1z7as35vkc29ko9m5,2023-05-19T01:09:12Z,"psytrance","AuraQuake Music",0.602,0.893,6,-6.155,0,0.043,0.0000351,0.392,0.118,0.368,145.986,4
spotify:track:2SfDkUK2jGYz8ibCIoyyuO,"Time Travel - Slava Remix","Time Travel (Slava Remix)","Audiophonic;Cosmic Energy;Slava (NL)",2023-02-23,441372,22,false,ocifamtv1z7as35vkc29ko9m5,2023-05-25T16:32:00Z,"psytrance,progressive trance,trance","Madabeats Records",0.649,0.846,4,-5.855,1,0.0598,0.0203,0.873,0.104,0.256,137.993,4
spotify:track:2FhN2KhUvT91Q3Er4v9Qpd,"Coastin'","The Take Over","Zion I;K.Flay",2009-02-09,266440,52,true,ocifamtv1z7as35vkc29ko9m5,2023-05-20T00:58:14Z,"hyphy,underground hip hop","Live Up Records",0.811,0.678,8,-7.357,1,0.0561,0.0333,0.00123,0.105,0.426,91.976,4
spotify:track:61QaTKvSWxlcPKkT1FXNQm,"Yanomami","A State Of Trance Showcase - Mix 020: WHITENO1SE","Blastoyz;WHITENO1SE",2021-03-16,211468,31,false,ocifamtv1z7as35vkc29ko9m5,2023-05-25T01:22:53Z,"psytrance,trance,progressive trance","A State of Trance",0.497,0.992,6,-3.622,0,0.161,0.0122,0.841,0.218,0.0558,142.96,4
spotify:track:1iLaDU8rk4kErOgMsWaw9B,"Astro","Astro","WHITENO1SE;TERRA",2022-03-04,325867,24,false,ocifamtv1z7as35vkc29ko9m5,2023-06-13T01:16:42Z,"psytrance,trance,progressive trance","Alteza Records",0.476,0.891,2,-6.921,1,0.062,0.00512,0.274,0.0693,0.179,142.038,4
spotify:track:6iBxZNFuOOiWvAEeNMohBp,"P.O. Saga - Original Mix","Orestis & Friends: Group Therapy","ORESTIS;Psykovsky",2016-02-05,497805,29,false,ocifamtv1z7as35vkc29ko9m5,2023-05-30T21:14:34Z,"psytrance","Sonic Loom",0.45,0.96,10,-7.983,0,0.0625,0.000121,0.781,0.619,0.256,159.982,4
spotify:track:6eibj2ctKHTZfQX9H1ILYn,"I'm A Mess","I'm A Mess","Jilax;3Form",2022-07-22,192000,22,false,ocifamtv1z7as35vkc29ko9m5,2023-06-30T01:20:16Z,"psytrance,progressive trance,trance","Psyfeature",0.801,0.864,7,-6.579,1,0.076,0.191,0.211,0.13,0.522,140.034,4
spotify:track:0QfUFSV6n1l0dGNTre06mi,"Oracle Of Season","Life","Parasense",2004,373826,12,false,ocifamtv1z7as35vkc29ko9m5,2023-07-19T01:11:34Z,"psytrance","Crystal Matrix",0.747,0.931,0,-7.783,1,0.0596,0.000431,0.882,0.496,0.766,145.002,4
spotify:track:5G9QY9JZovSC9g30sB1P77,"Melodic Robot","Melodic Robot","Fresh Drop;Brandon Hombre",2022-09-16,269522,19,false,ocifamtv1z7as35vkc29ko9m5,2023-07-19T01:47:42Z,"psytrance,epadunk,progressive trance","Psyfeature",0.651,0.851,9,-4.191,1,0.0735,0.0251,0.0366,0.067,0.574,157.014,4
spotify:track:4Vb8CqP2qhyPolnu729yIS,"Psy & Fly","RAZ WORLD 2019","Raz",2019-07-01,119273,48,false,ocifamtv1z7as35vkc29ko9m5,2023-07-19T01:51:44Z,"psytrance,trance,progressive trance","Regroup Records",0.665,0.945,6,-4.531,1,0.0423,0.0216,0.69,0.0948,0.252,103.486,4
spotify:track:6Sy9BUbgFse0n0LPA5lwy5,"Sandstorm","Before the Storm, Special Edition","Darude",2001-01-01,225493,75,false,ocifamtv1z7as35vkc29ko9m5,2023-07-23T14:32:57Z,"eurodance","16 Inch Records",0.528,0.965,11,-7.984,0,0.0465,0.141,0.985,0.0797,0.587,136.065,4
spotify:track:2MWjwvJD5Khi8XQ4YPAcTn,"Mandala - Original Mix","Mandala","Blastoyz",2018-02-26,357482,1,false,ocifamtv1z7as35vkc29ko9m5,2023-10-23T19:00:36Z,"psytrance,trance,progressive trance","Nutek Records",0.625,0.949,6,-5.756,0,0.106,0.0174,0.838,0.176,0.236,143.019,4
spotify:track:3mtY41G4DFXZqgSvSUAwQb,"Alarm - Quarantine Edit","Alarm (Quarantine Edit)","Frontliner",2020-05-22,182394,0,false,ocifamtv1z7as35vkc29ko9m5,2023-11-10T01:39:29Z,"hardstyle,frenchcore,hardcore","Keep It Up Music",0.503,0.991,8,-1.898,0,0.339,0.0188,0.128,0.328,0.158,150.172,4
spotify:track:01Ipr1M440sbRnficeJKVS,"Bad Habit - Radio Version","The Qontinent 2013","Da Tweekaz;In-Phase",2013-08-12,270800,32,false,ocifamtv1z7as35vkc29ko9m5,2023-11-10T01:51:43Z,"hardstyle,frenchcore,happy hardcore,hardcore","Toffmusic",0.504,0.959,7,-4.634,0,0.0404,0.0227,0.0132,0.205,0.47,149.936,4
spotify:track:68mHAuRNqFWBKVTxF1qtth,"Go and Get It","Go and Get It","Memento Mori;Massivebass;Massivo",2021-04-09,251586,29,false,ocifamtv1z7as35vkc29ko9m5,2023-12-11T22:47:17Z,"psytrance,progressive trance,trance","ENIVERSE RECORDS",0.664,0.862,9,-6.3,1,0.0668,0.000952,0.89,0.35,0.758,145.003,4
spotify:track:4smLq2UrllQNEsBfQ3ULzO,"Dystopia","Dystopia","Blazy;Sighter;Basscannon",2023-03-10,459860,51,false,ocifamtv1z7as35vkc29ko9m5,2023-12-11T23:28:49Z,"psytrance,trance,progressive trance","Avant Garde Music",0.622,0.705,7,-7.374,1,0.0698,0.012,0.205,0.451,0.176,142.994,4
spotify:track:4ejbqcbSuyulMaenjYKZbR,"More Pressure","Rogue Monsters","Al'Tarba;Senbeï",2019-02-08,135826,36,false,ocifamtv1z7as35vkc29ko9m5,2023-12-16T01:57:37Z,"trip hop","Banzaï Lab",0.54,0.87,7,-3.249,1,0.228,0.00135,0.0735,0.241,0.594,90.052,4
spotify:track:1GPgufsl7XmCdKO9AWh1vQ,"Lady Mydriasis","Noise in Sepher","Anakronic Electro Orkestra;Frederika",2013-04-03,209139,37,false,ocifamtv1z7as35vkc29ko9m5,2023-12-16T01:57:54Z,"electro swing,melodic techno","Balagan Box",0.706,0.777,5,-4.226,1,0.0591,0.0747,0.0226,0.449,0.779,92.516,4
spotify:track:5TWqf6fPJIBHCmRuicyzVB,"Dopamine Chaser","Headplate","Kumo 99",2023-11-28,251511,39,false,ocifamtv1z7as35vkc29ko9m5,2023-12-16T02:06:09Z,"electroclash","Pressure Signal Records",0.503,0.975,2,-4.484,1,0.0628,0.00423,0.13,0.159,0.449,171.965,4
spotify:track:4gdp8cuXyhkr0bgtL9kCkZ,"Superman","Superman","VINAI;Paolo Pellegrino;Shibui",2021-02-26,136475,45,false,ocifamtv1z7as35vkc29ko9m5,2023-12-16T02:14:14Z,"melbourne bounce,slap house,big room,latin house","Epic Local",0.688,0.887,1,-4.708,0,0.0318,0.108,0.0166,0.133,0.466,124.969,4
spotify:track:1S0BAGP8fI3KH1fMtHhl2o,"Wildfire","Wildfire","Phazed;Fresh Drop",2021-08-06,358285,24,false,ocifamtv1z7as35vkc29ko9m5,2023-12-22T01:39:28Z,"psytrance,progressive trance,epadunk","Psyfeature",0.709,0.656,10,-7.845,0,0.0518,0.0253,0.696,0.339,0.363,142.06,4
spotify:track:2059lJkgydlW4ei0vKfbDC,"Memories","Daydreams","Fresh Drop;Trip-Tamine;Johnny Carrera",2021-10-29,202285,25,false,ocifamtv1z7as35vkc29ko9m5,2023-12-22T01:43:35Z,"psytrance,epadunk,progressive trance","Psyfeature",0.828,0.541,1,-14.708,1,0.0935,0.0411,0.121,0.0747,0.484,140.056,4
spotify:track:6BQnoBulQozQZftBCcQMEw,"Locos","Locos","Fresh Drop;Brandon Hombre;Trip-Tamine",2022-08-04,230736,19,false,ocifamtv1z7as35vkc29ko9m5,2023-12-22T01:55:17Z,"psytrance,epadunk,progressive trance","Psyfeature",0.692,0.878,7,-4.866,1,0.111,0.000438,0.00532,0.535,0.641,149.992,4
spotify:track:5IxBFNHluGAqMSdopRLq6L,"The Business","The Business","Memento Mori;Fresh Drop;Massivebass;Massivo",2021-05-21,248331,0,false,ocifamtv1z7as35vkc29ko9m5,2023-12-22T02:02:46Z,"psytrance,epadunk,progressive trance,trance","Psyfeature",0.741,0.878,8,-5.061,0,0.179,0.0139,0.461,0.123,0.647,139.996,4
spotify:track:755k2MZMz0NY4jqf6Vg4DS,"What You Want","What You Want","Trip-Tamine;Fresh Drop",2022-07-01,251586,17,false,ocifamtv1z7as35vkc29ko9m5,2023-12-22T02:07:05Z,"psytrance,progressive trance,epadunk","Psyfeature",0.76,0.836,1,-7.28,1,0.134,0.0141,0.561,0.274,0.802,145.059,4
spotify:track:7hPfUeyPwZaF4g2nvNrAWW,"Wildfire - Audiobass Remix","Wildfire (Audiobass Remix)","Phazed;Fresh Drop;Audiobass",2022-12-14,289859,11,false,ocifamtv1z7as35vkc29ko9m5,2023-12-22T02:19:28Z,"psytrance,progressive trance,epadunk","Psyfeature",0.615,0.802,10,-6.676,0,0.0484,0.0015,0.298,0.107,0.55,142.003,4
spotify:track:7EBeKgw20uBoUsN3qeZM9z,"Ragga Muffin","Ragga Muffin","Fresh Drop;Only Mind;Vibration",2022-12-01,303555,20,false,ocifamtv1z7as35vkc29ko9m5,2023-12-22T02:20:38Z,"psytrance,epadunk,progressive trance","Psyfeature",0.63,0.9,11,-5.596,1,0.105,0.00122,0.0256,0.591,0.344,169.989,4
spotify:track:1Rcr1W32z5K0uvDvSnUL8f,"Infinity","Infinity","Memento Mori;Fresh Drop",2022-05-22,329142,0,false,ocifamtv1z7as35vkc29ko9m5,2023-12-22T03:23:16Z,"psytrance,epadunk,progressive trance","igroovemusic.com",0.683,0.8,11,-6.856,0,0.163,0.0656,0.0466,0.168,0.361,139.964,4
spotify:track:0q48jykxCl0SJrgJBnERtf,"Waves","Waves","Trip-Tamine;Fresh Drop;Johnny Carrera",2021-06-25,299562,7,false,ocifamtv1z7as35vkc29ko9m5,2023-12-22T03:40:29Z,"psytrance,progressive trance,epadunk","Psyfeature",0.764,0.617,3,-8.309,0,0.112,0.0172,0.508,0.105,0.38,140.046,4
spotify:track:2FFuxlJzjUKnzSOb4E1goD,"Gamer - Original Mix","Gamer","Fresh Drop",2021-03-05,271448,3,false,ocifamtv1z7as35vkc29ko9m5,2023-12-22T03:46:16Z,"psytrance,epadunk,progressive trance","Bass Zone Music",0.761,0.763,0,-7.278,1,0.23,0.0123,0.0408,0.175,0.584,145.073,4
spotify:track:5XKj2XoGrCFrbkyYHV64Y5,"Live Spirit - Original Mix","Live Spirit","Fresh Drop",2020-09-10,354728,11,false,ocifamtv1z7as35vkc29ko9m5,2023-12-22T03:58:28Z,"psytrance,epadunk,progressive trance","Bass Zone Music",0.5,0.819,6,-6.906,0,0.0779,0.0141,0.533,0.0903,0.113,145,4
spotify:track:0dxiA1FKemOdnOUwxRoh5H,"Imagination - Original Mix","Imagination","Fresh Drop;Kertox",2020-07-16,360000,3,false,ocifamtv1z7as35vkc29ko9m5,2023-12-22T04:04:38Z,"psytrance,epadunk,progressive trance","Bass Zone Music",0.796,0.809,6,-6.655,0,0.125,0.0325,0.429,0.277,0.645,145.027,4
spotify:track:0aXOZDNqz7xFuplfAV7P1Y,"Psychedelic Experience - Original Mix","Psychedelic Experience","Fresh Drop;Jondou;M!KE",2020-06-08,377883,1,false,ocifamtv1z7as35vkc29ko9m5,2023-12-22T04:10:40Z,"psytrance,epadunk,progressive trance,melbourne bounce","Bass Zone Music",0.784,0.472,11,-8.958,0,0.156,0.00456,0.247,0.253,0.238,145.039,4
spotify:track:2bHbpuJpYxDiWrL4Bi8KRs,"Cool","Cool","Fresh Drop",2020-03-03,386340,23,false,ocifamtv1z7as35vkc29ko9m5,2023-12-22T04:16:56Z,"psytrance,epadunk,progressive trance","Medusa Records",0.777,0.737,4,-6.568,0,0.121,0.00631,0.317,0.168,0.465,145.056,4
spotify:track:1b1KyQzzPcAPMpbfDPUiWr,"Watching You","Watching You","Fresh Drop",2019-11-29,385728,0,false,ocifamtv1z7as35vkc29ko9m5,2023-12-22T04:23:26Z,"","Puertalaxy Records",0.831,0.61,9,-5.943,1,0.214,0.0307,0.0494,0.333,0.489,145.018,4
spotify:track:5QmLVvVhktfdAugV31RVG6,"Connection (Original Mix)","Connection (Original Mix)","Fresh Drop;Radiostatic;Jesse Moon",2019-08-02,358309,0,false,ocifamtv1z7as35vkc29ko9m5,2023-12-22T04:38:13Z,"psytrance,epadunk,progressive trance","Fresh Drop",0.67,0.693,5,-6.989,0,0.0427,0.013,0.821,0.254,0.24,142.016,4
spotify:track:4zqlCicLICAUkPYYqnPbkn,"Galiya","Galiya","Sajanka;TERRA",2020-05-25,386000,45,false,ocifamtv1z7as35vkc29ko9m5,2023-12-26T22:42:32Z,"psytrance,trance,progressive trance","Najara Records",0.535,0.732,6,-6.269,0,0.0455,0.00584,0.502,0.0604,0.493,150.025,4
spotify:track:3u1aaKHA0K71OleQ33WmMX,"Colors of the Rainbow - Sesto Sento & Bizzare Contact Remix","Colors of the Rainbow (Sesto Sento & Bizzare Contact Remix)","Sevenn;Sesto Sento;Bizzare Contact",2020-06-19,190285,35,false,ocifamtv1z7as35vkc29ko9m5,2023-12-29T02:47:04Z,"brazilian bass,psytrance,trance,progressive trance","Alteza Records",0.448,0.87,10,-6.206,0,0.0646,0.0159,0.751,0.0845,0.121,136.154,4
spotify:track:4Elb9ia3RBhTDtJN8qe29k,"You and Me","You and Me","Amelie Lens",2023-11-17,191408,2,false,ocifamtv1z7as35vkc29ko9m5,2023-12-29T02:54:30Z,"techno,acid techno,hard techno,tekno","Exhale",0.589,0.902,6,-3.478,0,0.0398,0.00574,0.288,0.141,0.255,141.988,4
spotify:track:0laNN8zwVNkS5ccUxYXDi9,"Becoming Insane","Vicious Delicious","Infected Mushroom",2007,440266,34,false,ocifamtv1z7as35vkc29ko9m5,2023-12-29T02:56:20Z,"psytrance,trance","LK2 Music",0.653,0.82,2,-5.781,1,0.0652,0.00334,0.386,0.192,0.637,145,4
spotify:track:2O2gPss8XE08fsodduWsvt,"Timestretch","Timestretch","Bassnectar",2010-03-30,362142,40,false,ocifamtv1z7as35vkc29ko9m5,2023-12-29T03:04:32Z,"dubstep,bass music,dub","Amorphous Music",0.512,0.895,0,-4.223,1,0.0411,0.000532,0.0905,0.0615,0.138,139.92,4
spotify:track:0qPomrBI5l7I7txysyfQut,"Faya","Faya","WHITENO1SE;No Comment;Richie Loop",2018-04-19,420000,35,false,ocifamtv1z7as35vkc29ko9m5,2023-12-29T03:11:32Z,"psytrance,trance,moombahton,dancehall,big room","Blue Tunes Records",0.625,0.903,2,-4.776,1,0.0955,0.0013,0.161,0.111,0.0456,140.035,4
spotify:track:6sTxmALdJ31cPG9Dp2DxPh,"Rough Sex","Lust (Special Remastered Band Edition)","Lords Of Acid",2017-04-28,290453,37,true,ocifamtv1z7as35vkc29ko9m5,2023-12-29T03:18:16Z,"industrial,industrial rock,ebm,industrial metal,hardcore techno,acid house","Metropolis Records",0.396,0.987,4,-1.359,0,0.184,0.000938,0.000318,0.209,0.49,127.581,4
spotify:track:0vtR1BWnjKvzs85eqcC5gn,"Parvati Valley","Parvati Valley","Blastoyz",2016-04-18,406153,0,false,ocifamtv1z7as35vkc29ko9m5,2023-12-29T21:28:22Z,"psytrance,trance,progressive trance","Nutek Records",0.577,0.941,1,-6.567,1,0.0551,0.0036,0.697,0.211,0.517,143.016,4
spotify:track:7m3yfGm6Y7noUcLRoHy70q,"Melodic Elegance - Radio Version","Melodic Elegance (Radio Version)","Symphonix",2021-03-05,219428,39,false,ocifamtv1z7as35vkc29ko9m5,2023-12-29T22:00:20Z,"psytrance,progressive trance,trance","Blue Tunes Records",0.688,0.81,0,-5.335,1,0.0628,0.0298,0.814,0.0878,0.326,140.036,4
spotify:track:2GnYss45b02kqVWTdc99QO,"Harmony - Original Mix","Goa Beach, Vol. 26","Hi Profile",2015-03-06,429893,0,false,ocifamtv1z7as35vkc29ko9m5,2023-12-29T22:15:23Z,"psytrance,progressive trance,trance","Yellow Sunshine Explosion",0.48,0.819,0,-9.471,1,0.172,0.000569,0.762,0.45,0.061,138.03,4
spotify:track:5gprlslyCZD2zaFRwbu22t,"Key To Happiness","Key To Happiness","Blastoyz;All In One;Dantra",2022-09-09,355862,34,false,ocifamtv1z7as35vkc29ko9m5,2023-12-29T23:06:42Z,"psytrance,trance,progressive trance","WELVRAVE",0.57,0.87,11,-6.485,0,0.0461,0.0477,0.695,0.118,0.489,144.953,4
spotify:track:2JGXIPceyAR7x4oqxvyvlT,"Boom Shakalaka","Boom Shakalaka","Gonzi;Memento Mori;Massivebass",2022-04-08,207310,37,false,ocifamtv1z7as35vkc29ko9m5,2023-12-29T23:18:16Z,"hard techno,psytrance,tekno,techno,progressive trance,trance","Psyfeature",0.784,0.804,9,-4.978,1,0.0497,0.0517,0.188,0.374,0.914,145.023,4
spotify:track:6XSEz4r6cUwOZgWvE51zDT,"Banana Brain","Mount Ninji and da Nice Time Kid","Die Antwoord",2016-09-16,288479,0,true,ocifamtv1z7as35vkc29ko9m5,2023-12-30T01:28:57Z,"","Zef Records, LLC",0.74,0.93,1,-5.662,1,0.0798,0.0106,0.0156,0.128,0.254,150.085,4
spotify:track:4XKEVz0X1BIDhCAfb782tm,"Name Of The Game","Tweekend","The Crystal Method",2001,255093,55,true,ocifamtv1z7as35vkc29ko9m5,2023-12-30T01:29:10Z,"big beat,breakbeat,electronica","Crystal Method / Geffen",0.522,0.933,1,-4.086,1,0.0544,0.000113,0.724,0.112,0.679,181.957,4
spotify:track:7rCitBPeNGNmqoc7X7pW3j,"Rock N' Rave - Extended Mix","Rock N' Rave - EP (Unmistakable Sampler 2)","Francesco Zeta",2012-03-12,225600,40,false,ocifamtv1z7as35vkc29ko9m5,2023-12-30T01:29:16Z,"hardstyle","Activa Records",0.661,0.999,0,-2.785,1,0.0889,0.418,0.152,0.356,0.333,150.026,4
spotify:track:3QeEf7TMugwZkmn0hPmXio,"Harder State Of Mind","Harder State Of Mind","D-Block & S-te-Fan;DJ Isaac",2020-06-09,236800,57,true,ocifamtv1z7as35vkc29ko9m5,2023-12-30T01:30:10Z,"hardstyle,frenchcore,hardcore,gabber,happy hardcore","Scantraxx Evolutionz",0.515,0.94,9,-2.452,0,0.0478,0.0044,0.0000106,0.23,0.284,150.051,4
spotify:track:2H7vb0rIZG5Q9RAFp4Vzyo,"Stereophobia - Original Mix","Stereophobia","Dark Oscillators",2006-01-01,384108,36,false,ocifamtv1z7as35vkc29ko9m5,2023-12-30T01:30:15Z,"hardstyle","The Saifam Group Srl",0.721,0.965,0,-6.176,1,0.122,0.000584,0.81,0.167,0.322,148.018,4
spotify:track:09PaeQiGCkHW9Z2G3cMc2L,"Here We Fucking Go","Freak / Fast Life / Here We Fucking Go","Showtek",2009-10-26,316619,31,true,ocifamtv1z7as35vkc29ko9m5,2023-12-30T01:30:22Z,"hardstyle,big room,electronica,edm","Dutch Master Works",0.627,0.956,6,-4.022,1,0.168,0.000716,0.000158,0.0713,0.506,146.989,4
spotify:track:0DiWol3AO6WpXZgp0goxAV,"One More Time","Discovery","Daft Punk",2001-03-12,320357,85,false,ocifamtv1z7as35vkc29ko9m5,2023-12-30T01:30:31Z,"french house,electronic,electro","Daft Life Ltd./ADA France",0.613,0.697,2,-8.618,1,0.133,0.0194,0,0.332,0.476,122.746,4
spotify:track:6iLbgkOew6ZJ6BBSXtUYEJ,"Narcotic - Dimitri Vegas vs Ummet Ozcan Remix","Narcotic Remixes (Dimitri Vegas vs Ummet Ozcan Remix / Anton Powers Remix)","YouNotUs;Janieck;Senex;Dimitri Vegas;Ummet Ozcan",2019-10-18,202836,63,false,ocifamtv1z7as35vkc29ko9m5,2023-12-30T01:41:51Z,"electronica,big room,edm","Columbia/B1 Recordings",0.585,0.867,5,-5.233,0,0.0576,0.0163,0.489,0.0752,0.284,127.913,4
spotify:track:4yn4T3wztHmguBIeSVwWie,"Riverside (Reloaded)","Riverside (Reloaded)","Tujamo;Sidney Samson",2018-01-19,175238,55,true,ocifamtv1z7as35vkc29ko9m5,2023-12-30T01:48:10Z,"","Spinnin' Records",0.884,0.929,10,-4.303,0,0.121,0.0286,0.268,0.142,0.29,125.976,4
spotify:track:222VOHXy05OuMQ0NXORAt4,"Feel Good","Darkstar","Datsik;Zack The Lad",2016-03-25,216006,27,false,ocifamtv1z7as35vkc29ko9m5,2023-12-30T01:51:13Z,"dubstep,dub,riddim,deathstep,drumstep","Firepower Records",0.525,0.889,1,-4.104,1,0.0625,0.00156,0.736,0.222,0.136,140.099,4
spotify:track:5seWZTjT0U8a7cy3Y5NJQ9,"Like Gold","Like Gold","Loud Luxury;Frank Walker;Stephen Puth",2020-10-30,176388,55,false,ocifamtv1z7as35vkc29ko9m5,2023-12-30T02:04:06Z,"","Armada Music",0.759,0.845,6,-6.794,0,0.0421,0.0699,0.0000865,0.215,0.694,124,4
spotify:track:4nWHPMywLwn3oONWNfGJ2k,"Wake Up - Original","Wake Up","Les Petits Pilous",2008-07-27,238400,16,false,ocifamtv1z7as35vkc29ko9m5,2024-01-02T22:08:24Z,"electroclash","Boysnoize Records",0.815,0.729,7,-6.594,0,0.422,0.00909,0.0181,0.0562,0.0284,132.02,4
spotify:track:5JMD9oFmIh4PsVbTygcMB6,"I Get Around - Midnight Juggernauts Remix","Kitsuné Maison Compilation 4","Dragonette;Midnight Juggernauts",2007-06-11,355520,32,false,ocifamtv1z7as35vkc29ko9m5,2024-01-02T22:22:43Z,"new rave,electroclash,alternative dance","Kitsuné Musique",0.772,0.567,0,-5.204,0,0.0464,0.00049,0.46,0.0331,0.964,119.974,4
spotify:track:5s5fN7k5z3xyx0Ckz5OzzX,"Feel Alive","Feel Alive","Phazed",2022-11-25,303820,31,false,ocifamtv1z7as35vkc29ko9m5,2024-01-05T18:35:08Z,"psytrance,progressive trance","Psyfeature",0.645,0.855,0,-7.232,1,0.048,0.0109,0.774,0.433,0.443,142.02,4
spotify:track:3vYU3g6y2L0brDR3nt8F5d,"Darkside","Darkside","Memento Mori;SPARKS",2022-09-01,201931,22,false,ocifamtv1z7as35vkc29ko9m5,2024-01-05T21:38:29Z,"psytrance,progressive trance","Psyfeature",0.719,0.861,1,-6.338,1,0.0706,0.192,0.842,0.474,0.606,145.036,4
spotify:track:0yjhAB1r3ZI2rrtu1JuOCk,"Don't Wanna Let Go","Don't Wanna Let Go","CR3WFX",2023-02-17,218028,30,false,ocifamtv1z7as35vkc29ko9m5,2024-01-05T21:54:25Z,"psytrance,progressive trance","Psyfeature",0.709,0.606,8,-7.572,1,0.0775,0.118,0.682,0.179,0.317,141.962,4
spotify:track:6eAexJb8CXWGXnuHzKq7Is,"Lucky","Lucky","Kova;Memento Mori;Jilax",2023-04-28,191999,19,false,ocifamtv1z7as35vkc29ko9m5,2024-01-05T23:03:31Z,"psytrance,progressive trance,trance","Psyfeature",0.513,0.402,2,-7.53,1,0.114,0.355,0.147,0.524,0.372,145.002,4
spotify:track:74fwN6K31SM39qanJOfDxd,"Nasty","Nasty","Memento Mori;Massivebass;Max Tase",2022-06-03,219310,29,false,ocifamtv1z7as35vkc29ko9m5,2024-01-05T23:05:27Z,"psytrance,progressive trance,trance","Psyfeature",0.704,0.803,0,-4.879,1,0.0518,0.000622,0.473,0.122,0.722,144.988,4
spotify:track:5SIJt068nCivJx4X1Zyior,"Interlude","Interlude","Blazy;Aura Vortex",2018-07-09,206514,55,false,ocifamtv1z7as35vkc29ko9m5,2024-01-07T21:35:51Z,"psytrance,trance,progressive trance","Alien Records",0.7,0.89,6,-4.802,0,0.119,0.0132,0.745,0.186,0.408,140.047,4
spotify:track:6iasq5gQGE5uDeYf5WLkLQ,"Naa","Naa","Memento Mori;Mercuriall",2020-10-30,266770,25,false,ocifamtv1z7as35vkc29ko9m5,2024-01-07T22:26:50Z,"psytrance","ENIVERSE RECORDS",0.682,0.893,7,-6.213,1,0.116,0.000791,0.741,0.413,0.316,144.004,4
spotify:track:7fTOmqPsWSzcTcRfdRCfNM,"Tana Num 170bpm","Tana Num 170bpm","Sajanka",2017-11-30,380007,41,false,ocifamtv1z7as35vkc29ko9m5,2024-01-07T22:51:30Z,"psytrance,trance","Najara Records",0.538,0.96,1,-4.577,1,0.0431,0.00437,0.719,0.171,0.25,170.033,4
spotify:track:121Qef9f4Fa2AKfsBLQWpW,"Viera","Viera","Stevie Melani;Sousa",2020-11-06,150909,33,false,ocifamtv1z7as35vkc29ko9m5,2024-01-07T23:09:54Z,"psytrance,melbourne bounce","ENIVERSE RECORDS",0.716,0.808,2,-6.786,1,0.0658,0.0113,0.294,0.244,0.0391,140.026,4
spotify:track:3uPJHAv7ZjWfXBJwvGBUIi,"Makeup (Blazy Remix)","Makeup (Blazy Remix)","Neelix;Caroline Harrison;Blazy",2020-06-05,466500,51,false,ocifamtv1z7as35vkc29ko9m5,2024-01-07T23:32:15Z,"psytrance,progressive trance,trance","Spin Twist Records",0.569,0.548,1,-7.36,1,0.0522,0.0169,0.44,0.102,0.0856,139.999,4
spotify:track:7ydaic6O1E9pVrzQiXYDZt,"Devil in Me","Devil in Me","Omiki",2020-03-27,194571,43,false,ocifamtv1z7as35vkc29ko9m5,2024-01-07T23:48:10Z,"psytrance,trance,progressive trance,melodic techno","Alteza Records",0.37,0.949,4,-5.119,0,0.14,0.0121,0.0978,0.356,0.0356,140.061,4
spotify:track:466GjLMDKgG1yZbr4aGaXI,"Kundalini","Kundalini","TERRA",2018-01-05,463216,35,false,ocifamtv1z7as35vkc29ko9m5,2024-01-08T00:02:07Z,"psytrance,trance,progressive trance","Nutek Records",0.643,0.923,1,-6.447,1,0.0848,0.000639,0.44,0.183,0.0761,143.025,4
spotify:track:6CFItAJCYVyqIFtXFJqKML,"Leyenda","Leyenda","Phaxe",2019-01-11,399698,48,false,ocifamtv1z7as35vkc29ko9m5,2024-01-08T00:21:47Z,"psytrance,progressive trance,trance","Iboga Records",0.774,0.87,4,-6.815,0,0.0541,0.00832,0.832,0.1,0.0354,103.491,4
spotify:track:1PEZj4RjoFxQot8qFjNA6S,"Balikali - Dead Musicians Society & Aura Vortex & Blazy Remix","Balikali (Dead Musicians Society & Aura Vortex & Blazy Remix)","Dead Musicians Society;Aura Vortex;Blazy;UnderCover",2019-12-24,516413,0,false,ocifamtv1z7as35vkc29ko9m5,2024-01-08T00:37:28Z,"psytrance,progressive trance,trance","Avant Garde Music",0.595,0.85,9,-5.648,1,0.044,0.000935,0.771,0.119,0.16,145.025,4
spotify:track:5gXKDmafOQ8i4lYr62wxTk,"Deep Jungle Walk","He.art","Astrix",2016-02-29,555704,57,false,ocifamtv1z7as35vkc29ko9m5,2024-01-08T20:29:18Z,"psytrance,trance,progressive trance","Shamanic Tales",0.618,0.885,6,-8.347,0,0.0454,0.000658,0.502,0.37,0.105,138.029,4
spotify:track:2fovN88nMPZhATtCNeNaqM,"Adhana","Adhana","Vini Vici;Astrix",2018-01-01,460869,55,false,ocifamtv1z7as35vkc29ko9m5,2024-01-08T21:24:01Z,"psytrance,trance,progressive trance","Iboga Records",0.593,0.992,6,-6.58,0,0.0724,0.00808,0.822,0.165,0.0749,138.052,4
spotify:track:6zvEcn1GLblblEckWEAZux,"Avada Kadabra","Best of Belik","Belik Boom",2016-07-28,402306,49,false,ocifamtv1z7as35vkc29ko9m5,2024-01-08T21:36:11Z,"psytrance,trance","Boom Records",0.475,0.756,10,-6.916,0,0.0682,0.0285,0.786,0.137,0.0382,139.022,4
spotify:track:0ubjNus6ut2BifiXQI7ZJD,"Bungee Jump","Akashic Library","Captain Hook;Astrix",2013-12-10,518260,48,false,ocifamtv1z7as35vkc29ko9m5,2024-01-08T22:37:35Z,"psytrance,progressive trance,trance","Iboga Records",0.732,0.785,4,-8.836,0,0.0845,0.00894,0.75,0.0903,0.118,138.039,4
spotify:track:6uT3CGGp5SmiZgS0DbpQBZ,"Heart Beat (ASOT 878)","A State Of Trance Episode 878 [Hosted by Cosmic Gate & Vini Vici]","Animato;Gaudium",2018-08-23,108000,34,false,ocifamtv1z7as35vkc29ko9m5,2024-01-08T23:17:12Z,"psytrance,progressive trance,trance","A State Of Trance Radio",0.484,0.937,7,-11.821,1,0.0458,0.00965,0.722,0.452,0.662,139.981,4
spotify:track:6UWZP82Q9I7lUtQaPBWJL7,"Chakra","Chakra","W&W;Vini Vici",2017-09-18,203000,46,false,ocifamtv1z7as35vkc29ko9m5,2024-01-08T23:30:29Z,"big room,edm,psytrance,trance","Mainstage Music",0.474,0.94,5,-4.558,1,0.261,0.00446,0.00172,0.417,0.0878,103.483,3
spotify:track:0UV2ylX05Pr2CATGbNCDAe,"Big Black Spider - Les Petits Pilous Remix","Baguette EP","Anglo Satellite;Les Petits Pilous",2007-10-30,228859,19,false,ocifamtv1z7as35vkc29ko9m5,2024-01-09T01:16:58Z,"electroclash","Turbo Recordings",0.821,0.663,11,-6.975,1,0.222,0.0024,0.00236,0.113,0.099,130.485,4
spotify:track:2I3LlZ0uZFJANmQqH9y2vV,"Russian Forest","Bielle","Les Petits Pilous",2010-04-04,224708,12,false,ocifamtv1z7as35vkc29ko9m5,2024-01-09T01:25:34Z,"electroclash","Boysnoize Records",0.722,0.504,1,-8.636,1,0.167,0.0012,0.877,0.0773,0.709,130.02,4
spotify:track:76SitllZZ9OankQcct3LOB,"Raven - Les Petits Pilous Remix","Raven","Proxy;Les Petits Pilous",2008-10-08,191976,13,false,ocifamtv1z7as35vkc29ko9m5,2024-01-09T01:28:04Z,"bass house,new rave,electroclash","Turbo Recordings",0.839,0.451,1,-7.119,1,0.237,0.00315,0.947,0.0575,0.08,129.982,4
spotify:track:3GSUY1Vigkx8qiU7UD5WSt,"Aura","Aura","Faders",2019-03-04,486620,0,false,ocifamtv1z7as35vkc29ko9m5,2024-01-09T01:35:21Z,"psytrance,trance,progressive trance","Sacred Technology",0.5,0.941,6,-6.472,0,0.0436,0.000838,0.905,0.627,0.394,145.009,4
spotify:track:1GQDiMcvhXlnz9G90n9q6h,"Revival - Original Mix","Revival","Vermont (BR);Pondora",2016-08-12,354857,35,false,ocifamtv1z7as35vkc29ko9m5,2024-01-09T01:39:32Z,"psytrance,trance,progressive trance","Alien Records",0.518,0.866,7,-6.549,1,0.0823,0.0203,0.737,0.595,0.149,104.93,3
spotify:track:75GxJdAnMW8upq6i5n6w4g,"Zombie - Ray Knox Remix","Kick Me Back, Vol. 2 (Pulsedriver Presents)","Andrew Spencer;The Vamprockerz",2015-02-20,228423,0,false,ocifamtv1z7as35vkc29ko9m5,2024-01-09T01:44:24Z,"","Aqualoop Records",0.734,0.999,1,-4.879,1,0.0721,0.00367,0.000319,0.35,0.486,138.035,4
spotify:track:10xIRi7B3JJ19VNkmNo1mY,"Move Your Hands Up - Radio Mix","Move Your Hands Up","Clubraiders",2004-09-01,238893,1,false,ocifamtv1z7as35vkc29ko9m5,2024-01-09T01:56:53Z,"eurodance,italo dance","Balloon Records",0.605,0.995,2,-3.008,0,0.0409,0.0024,0.471,0.16,0.856,139.999,4
spotify:track:6tUsEh9UXUKuX7iSk8SsTj,"Public Disorder Rmx - 163bpm","Freaks of the Stoned Age","Nyama",2013-10-31,347360,12,false,ocifamtv1z7as35vkc29ko9m5,2024-01-09T18:32:10Z,"psytrance","Damaru Records",0.511,0.97,2,-4.931,1,0.0432,0.00000444,0.844,0.444,0.435,163.02,4
spotify:track:4ogViS0S5InurP1mXGa0oj,"Dragonfly","Dragonfly","Electric Universe",2019-01-21,408333,0,false,ocifamtv1z7as35vkc29ko9m5,2024-01-09T18:36:41Z,"psytrance,trance,progressive trance","Sacred Technology",0.508,0.991,7,-3.692,1,0.0557,0.0000983,0.901,0.177,0.0696,143.996,4
spotify:track:6qLIrkb2cbxziWCq08PXJV,"Acid Rain","Dimension 005 (Compiled by Alpha Portal)","Alpha Portal",2019-07-19,488450,43,false,ocifamtv1z7as35vkc29ko9m5,2024-01-09T20:29:24Z,"psytrance,trance,progressive trance","Shamanic Tales",0.554,0.936,6,-6.794,0,0.0517,0.000499,0.793,0.183,0.0389,142.008,4
spotify:track:1l1w8qpZxmkUm4vvRaLljj,"Let The Music Play - Original Extended","Today Is Tomorrow","Walt",2007-04-19,468840,23,false,ocifamtv1z7as35vkc29ko9m5,2024-01-09T19:43:29Z,"hardstyle,hard house","Dutch Master Works",0.649,0.94,6,-9.352,0,0.128,0.000252,0.149,0.104,0.0758,141.998,4
spotify:track:6nShoVDUQXjD8yS8m7jaW4,"Pranava","Paradise Engineering","Ace Ventura;Astrix",2015-05-18,584347,0,false,ocifamtv1z7as35vkc29ko9m5,2024-01-09T20:49:19Z,"psytrance,progressive trance,trance","Iboga Records",0.736,0.906,7,-8.894,1,0.0417,0.000632,0.863,0.0931,0.0431,137.991,4
spotify:track:05C6Cckz9WIywS2q0v9G8L,"Suck My .... ! - X - Rated Edit","Suck My .... !","Dickheadz",2002-12-11,195973,40,true,ocifamtv1z7as35vkc29ko9m5,2024-01-09T20:55:25Z,"","Mental Madness Records",0.723,0.991,5,-7.678,1,0.0949,0.0284,0.0858,0.369,0.299,142.071,4
spotify:track:4PllOnZhN42xuA3wdJbI3u,"Dream a Dream - Dumonde Shortmix","Clubmixes (The Very Best Of)","Captain Jack",2006-09-01,212840,7,false,ocifamtv1z7as35vkc29ko9m5,2024-01-09T20:59:55Z,"eurodance,europop","Captain Jack",0.605,0.902,9,-8.526,1,0.0498,0.0967,0.867,0.0474,0.772,140.02,4
spotify:track:7g8cjrj0sXScNE727685JE,"Kernkraft 400 - DJ Gius Mix, Radio Edit","Kernkraft 400 Single Mixes","Zombie Nation",2006-03-07,207266,65,false,ocifamtv1z7as35vkc29ko9m5,2024-01-09T21:04:16Z,"","UKW Records",0.714,0.528,6,-8.789,1,0.0692,0.00415,0.854,0.0819,0.297,139.983,4
spotify:track:3y2VKqwDDJcNz0y67HzNx2,"Take U Back","Pissin' Razorbladez","Angerfist",2006-03-25,364640,0,true,ocifamtv1z7as35vkc29ko9m5,2024-01-09T21:16:13Z,"hardcore,frenchcore,hardstyle,gabber,hardcore techno,speedcore","Masters of Hardcore",0.592,0.973,1,-7.246,1,0.107,0.0316,0.889,0.335,0.0373,156.009,4
spotify:track:49XNQEBf0qjYMIw7NniQO2,"The Drums - Video Mix","Rhythm & Drums","Cosmic Gate",2001-02-16,216693,0,false,ocifamtv1z7as35vkc29ko9m5,2024-01-09T21:21:26Z,"trance,progressive trance","Wake Your Mind Records",0.767,0.923,10,-6.487,0,0.103,0.000104,0.835,0.0603,0.21,137.493,4
spotify:track:7A8mSyWAg9g3dJBCQtEW7X,"Loops & Tings Relooped - Marco V's Radio Mix","50 Best Trance Hits Ever, Vol. 2","Marco V;Jens;G. Frerichs",2013-03-22,211986,12,false,ocifamtv1z7as35vkc29ko9m5,2024-01-09T21:30:15Z,"trance","Armada Music Albums",0.556,0.937,7,-9.05,1,0.0482,0.000131,0.637,0.724,0.125,137.99,4
spotify:track:72GVdRHK49beKrC1NqRCqj,"Roses - Imanbek Remix","While The World Was Burning","SAINt JHN;Imanbek",2020-11-20,176218,68,true,ocifamtv1z7as35vkc29ko9m5,2024-01-10T01:47:06Z,"slap house","Craft Recordings",0.785,0.721,8,-5.457,1,0.0506,0.0149,0.00432,0.285,0.894,121.962,4
spotify:track:7fZBQnc0zXwVybgCIrQQil,"Belly Dancer","Belly Dancer","Imanbek;BYOR",2022-02-18,151475,79,false,ocifamtv1z7as35vkc29ko9m5,2024-01-10T01:47:20Z,"slap house","Musical Freedom",0.845,0.797,1,-4.984,1,0.139,0.0582,0.00000557,0.167,0.422,121.985,4
spotify:track:6odkxvqvq1B3X1CAFC3mRm,"Take a Ride","Daydreams","Fresh Drop;Trip-Tamine;Johnny Carrera",2021-10-29,397714,14,false,ocifamtv1z7as35vkc29ko9m5,2024-01-11T01:55:07Z,"psytrance,epadunk,progressive trance","Psyfeature",0.657,0.802,4,-7.031,0,0.0759,0.0425,0.572,0.121,0.552,140.03,4
spotify:track:1WF4RTvSeDTOQBD9epYwEi,"Around the World (La la La)","Around the World (La la La)","Refuzion",2019-10-01,153328,55,false,ocifamtv1z7as35vkc29ko9m5,2024-01-11T02:12:02Z,"hardstyle,frenchcore","Refuzion",0.602,0.948,9,-3.372,0,0.0502,0.0396,0.00000143,0.186,0.812,149.933,4
spotify:track:0BNyKP5Or3d9XG65zTn7VB,"Hello","Smash (Deluxe)","Martin Solveig;Dragonette",2011,281429,57,false,ocifamtv1z7as35vkc29ko9m5,2024-01-12T02:03:33Z,"french house","Big Beat Records/Atlantic",0.665,0.93,3,-4.201,1,0.0314,0.0257,0.012,0.054,0.461,127.979,4
spotify:track:6X9bPnDKIuwHhnzSgPS7Ke,"Divebomb","Kitsuné Maison Compilation 4","The Whip",2007-06-11,290173,8,false,ocifamtv1z7as35vkc29ko9m5,2024-01-12T02:11:35Z,"new rave,electroclash,alternative dance,indie dance","Kitsuné Musique",0.558,0.866,2,-4.328,1,0.0464,0.00428,0.00102,0.432,0.821,110.004,4
spotify:track:029ZkVJt1pPoZtrdbgKSiy,"Acid","11:11","Vini Vici;Freedom Fighters",2022-01-14,373913,18,false,ocifamtv1z7as35vkc29ko9m5,2024-01-13T07:33:36Z,"psytrance,trance,progressive trance","Alteza Records",0.58,0.986,4,-6.185,0,0.17,0.0144,0.853,0.115,0.0357,137.979,4
spotify:track:1lpzlOzyQGhpm80MmNjZ4d,"Balikali","Balikali","UnderCover",2014-12-22,407172,0,false,ocifamtv1z7as35vkc29ko9m5,2024-01-18T01:21:29Z,"psytrance,trance,progressive trance","Delta Music Group",0.355,0.869,11,-6.688,1,0.058,0.00611,0.812,0.0719,0.0874,144.995,4
spotify:track:63bWXWGcWnRQvdS8bJWdkB,"Love Again (feat. Alida)","Love Again (feat. Alida)","Alok;Alida",2021-02-05,147401,61,false,ocifamtv1z7as35vkc29ko9m5,2024-01-18T01:42:31Z,"brazilian bass,electronic,slap house,electro house","CONTROVERSIA",0.636,0.822,0,-4.321,0,0.0507,0.0534,0.0000199,0.121,0.338,127.225,4
spotify:track:1A8j067qyiNwQnZT0bzUpZ,"This Girl (Kungs Vs. Cookin' On 3 Burners)","Layers","Kungs;Cookin' On 3 Burners",2016-11-04,195546,82,false,ocifamtv1z7as35vkc29ko9m5,2024-01-18T01:59:42Z,"","Universal Music Division Polydor France",0.793,0.717,0,-4.759,0,0.0393,0.0927,0.000036,0.226,0.466,121.985,4
spotify:track:4nwaGFV7EOWBZ8xv6qzbeG,"Ratata","Ratata","Vibration M",2024-01-10,242909,0,false,ocifamtv1z7as35vkc29ko9m5,2024-01-19T00:56:09Z,"","Vibration M",0.624,0.98,10,-8.118,0,0.0622,0.000287,0.183,0.216,0.41,165.019,4
spotify:track:18kaCWM0OOdSQTnxCcoSU5,"The Logical Song","Push The Beat For This Jam (The Second Chapter)","Scooter",2002-01-07,235413,59,false,ocifamtv1z7as35vkc29ko9m5,2024-01-19T01:42:58Z,"happy hardcore,eurodance","Sheffield Tunes",0.522,0.934,6,-6.489,0,0.0369,0.00107,0.0652,0.418,0.46,143.997,4
spotify:track:4rhooL7Cj0YkvIC4wGL7Jo,"Color Of Your Soul","Color Of Your Soul","GRiZ;CloZee",2022-02-04,202285,55,false,ocifamtv1z7as35vkc29ko9m5,2024-01-19T20:14:47Z,"dubstep,edm","Odyzey Music",0.486,0.964,9,-3.615,1,0.0548,0.00147,0.0628,0.101,0.177,139.958,4
spotify:track:3PQ22BwYOLCJcSo4vBrDl9,"Yow","Break Your Skull","Lektrique;Proxy",2017-08-16,230624,13,false,ocifamtv1z7as35vkc29ko9m5,2024-01-19T23:16:02Z,"dubstep,bass house,electro house,deathstep,new rave","Kannibalen Records",0.709,0.817,1,-6.563,1,0.0649,0.00461,0.846,0.103,0.384,130.013,4
spotify:track:6jrioTitojXGqOyidDXw6O,"Level","RGB","Zombie Nation",2012-12-10,234146,11,false,ocifamtv1z7as35vkc29ko9m5,2024-01-19T23:20:29Z,"","Turbo Recordings",0.716,0.691,6,-9.281,0,0.0449,0.00242,0.901,0.101,0.456,122.991,4
spotify:track:37rLocsfRSSL41RMoeqSC7,"Water","Water","Synergetic Emotion;Nictofilia",2021-03-24,418285,28,false,ocifamtv1z7as35vkc29ko9m5,2024-01-22T21:28:06Z,"psytrance,progressive trance,trance","Synergetic Emotion",0.791,0.576,7,-7.48,1,0.0839,0.0415,0.675,0.133,0.205,140.003,4
spotify:track:6Dy1jexKYriXAVG6evyUTJ,"OUT OUT (feat. Charli XCX & Saweetie)","OUT OUT (feat. Charli XCX & Saweetie)","Joel Corry;Jax Jones;Charli xcx;Saweetie",2021-08-13,162603,74,false,ocifamtv1z7as35vkc29ko9m5,2024-01-24T02:18:55Z,"dance pop,hyperpop,art pop","Atlantic Records UK",0.787,0.833,8,-4.403,1,0.0478,0.018,0.00747,0.0374,0.796,123.97,4
spotify:track:3CDDVh8Hq6Vz0zWgvsZVAr,"World Is Mine","World is Mine","Audiotricz;Villain",2017-08-09,164000,0,false,ocifamtv1z7as35vkc29ko9m5,2024-01-25T01:25:54Z,"hardstyle,frenchcore,hardcore","Spirit Of Hardstyle",0.554,0.869,7,-4.769,0,0.0471,0.00925,0.000492,0.356,0.0988,150.146,4
spotify:track:4QSvuuCVqoXMKkkTuCuz6H,"Cowboys On Acid","Cowboys On Acid","Projekt",2019-08-12,465500,33,false,ocifamtv1z7as35vkc29ko9m5,2024-01-25T01:55:05Z,"psytrance","1864152 Records DK",0.444,0.579,5,-17.079,0,0.125,0.00603,0.869,0.399,0.0396,154.991,4
spotify:track:1Q4jb2UjtWUDUojHsB8mLY,"Split (Only U)","Split (Only U)","Tiësto;The Chainsmokers",2015-09-14,256640,61,false,ocifamtv1z7as35vkc29ko9m5,2024-01-26T01:47:52Z,"edm,trance,big room","Musical Freedom",0.634,0.927,1,-3.282,1,0.136,0.048,0.687,0.0864,0.35,128.016,4
spotify:track:0uaWqD8jubgtgw8cgfdyVH,"Boss Bitch","Boss Bitch","Katana Angels;Blind Rose",2022-09-09,148571,27,false,ocifamtv1z7as35vkc29ko9m5,2024-01-26T01:49:20Z,"slap house","ENFORCE RCRDS",0.856,0.941,10,-4.305,0,0.256,0.333,0,0.0548,0.465,126.079,4
spotify:track:17ijhkx4lfVk4fxJJssRQn,"I Wanna Go","I Wanna Go","Sam Giancana;Milan Gavris;Frank Moody",2022-09-02,157619,29,false,ocifamtv1z7as35vkc29ko9m5,2024-01-26T01:49:27Z,"hypertechno","Nomad Music",0.904,0.683,6,-6.294,1,0.0514,0.0199,0.294,0.0757,0.606,125.998,4
spotify:track:4utHEj6MX6ESj48nMedMNR,"Hollaback Girl","Hollaback Girl","Kato",2022-06-17,151475,40,false,ocifamtv1z7as35vkc29ko9m5,2024-01-26T01:49:36Z,"","One Seven Music",0.856,0.881,11,-5.632,1,0.0614,0.00989,0.00232,0.0658,0.768,122.016,4
spotify:track:5slUv8dP0D6dNjOss3fJPm,"Smells Like Teen Spirit","Smells Like Teen Spirit","Sagan;okafuwa",2022-01-28,210731,35,false,ocifamtv1z7as35vkc29ko9m5,2024-01-26T01:49:46Z,"future house","Muza Records",0.68,0.876,0,-2.033,0,0.0302,0.00116,0.0000567,0.101,0.669,122.992,4
spotify:track:1nwlLOkSNpb5NMldTT6C1t,"Can't Get You Out Of My Head","Can't Get You Out Of My Head","Kool Kat;ILIRA",2021-06-04,184761,43,false,ocifamtv1z7as35vkc29ko9m5,2024-01-26T01:49:58Z,"","CRISP Music",0.653,0.766,9,-6.616,0,0.0337,0.118,0.000641,0.257,0.379,126.022,4
spotify:track:01T0m32L0lgGS8EJTbN26x,"Smells Like Teen Spirit","Smells Like Teen Spirit","R3HAB;Amba Shepherd",2020-08-14,153442,46,false,ocifamtv1z7as35vkc29ko9m5,2024-01-26T01:50:05Z,"slap house,edm","CYB3RPVNK",0.703,0.779,7,-4.956,0,0.032,0.0183,0.24,0.114,0.212,121.948,4
spotify:track:0Tp3sIeg6YsqDbRyjYWNUu,"Gimme Gimme Gimme (a man after midnight)","Gimme Gimme Gimme (a man after midnight)","Syzz",2020-02-27,152682,65,false,ocifamtv1z7as35vkc29ko9m5,2024-01-26T01:50:13Z,"","Lowly",0.593,0.897,10,-1.85,1,0.0452,0.0265,0.00268,0.69,0.38,123.119,4
spotify:track:1MBXjU9fWCvQJRqW99Zslc,"The Chant (feat. Savage)","The Chant (feat. Savage)","Dimatik;Restricted;Savage",2022-02-18,185600,42,false,ocifamtv1z7as35vkc29ko9m5,2024-01-26T01:51:22Z,"melbourne bounce,hardstyle,psytrance,hard techno,techno,hypertechno","SINPHONY",0.655,0.977,0,-2.738,1,0.269,0.0125,0.295,0.218,0.441,75.001,4
spotify:track:0WSjVLITbxV6kVXndziQDm,"Drop That Low (When I Dip)","Drop That Low (When I Dip)","Tujamo",2016-04-01,159999,68,false,ocifamtv1z7as35vkc29ko9m5,2024-02-01T02:20:23Z,"","Spinnin' Records",0.586,0.896,5,-4.132,0,0.372,0.00945,0.836,0.121,0.103,125.744,4
spotify:track:0E9ZjEAyAwOXZ7wJC0PD33,"In My Mind","In My Mind","Dynoro;Gigi D'Agostino",2018-06-08,184560,80,false,ocifamtv1z7as35vkc29ko9m5,2024-02-01T02:38:41Z,"italo dance,eurodance","Columbia/B1 Recordings",0.694,0.77,6,-5.335,1,0.149,0.176,0.000011,0.118,0.163,125.905,4
spotify:track:52LJ3hyknOijCrE5gCD0rE,"L'Amour Toujours","L'Amour Toujours","Gigi D'Agostino",2001-05-23,242053,80,false,ocifamtv1z7as35vkc29ko9m5,2024-02-01T02:54:56Z,"italo dance,eurodance","ZYX Music",0.638,0.877,7,-4.449,1,0.0302,0.0771,0.0221,0.364,0.743,139.052,4
spotify:track:5Ec0oMpXOGuvtHtAwGkGmp,"Go Bananas","GO BANANAS","Little Big",2019-11-14,162307,50,false,ocifamtv1z7as35vkc29ko9m5,2024-02-02T01:24:51Z,"","Little Big Family",0.831,0.907,11,-4.471,0,0.0576,0.0593,0.548,0.0238,0.965,127.009,4
spotify:track:3P5qdDo1yIqSU0R7YH1Vly,"Cyka Blyat","Cyka Blyat","DJ Blyatman;Russian Village Boys",2021-07-22,182408,51,true,ocifamtv1z7as35vkc29ko9m5,2024-02-02T01:34:14Z,"gabber","DJ Blyatman",0.792,0.954,11,-4.279,0,0.159,0.0265,0.156,0.0609,0.682,150.013,4
spotify:track:30msC0CHnBxjkf8ut0T6rJ,"Balkan`s Not Dead","Monobrow","Shazalakazoo",2014-04-14,303360,0,false,ocifamtv1z7as35vkc29ko9m5,2024-02-02T01:46:18Z,"electro swing,swing music,nu jazz,moombahton","Shazalakazoo",0.958,0.608,11,-7.123,0,0.0553,0.0291,0.218,0.0714,0.865,124.992,4
spotify:track:4ObhpadI19PparqIbj9pmR,"Ievan Polkka 2K18 - Melbourne Bounce Mix","Ievan Polkka 2K18 (Melbourne Bounce Mix)","Teknova",2018-05-31,202259,48,false,ocifamtv1z7as35vkc29ko9m5,2024-02-02T01:50:56Z,"melbourne bounce","Planet Dance Music",0.922,0.878,6,-2.906,0,0.22,0.0225,0.764,0.0641,0.628,129.999,4
spotify:track:1gwtIJ8lTSqEp8F4Mmv16x,"Ethereal Sound Machine - Original Mix","Ethereal Sound Machine","Dark Oscillators",2005-01-01,441358,5,false,ocifamtv1z7as35vkc29ko9m5,2024-02-02T01:57:44Z,"hardstyle","The Saifam Group Srl",0.806,0.945,7,-7.176,1,0.162,0.000832,0.596,0.222,0.194,144.995,4
spotify:track:4VSQ7fd0Yg1g0anfO5E9t2,"Stream This For Good Luck!","The Stolen Laptop EP","Trip-Tamine;Brandon Hombre",2023-07-04,103248,14,false,ocifamtv1z7as35vkc29ko9m5,2024-02-06T18:58:44Z,"psytrance,progressive trance","Psyfeature",0.814,0.978,8,-4.133,1,0.115,0.00947,0.694,0.358,0.869,151.099,4
spotify:track:0wtHU3XPzmHzstJ5hf7Tac,"Verano Mexicano","Verano Mexicano","Johnny Carrera",2023-08-25,245822,21,false,ocifamtv1z7as35vkc29ko9m5,2024-02-06T19:00:45Z,"psytrance,progressive trance","7SD Records",0.669,0.723,4,-9.104,0,0.0406,0.22,0.883,0.119,0.679,144.974,4
spotify:track:1fXtTDylgzuJINKUH4Yi7l,"Lucky One","Lucky One","Massivebass;Daprogg",2023-08-18,218181,26,false,ocifamtv1z7as35vkc29ko9m5,2024-02-06T19:08:58Z,"psytrance,progressive trance,trance","Psyfeature",0.727,0.89,6,-6.618,0,0.0429,0.00382,0.88,0.118,0.0775,143.011,4
spotify:track:5Rh4BmRAJdN0TTKbeMBwrE,"Nox","Alea Iacta Est","Dexter Jexxster",2020-10-23,152571,14,false,ocifamtv1z7as35vkc29ko9m5,2024-02-07T01:43:43Z,"psytrance,progressive trance","ENIVERSE RECORDS",0.571,0.963,11,-7.611,0,0.0376,0.00139,0.659,0.166,0.0895,140.001,4
spotify:track:7tHgjmzPziQQKYs6JtIPs4,"See Me","See Me","Memento Mori;Massivebass;Massivo",2022-07-08,218482,0,false,ocifamtv1z7as35vkc29ko9m5,2024-02-07T01:46:58Z,"psytrance,progressive trance,trance","Psyfeature",0.685,0.776,1,-4.601,1,0.0402,0.00167,0.31,0.0978,0.284,144.986,4
spotify:track:3qFb7rt3w0vvu1HxvEDEld,"Flame On!","Flame On!","Trip-Tamine;Brandon Hombre",2022-01-28,210206,8,false,ocifamtv1z7as35vkc29ko9m5,2024-02-07T01:58:26Z,"psytrance,progressive trance","Psyfeature",0.742,0.931,7,-4.473,1,0.137,0.0169,0.0017,0.329,0.794,145.031,4
spotify:track:5T1SjJ8sfXUKLFanaJGrAV,"Bang Bang (Fresh Drop & Trip-Tamine Remix)","Bang Bang (Fresh Drop & Trip-Tamine Remix)","Neelix;Fresh Drop;Trip-Tamine",2024-01-26,174856,34,false,ocifamtv1z7as35vkc29ko9m5,2024-02-07T02:14:02Z,"psytrance,progressive trance,trance,epadunk","Spin Twist Records",0.731,0.793,7,-6.862,0,0.0577,0.0242,0.661,0.202,0.719,140.07,4
spotify:track:5PX4uS1LqlWEPL69phPVQQ,"Pursuit Of Happiness - Extended Steve Aoki Remix","Pursuit Of Happiness [Extended Steve Aoki Remix (Explicit)]","Kid Cudi;MGMT;Ratatat;Steve Aoki",2012-01-01,373626,78,true,ocifamtv1z7as35vkc29ko9m5,2024-02-09T03:51:37Z,"indie,electro house,edm","Kid Cudi/Universal Records",0.722,0.687,0,-5.189,1,0.0556,0.00949,0.00413,0.0462,0.619,128.013,4
spotify:track:3PvhJcV5xv7E1ImIfbRYeM,"I Do Coke","OCCULT CLASSIC","Kill The Noise;Feed Me",2015-10-09,226973,49,true,ocifamtv1z7as35vkc29ko9m5,2024-02-17T20:01:15Z,"dubstep,melodic bass,edm,electro house","OWSLA",0.774,0.895,11,-3.846,0,0.233,0.00224,0.0794,0.804,0.533,106.945,4
spotify:track:1CN9SDbF4slNTJPVAcWzJa,"look into the mirror","look into the mirror","Memento Mori;Massivebass;Massivo",2021-12-17,254896,24,false,ocifamtv1z7as35vkc29ko9m5,2024-02-17T20:56:12Z,"psytrance,progressive trance,trance","ENIVERSE RECORDS",0.706,0.873,7,-4.738,1,0.0959,0.00783,0.694,0.104,0.311,145.05,4
spotify:track:02X7XgBMKqtFpYyXStl3Rs,"Answer From The Stars - Vagus Vip Remix","Answer From The Stars (Vagus Vip Remix)","Vegas (Brazil);Vagus",2018-05-23,349090,30,false,ocifamtv1z7as35vkc29ko9m5,2024-02-17T21:30:06Z,"psytrance,trance,progressive trance,electronic","Alien Records",0.536,0.672,7,-7.66,0,0.0504,0.00385,0.798,0.13,0.153,142.999,4
spotify:track:37mHXs1O05RmodWtDw19nv,"Colors Of The Rainbow","Colors Of The Rainbow","Gottinari",2017-05-03,318291,31,false,ocifamtv1z7as35vkc29ko9m5,2024-02-17T21:44:41Z,"psytrance,trance,progressive trance","Repost Network",0.785,0.704,2,-4.913,1,0.113,0.00758,0.441,0.165,0.204,145.039,4
spotify:track:44pQkjzXqfR233FcSySvqu,"Bulgarian 2020","Bulgarian 2020","Dimatik;Zareh Kan;Blackjack",2020-12-11,156521,35,false,ocifamtv1z7as35vkc29ko9m5,2024-02-17T22:09:45Z,"melbourne bounce,hardstyle,psytrance,minimal techno","ENIVERSE RECORDS",0.728,0.941,0,-4.191,1,0.0778,0.00888,0.646,0.112,0.636,138.006,4
spotify:track:4yRt2XazjD44j823iNdTMz,"Inception","Inception","Massivebass",2022-01-21,261517,40,false,ocifamtv1z7as35vkc29ko9m5,2024-02-18T19:51:21Z,"psytrance,progressive trance,trance","Psyfeature",0.709,0.65,7,-7.048,1,0.0413,0.0021,0.807,0.175,0.255,145.005,4
spotify:track:1kifCdwKtdnlhAKR9FzBB1,"Bam Bam (Let's Just Leave Cut)","Let's Just Leave","Neelix",2020-03-05,205714,35,false,ocifamtv1z7as35vkc29ko9m5,2024-02-18T20:23:22Z,"psytrance,progressive trance,trance","Spin Twist Records",0.8,0.673,6,-7.976,1,0.293,0.102,0.84,0.0956,0.224,140.004,4
spotify:track:6ShcmN8c6rQjA27t0X8MBB,"Sleep Talking","Sleep Talking","Synergetic Emotion;Who Knows?",2022-04-08,281142,39,false,ocifamtv1z7as35vkc29ko9m5,2024-02-19T00:03:32Z,"psytrance,progressive trance,trance","Psyfeature",0.674,0.684,1,-8.168,1,0.0401,0.00922,0.532,0.11,0.149,140.014,4
spotify:track:3LC1zWLZJwO2eBtxio1jot,"Aleph","Aleph","Durs;Who Knows?",2023-05-12,283250,27,false,ocifamtv1z7as35vkc29ko9m5,2024-02-19T00:18:31Z,"psytrance,progressive trance,trance","Spin Twist Records",0.67,0.598,6,-6.482,1,0.0428,0.0719,0.837,0.0976,0.289,140.07,4
spotify:track:6dyfsauAoa5qN0tj9JKamE,"My Gasoline","My Gasoline","Maddix;Fēlēs",2023-08-18,236999,65,true,ocifamtv1z7as35vkc29ko9m5,2024-02-20T02:38:12Z,"big room,techno,hard techno,acid techno,hypertechno","EXTATIC Records",0.65,0.983,7,-7.574,1,0.0618,0.0536,0.684,0.323,0.464,139.991,4
spotify:track:4PSq1vPPpzEpVfwLCadN9j,"All Day, All Night","All Day, All Night","Odd Mob;OMNOM;HYPERBEAM",2024-02-09,150937,49,true,ocifamtv1z7as35vkc29ko9m5,2024-02-21T14:31:41Z,"tech house,bass house","Insomniac Records",0.772,0.813,10,-6.894,0,0.0547,0.0896,0.264,0.0772,0.792,128.004,4
spotify:track:1WEoDLU1GIIQRwNTmuHXWe,"Torus","Torus (Deluxe Version)","Sub Focus",2013-01-01,350733,11,false,ocifamtv1z7as35vkc29ko9m5,2024-02-23T19:57:53Z,"drum and bass,liquid funk","EMI",0.595,0.905,5,-6.364,0,0.049,0.0512,0.453,0.951,0.115,109.979,4
spotify:track:7DOa95EztWk54t8JFUso5B,"Dun Kno","Dun Kno","1991",2017-12-15,200344,18,false,ocifamtv1z7as35vkc29ko9m5,2024-02-23T20:11:57Z,"drum and bass,liquid funk","1991",0.487,0.922,5,-5.259,1,0.0924,0.00196,0.838,0.754,0.449,173.999,4
spotify:track:1fv3q0Oqz4oP3st7jTp5ZE,"Devastator","Interceptor","Dexter Jexxster",2020-11-06,161142,29,false,ocifamtv1z7as35vkc29ko9m5,2024-02-23T21:04:50Z,"psytrance,progressive trance","ENIVERSE RECORDS",0.646,0.86,4,-6.581,0,0.0715,0.0095,0.828,0.108,0.161,140.042,4
spotify:track:4uDhts78RdwIDjEqPrYVKp,"Sweet Dreams","Sweet Dreams","Alan Walker;Imanbek",2021-06-11,138819,67,false,ocifamtv1z7as35vkc29ko9m5,2024-02-23T21:31:01Z,"slap house","Kreatell Music",0.766,0.817,7,-4.253,1,0.035,0.0239,0.00000249,0.159,0.43,125.033,4
spotify:track:20McUFi8KCIVdNDLrkTDuZ,"Goosebumps","Goosebumps","HVME",2020-06-12,163020,69,true,ocifamtv1z7as35vkc29ko9m5,2024-02-23T22:14:12Z,"slap house","Columbia/B1 Recordings",0.767,0.659,1,-7.429,1,0.0444,0.325,0,0.13,0.439,124.946,4
spotify:track:5XVjNRubJUW0iPhhSWpLCj,"Better Off Alone","Who Needs Guitars Anyway?","Alice Deejay",2000-10-01,214883,83,false,ocifamtv1z7as35vkc29ko9m5,2024-03-01T20:11:52Z,"eurodance,europop","Universal Music B.V.",0.671,0.882,8,-6.149,0,0.0552,0.00181,0.667,0.285,0.787,136.955,4
spotify:track:0G1iWPs5FOBb1a335yuRpJ,"Beyond Your Limits","Beyond Your Limits","Massivebass;Predator;Nandra",2022-11-18,269793,26,false,ocifamtv1z7as35vkc29ko9m5,2024-03-01T20:34:26Z,"psytrance,progressive trance,trance","Psyfeature",0.45,0.85,1,-5.323,1,0.111,0.0115,0.611,0.141,0.478,145.045,4
spotify:track:4I78a7kBr9IlrVc69GbwLY,"Hogbeza","Hogbeza","Memento Mori;Psyfeature",2023-11-24,321126,0,false,ocifamtv1z7as35vkc29ko9m5,2024-03-01T20:44:42Z,"psytrance,trance,progressive trance","Psyfeature",0.642,0.86,3,-5.152,1,0.0588,0.00438,0.796,0.456,0.493,141.995,4
spotify:track:15mHk5iNru3j49NsnMaZdV,"Addiction","Addiction","Symphonix;Naturalize",2022-11-11,254678,41,false,ocifamtv1z7as35vkc29ko9m5,2024-03-01T21:23:31Z,"psytrance,progressive trance,trance","Blue Tunes Records",0.711,0.75,10,-6.722,0,0.0354,0.026,0.0627,0.0938,0.0953,139.995,4
spotify:track:2fS24UOnvWXqzD2eJ8qifH,"Poison - Darma Remix","Remixes","Astrix;Darma",2021-04-30,488275,42,false,ocifamtv1z7as35vkc29ko9m5,2024-03-01T21:47:21Z,"psytrance,trance,progressive trance","Shamanic Tales",0.358,0.834,8,-7.517,1,0.0672,0.00119,0.823,0.145,0.148,145.024,4
spotify:track:5cRppCpjxCwrDzTonBjJbC,"Rolling Down","Rolling Down","Symphonix;Interactive Noise",2023-07-21,278297,29,false,ocifamtv1z7as35vkc29ko9m5,2024-03-01T22:28:24Z,"psytrance,progressive trance,trance","Blue Tunes Records",0.703,0.712,10,-8.239,0,0.0518,0.0264,0.701,0.0762,0.0913,141.015,4
spotify:track:2hnyFTJuI3kk7hFGn29iNJ,"Hear The Sound (Rave Mix)","Hear The Sound (Rave Mix)","Basswell",2021-04-09,307110,0,false,ocifamtv1z7as35vkc29ko9m5,2024-03-04T22:10:38Z,"hard techno,techno,tekno,acid techno,hardcore techno","Basswell",0.573,0.994,2,-7.544,1,0.0513,0.00017,0.744,0.103,0.147,150.007,4
spotify:track:4pH28pRWdMVXO9zLflpxZy,"Blade","Eros Massacre","Brutalismus 3000",2022-04-29,334645,0,false,ocifamtv1z7as35vkc29ko9m5,2024-03-04T22:18:58Z,"techno,hard techno,tekno,gabber,acid techno","Brutalismus Rec.",0.574,0.998,11,-4.487,0,0.105,0.000681,0.717,0.415,0.263,149.978,4
spotify:track:3r4S22VWkg8wTpLSicsQnQ,"K On My D + C","Mutual Pleasure 002","Partiboi69;Juicy Romance",2021-10-28,260475,46,true,ocifamtv1z7as35vkc29ko9m5,2024-03-04T22:23:25Z,"g-house,miami bass,hard house","Mutual Pleasure",0.692,0.872,0,-6.279,1,0.0624,0.0183,0.821,0.0927,0.97,154.988,4
spotify:track:6Cqo0qJSJlKinxjuflSr9H,"OMG","OMG","TNT;Technoboy;Tuneboy",2022-03-18,212891,52,false,ocifamtv1z7as35vkc29ko9m5,2024-03-04T23:03:27Z,"hardstyle,hard techno,hardcore techno,techno,frenchcore,hardcore","Dirty Workz",0.684,0.991,1,-3.694,1,0.257,0.013,0.00521,0.0818,0.191,154.941,4
spotify:track:1Mh1ThBFSAMShZaCkJMRXx,"Higher","Higher","CLAWZ",2023-10-20,361600,4,false,ocifamtv1z7as35vkc29ko9m5,2024-03-05T02:00:02Z,"hard techno","5244171 Records DK2",0.462,0.905,1,-6.917,1,0.1,0.00127,0.93,0.116,0.143,150.014,4
spotify:track:2hf1XXcGj3b2ixuKbbaAWT,"All Night Long","All Night Long","CLAWZ",2024-02-16,340800,5,true,ocifamtv1z7as35vkc29ko9m5,2024-03-05T02:04:13Z,"hard techno","5244171 Records DK2",0.642,0.975,4,-3.008,0,0.0976,0.00114,0.409,0.163,0.369,149.993,4
spotify:track:7m3voFyQJ9lhOTAB5JIBAW,"Time To Burn","Stormjunkie","Storm",2000,400693,46,false,ocifamtv1z7as35vkc29ko9m5,2024-03-05T04:29:02Z,"trance,hard house","Allstar Music",0.757,0.84,9,-6.377,1,0.0735,0.0000575,0.778,0.0551,0.712,142.005,4
spotify:track:1IWKbUnGPPW1QNyHPHH0eE,"Synchronicity","Synchronicity","Phenomenal;Meraki",2023-01-20,276521,10,false,ocifamtv1z7as35vkc29ko9m5,2024-03-09T01:12:07Z,"psytrance,progressive trance,trance","Odiva Records",0.822,0.882,11,-5.37,0,0.151,0.0213,0.754,0.182,0.555,137.968,4
spotify:track:2gMTwP5aqyBikVB8kM1Kkq,"Getting Started","Getting Started","JSTJR",2024-03-01,118285,34,false,ocifamtv1z7as35vkc29ko9m5,2024-03-12T23:46:18Z,"moombahton","Dim Mak Records",0.58,0.937,2,-4.772,1,0.044,0.000674,0.665,0.0876,0.236,140.023,4
spotify:track:31KsPoBWtNNUWvBreMsLZG,"Against The Wall","Against The Wall","1111;BIIANCO",2023-11-16,205061,39,false,ocifamtv1z7as35vkc29ko9m5,2024-03-13T20:34:18Z,"stutter house,uk garage,hard house","WUGD",0.651,0.983,3,-4.838,0,0.0402,0.0257,0.736,0.0747,0.618,139.975,4
spotify:track:2DRMcUhdCLMAlzraiejvJU,"Quarantine","Quarantine","4i20",2024-01-23,268356,17,false,ocifamtv1z7as35vkc29ko9m5,2024-03-14T01:05:10Z,"psytrance,trance,progressive trance","Alien Records",0.697,0.61,0,-9.975,1,0.0881,0.115,0.855,0.165,0.53,159.996,4
spotify:track:371jxNQQRYyrHPrGumFnuv,"Breathe in Breathe Out","High Vibration","Suntree",2015-07-20,441459,2,false,ocifamtv1z7as35vkc29ko9m5,2024-03-15T03:55:46Z,"psytrance,progressive trance,trance","Iboga Records",0.789,0.666,11,-8.256,0,0.0819,0.00589,0.559,0.0898,0.036,137.019,4
spotify:track:1jzOK40bsyXPN0S2AMunQU,"Portals of Perception","Portals of Perception","Zen Mechanics;Symbolic",2017-10-26,550588,33,false,ocifamtv1z7as35vkc29ko9m5,2024-03-20T01:42:47Z,"psytrance,progressive trance,trance","Sourcecode Transmissions",0.666,0.915,7,-7.42,1,0.0521,0.00208,0.825,0.205,0.0618,136.016,4
spotify:track:3Ue6hE5iICRReIuGIriiKN,"Stomping Ground - Edit","Paradise Engineering","Ace Ventura",2015-06-01,564795,10,false,ocifamtv1z7as35vkc29ko9m5,2024-03-22T20:52:06Z,"psytrance,progressive trance,trance","Move to Mutant Disco (moved 2025-02-27 09:51:27)",0.728,0.752,9,-7.437,1,0.0453,0.00015,0.875,0.0535,0.14,136.01,4
spotify:track:4EuGfUBBcJKuZ7acAxtzjX,"Popup","Speakers Corner","Day Din",2008-03-25,400746,10,false,ocifamtv1z7as35vkc29ko9m5,2024-03-22T21:47:47Z,"psytrance,progressive trance,trance","Spin Twist Records",0.747,0.757,11,-10.079,0,0.05,0.00227,0.892,0.146,0.515,140.023,4
spotify:track:5VSiGydJ65kVj43HGrm92p,"Shiva - Original Mix","The Fifth Dimension","Zyce;Morten Granau",2016-06-13,403478,26,false,ocifamtv1z7as35vkc29ko9m5,2024-03-22T21:54:53Z,"psytrance,progressive trance,trance","TesseracTstudio",0.457,0.649,11,-8.695,0,0.0938,0.00177,0.86,0.0944,0.0379,137.995,4
spotify:track:3Y9fRc7HNCIG268iSFKXKy,"Magnify","Magnify","Trip-Tamine",2023-01-16,162819,9,false,ocifamtv1z7as35vkc29ko9m5,2024-03-28T21:54:45Z,"psytrance,progressive trance","Blue Tunes Records",0.692,0.896,6,-5.686,0,0.0894,0.0755,0.59,0.208,0.308,145.06,4
spotify:track:2DocwFGdaTP0Lfy0rQrkTA,"Alone","Alone","Phenomenal;Cropley",2022-05-27,257142,21,false,ocifamtv1z7as35vkc29ko9m5,2024-03-26T01:16:25Z,"psytrance,progressive trance,trance","Odiva Records",0.716,0.655,11,-8.178,0,0.0399,0.0219,0.714,0.0955,0.255,140.009,4
spotify:track:3IVrlcM5gDoj3lghHY9m7I,"Satan Was A Babyboomer","Satan Was A Babyboomer","Brutalismus 3000",2021-04-16,427000,60,false,ocifamtv1z7as35vkc29ko9m5,2024-03-26T01:32:39Z,"techno,hard techno,tekno,gabber,acid techno","Durch",0.628,0.999,0,-6.841,1,0.0762,0.000297,0.854,0.0869,0.439,155.013,4
spotify:track:3CvSBUMcoWKvbxZV9F5yhM,"Disco Tech","Disco Tech","Fresh Drop;SPARKS",2022-11-03,257544,12,false,ocifamtv1z7as35vkc29ko9m5,2024-03-28T00:44:15Z,"psytrance,epadunk,progressive trance","Psyfeature",0.482,0.91,8,-5.431,1,0.144,0.00386,0.198,0.139,0.721,149.993,4
spotify:track:3CiNcBBr6LsQSoOFrobJyT,"Food and Water","Food and Water","Trip-Tamine;Souljo",2023-06-23,163866,19,false,ocifamtv1z7as35vkc29ko9m5,2024-03-28T02:11:14Z,"psytrance,progressive trance","Psyfeature",0.776,0.884,2,-6.083,1,0.0614,0.0262,0.162,0.346,0.7,150.043,4
spotify:track:3McrwOFYD7HcMBSV5fXjZ2,"Engwa","Eldarin","Alpherg",2020-10-09,143673,22,false,ocifamtv1z7as35vkc29ko9m5,2024-03-28T02:13:13Z,"psytrance","ENIVERSE RECORDS",0.476,0.973,9,-5.969,1,0.0489,0.00157,0.749,0.626,0.139,147.007,4
spotify:track:20BUTOKqPPhxSbtspXcE9s,"Voices","Daydreams","Fresh Drop;Trip-Tamine;Johnny Carrera",2021-10-29,341142,12,false,ocifamtv1z7as35vkc29ko9m5,2024-03-28T02:15:23Z,"psytrance,epadunk,progressive trance","Psyfeature",0.479,0.754,10,-7.32,0,0.122,0.0147,0.378,0.168,0.316,145.026,4
spotify:track:3MhowJ4EGfuUBmgsSwRcph,"Spirit Of India","Spirit Of India","Massivebass",2021-03-19,271448,18,false,ocifamtv1z7as35vkc29ko9m5,2024-03-28T02:25:02Z,"psytrance,progressive trance,trance","Psyfeature",0.515,0.949,1,-4.894,1,0.177,0.017,0.56,0.101,0.398,144.946,4
spotify:track:31MRsdXJBKX1GhlxxHfe43,"Reptilian Rhapsody","Minus Terminus","Braindrop",2017-02-28,420098,12,false,ocifamtv1z7as35vkc29ko9m5,2024-03-28T02:28:21Z,"psytrance","OmVeda Records",0.558,0.906,11,-8.28,0,0.0406,0.000213,0.836,0.272,0.448,152.007,4
spotify:track:2kp6AKfu0JauDqwqTBSSVP,"Aware","Aware","Symphonix",2021-09-10,234000,44,false,ocifamtv1z7as35vkc29ko9m5,2024-03-28T22:06:27Z,"psytrance,progressive trance,trance","Blue Tunes Records",0.823,0.75,2,-7.828,1,0.0643,0.0133,0.415,0.451,0.12,140.032,4
spotify:track:79WpVOZPBoqikNJB6w9m49,"Red Lambo","The Stolen Laptop EP","Trip-Tamine;Fresh Drop;Lil Umali;Brandon Hombre",2023-07-04,185988,12,false,ocifamtv1z7as35vkc29ko9m5,2024-03-28T22:17:10Z,"psytrance,progressive trance,epadunk","Psyfeature",0.704,0.89,6,-4.494,0,0.111,0.00218,0.344,0.0726,0.837,160.062,4
spotify:track:0LyfNbnOzyPNc8QG8UBkmp,"See The Light","See The Light","Neelix;Omiki",2021-10-22,224347,45,false,ocifamtv1z7as35vkc29ko9m5,2024-03-28T22:20:27Z,"psytrance,progressive trance,trance,melodic techno","Spin Twist Records",0.69,0.87,8,-6.008,0,0.0566,0.0116,0.0374,0.223,0.23,137.979,4
spotify:track:0P2sfcfRD0lWw4b8eXegmR,"Exploration of Space","Exploration of Space","Cosmic Gate",2001-01-19,216360,65,false,ocifamtv1z7as35vkc29ko9m5,2024-04-17T20:34:09Z,"trance,progressive trance","Wake Your Mind Records",0.631,0.912,9,-7.591,0,0.0362,0.0346,0.539,0.0729,0.329,138.043,4
spotify:track:3Wj2bla9BKs0tcbmpq1p71,"Fire Wire","Fire Wire","Cosmic Gate",2000-07-10,171973,51,false,ocifamtv1z7as35vkc29ko9m5,2024-04-17T20:38:40Z,"trance,progressive trance","Black Hole Recordings",0.602,0.99,3,-7.942,1,0.135,0.000901,0.638,0.256,0.0366,137.964,4
spotify:track:4nqSXv0ifd0rPpFR1kJUfj,"Not Enough Time 2.0","20 Years [Forward Ever Backward Never]","Cosmic Gate;Emma Hewitt",2019-08-23,270351,26,false,ocifamtv1z7as35vkc29ko9m5,2024-04-17T21:00:39Z,"trance,progressive trance","Black Hole Recordings",0.536,0.713,8,-7.506,0,0.066,0.0324,0.00528,0.241,0.233,128.039,4
spotify:track:6hzOjDaoqTElAb1ePRTprx,"Universal Love","MOSAIIK Chapter One","Cosmic Gate",2021-08-20,268956,17,false,ocifamtv1z7as35vkc29ko9m5,2024-04-17T21:13:17Z,"trance,progressive trance","Black Hole Recordings",0.556,0.94,9,-3.497,0,0.0686,0.0328,0.078,0.159,0.0997,128.002,4
spotify:track:12p3LJyuWdEh6bWFoc60Bk,"PARADISE","PARADISE","HI-LO;DANNY AVILA;Oliver Heldens",2024-02-16,163147,9,false,ocifamtv1z7as35vkc29ko9m5,2024-04-17T21:47:47Z,"techno,future house,house,acid techno","HILOMATIK",0.577,0.996,10,-3.603,0,0.0563,0.0133,0.896,0.184,0.203,133.011,4
spotify:track:0CbC4eX7xDIfQeWT6HxuBO,"We Live","We Live","Megara vs DJ Lee",2024-02-23,178765,40,false,ocifamtv1z7as35vkc29ko9m5,2024-04-17T21:51:45Z,"trance","Future Sequence",0.59,0.965,2,-6.249,1,0.0487,0.0000875,0.84,0.0992,0.174,138.032,4
spotify:track:4UiwWCmcwV0gbY9RqIQEgN,"The Void","The Void","nilsix;Orjan Nilsen;Mark Sixma",2023-08-11,154090,21,false,ocifamtv1z7as35vkc29ko9m5,2024-04-17T22:15:14Z,"trance,progressive trance,big room","Dreamstate",0.668,0.918,9,-5.805,1,0.0741,0.0173,0.762,0.275,0.0447,131.991,4
spotify:track:5oAyw9c4VvHaEdiAfLQobC,"Blade","Blade","DJ Kuba;Neitan;Bounce Inc.",2024-01-05,189926,66,false,ocifamtv1z7as35vkc29ko9m5,2024-04-17T22:25:19Z,"big room,bass house,melbourne bounce","Future House Music",0.625,0.991,10,-4.705,0,0.102,0.118,0.911,0.301,0.429,135.967,4
spotify:track:5Y2n6pW4Vqr4Mzkd9V4Uk8,"Ray Of Solar","Ray Of Solar","Swedish House Mafia",2023-08-04,241793,71,false,ocifamtv1z7as35vkc29ko9m5,2024-04-18T21:49:42Z,"edm","Swedish House Mafia",0.526,0.822,6,-5.137,0,0.0493,0.0324,0.00000618,0.143,0.0382,134.991,4
spotify:track:7hV8vZMezoQdSdvsi70Ioa,"Welcome To The Opera (with Grimes)","Genesys","Anyma;Grimes",2023-08-11,245280,51,false,ocifamtv1z7as35vkc29ko9m5,2024-04-17T23:41:14Z,"melodic techno,melodic house,techno,stutter house,art pop","Anyma/Afterlife/Interscope Records",0.49,0.913,5,-6.476,0,0.0513,0.00788,0.364,0.427,0.0466,124.985,4
spotify:track:2IkFYu5yQsH0eIt8vIk5To,"Sandstorm","Sandstorm","DJ Kuba;Neitan;Rudeejay",2023-03-31,205379,62,false,ocifamtv1z7as35vkc29ko9m5,2024-04-18T00:57:56Z,"big room,bass house","HEXAGON",0.722,0.979,4,-4.981,0,0.132,0.013,0.675,0.346,0.0792,134.993,4
spotify:track:3rHxDEn7iVyRy4POwGOUy9,"Winter (Classical Techno)","Winter (Classical Techno)","Ardo;Jake Alva",2024-01-05,144966,56,false,ocifamtv1z7as35vkc29ko9m5,2024-04-18T01:02:30Z,"","CHAPTER EIGHT",0.555,0.942,5,-3.755,0,0.126,0.0615,0.818,0.0793,0.177,149.544,4
spotify:track:4gKEyRKrJIl9ya7shKOUbs,"Misbehave","I Like My Techno / Misbehave","SAYMYNITTI;SAYMYNAME;NITTI",2023-09-01,188571,21,false,ocifamtv1z7as35vkc29ko9m5,2024-04-18T01:07:21Z,"bass house,dubstep,edm trap,g-house","Independent",0.689,0.939,7,-4.335,1,0.074,0.000501,0.00951,0.444,0.27,140.023,4
spotify:track:1WEFw9eoOYGRrH9T69C7dg,"S*x Dr*gs and Alcohol (feat. Indox)","S*x Dr*gs and Alcohol (feat. Indox)","DJ Kuba;Neitan;POLTERGST;INDOX",2023-02-03,178690,47,true,ocifamtv1z7as35vkc29ko9m5,2024-04-18T01:13:27Z,"big room,bass house,hypertechno,hard techno,techno,g-house","SINPHONY",0.749,0.943,0,-5.945,1,0.121,0.00552,0.769,0.66,0.462,125.983,4
spotify:track:5i9khhoOkeogB49q54KOIz,"Human","Human","Hardwell;Machine Made",2023-09-01,245413,38,false,ocifamtv1z7as35vkc29ko9m5,2024-04-18T01:29:52Z,"big room,edm,progressive house,electronica","Revealed Recordings",0.623,0.952,7,-4.516,1,0.259,0.00131,0.0696,0.127,0.0374,133.018,4
spotify:track:22bTukupwvCWePqS9aGhTb,"You Want This","You Want This","Stan Christ;Nevlin",2023-10-20,268461,38,false,ocifamtv1z7as35vkc29ko9m5,2024-04-18T01:44:08Z,"hard techno,acid techno,techno,tekno,hardcore techno,big room","Revised Records",0.464,0.99,10,-5.885,0,0.0577,0.0000579,0.872,0.129,0.547,155.948,4
spotify:track:6I5ZhfP8V1yPX0P5NqqhY9,"The Truth 2.0","The Truth 2.0","Cosmic Gate",2023-10-13,215217,31,false,ocifamtv1z7as35vkc29ko9m5,2024-04-18T01:51:18Z,"trance,progressive trance","Wake Your Mind Records",0.629,0.961,6,-6.219,0,0.143,0.0823,0.788,0.473,0.0446,129.982,4
spotify:track:6YX1D15Xj6SN5jq96ecU2A,"Obsolesence - Commercial 2 Mix","Obsolesence - Alternative Mixes","Dyn Taylor",2022-04-09,62535,13,false,ocifamtv1z7as35vkc29ko9m5,2024-04-19T01:05:30Z,"trance,christian edm","Initiator Soundworx",0.46,0.997,7,-6.069,1,0.104,0.0000574,0.828,0.233,0.274,141.954,4
spotify:track:3gjzzTUk8zki3CM71FsS61,"Attention - HYPERTECHNO","Attention - HYPERTECHNO","SinTrip",2024-01-04,97714,18,false,ocifamtv1z7as35vkc29ko9m5,2024-04-19T01:05:38Z,"hypertechno","Tikraudona",0.706,0.853,11,-8.811,0,0.0552,0.00137,0.749,0.181,0.731,139.991,4
spotify:track:2cFrmAIVMaPvlIh0PSeKIW,"Elation - Commercial Mix 2","Elation Edits EP","R:EVOLVE",2020-05-08,61371,1,false,ocifamtv1z7as35vkc29ko9m5,2024-04-19T01:05:44Z,"happy hardcore","Initiator Soundworx",0.369,0.99,7,-5.426,1,0.0497,0.00317,0.878,0.4,0.615,174.935,4
spotify:track:6CmRmBxBH4lqYwjJZigQZm,"Psytrance For Serum Volume 1","Psytrance For Serum Volume 1","DNBN",2023-10-05,142400,0,false,ocifamtv1z7as35vkc29ko9m5,2024-04-19T01:05:52Z,"psytrance,coupé décalé","Speedsound",0.664,0.995,11,-4.136,0,0.0723,0.00001,0.881,0.131,0.519,75.075,4
spotify:track:0eBl0MzcliYP16l6C6ivoj,"RAVEYARD","AFTERLIFE","GRAVEDGR;CLAWZ",2023-11-03,268800,19,false,ocifamtv1z7as35vkc29ko9m5,2024-04-19T01:06:00Z,"hard techno","GRAVEDGR MUSIC",0.86,0.99,7,-5.415,1,0.149,0.00394,0.866,0.105,0.202,150.012,4
spotify:track:3FToS5Zfsze0To2GMI6Z3n,"Travel to La","Travel to La","POIZZONED",2024-02-23,176456,0,false,ocifamtv1z7as35vkc29ko9m5,2024-04-19T01:06:06Z,"big room","Madox Network",0.595,0.992,11,-2.785,0,0.112,0.00524,0.313,0.324,0.0933,144.949,4
spotify:track:5uCDT4tOgBQF4dI5M1ID0M,"Shine - Mixed - Andy Whitby Edit","In An Ideal World 2","Audox;Djay D;Nathalie;Andy Whitby",2013-05-27,64453,1,false,ocifamtv1z7as35vkc29ko9m5,2024-04-19T01:06:13Z,"hard house,fado,bounce,happy hardcore","IDEAL",0.735,0.983,6,-3.151,0,0.0758,0.00000659,0.78,0.0868,0.966,149.016,4
spotify:track:3QZgAFUdDBL75qNQx3YsVG,"The Collective","Pack","Morten Granau;Phaxe",2015-08-14,501304,46,false,ocifamtv1z7as35vkc29ko9m5,2024-04-21T22:43:55Z,"psytrance,progressive trance,trance","Spin Twist Records",0.84,0.723,7,-6.019,1,0.048,0.00794,0.787,0.129,0.198,136.991,4
spotify:track:7fAj8fY9FI4s3M81GwhwpM,"Varanasi - Original Mix","Varanasi","Kalki",2016-10-06,382608,34,false,ocifamtv1z7as35vkc29ko9m5,2024-04-21T22:47:55Z,"psytrance,progressive trance,trance","NBM Records",0.464,0.829,7,-6.526,1,0.0603,0.00106,0.823,0.085,0.131,138.015,4
spotify:track:79FU4iTJ5uzeXz4LxOYzHd,"Trap Check (Interactive Noise Remix)","Memories","Vaishiyas;Interactive Noise",2013-05-16,392888,7,false,ocifamtv1z7as35vkc29ko9m5,2024-04-27T02:47:59Z,"progressive trance,psytrance,trance","Spin Twist Records",0.779,0.62,1,-7.729,1,0.065,0.0134,0.845,0.329,0.0927,138.017,4
spotify:track:6vaW84gyLpB3kNBVgDbgDr,"Sonic Masala","Sacred Circuits, Vol.1","Zentura",2013-12-23,560960,32,false,ocifamtv1z7as35vkc29ko9m5,2024-04-27T02:51:50Z,"psytrance,progressive trance,trance","Sourcecode Transmissions",0.7,0.901,11,-7.412,0,0.0463,0.000178,0.793,0.145,0.0797,137.007,4
spotify:track:79DL7ItVmwAp5UjOXBsxtG,"Expect What","Nerd - Single","Neelix",2011-03-07,492353,37,false,ocifamtv1z7as35vkc29ko9m5,2024-04-28T21:27:54Z,"psytrance,progressive trance,trance","Spin Twist Records",0.88,0.719,1,-7.488,1,0.0961,0.0135,0.607,0.276,0.278,136.004,4
spotify:track:4Tg67JEaqRDPKBhTkhkezQ,"Human","Human","Neelix",2015-02-17,477372,28,false,ocifamtv1z7as35vkc29ko9m5,2024-04-28T21:34:58Z,"psytrance,progressive trance,trance","Spin Twist Records",0.755,0.628,3,-7.25,0,0.0585,0.00181,0.571,0.0676,0.274,136.997,4
spotify:track:2x1GoZKREbFkQJ8FUaz3Lc,"Lost","Lost","Phaxe;Morten Granau",2017-06-30,560242,49,false,ocifamtv1z7as35vkc29ko9m5,2024-04-28T22:28:40Z,"psytrance,progressive trance,trance","432 Records",0.745,0.726,6,-7.816,0,0.044,0.0706,0.868,0.0731,0.259,135,4
spotify:track:3nwUX7DkMuGPcuHrOXN5VM,"The Tribe","Future Classics","Vini Vici",2015-04-27,467826,48,false,ocifamtv1z7as35vkc29ko9m5,2024-04-28T22:38:58Z,"psytrance,trance","Iboga Records",0.675,0.954,6,-6.423,0,0.127,0.00603,0.464,0.115,0.204,138.017,4
spotify:track:224rpVLXgdrfEL0uf76ZNg,"Makeup (feat. Caroline Harrison)","Reflect","Neelix;Caroline Harrison",2015-10-16,516253,43,false,ocifamtv1z7as35vkc29ko9m5,2024-04-29T00:25:59Z,"psytrance,progressive trance,trance","Spin Twist Records",0.732,0.607,6,-9.933,0,0.0483,0.00494,0.794,0.0833,0.194,138.021,4
spotify:track:1DZCUAimghmegaMeFG617V,"Elipsy","Caixa Magica","Vegas (Brazil)",2019-01-22,402110,40,false,ocifamtv1z7as35vkc29ko9m5,2024-04-29T00:34:09Z,"psytrance,trance,progressive trance,electronic","Alien Records",0.641,0.832,10,-7.476,1,0.0823,0.00136,0.74,0.582,0.0329,137.999,4
spotify:track:3chMdY4pJey3LA3q23Co3L,"You","You","Neelix",2018-11-16,272608,47,false,ocifamtv1z7as35vkc29ko9m5,2024-04-29T00:40:35Z,"psytrance,progressive trance,trance","Spin Twist Records",0.752,0.741,10,-7.835,0,0.0467,0.0965,0.662,0.16,0.212,138.025,4
spotify:track:4kHAdiSNZO6kfd9t0OaKQv,"The Collective","The Collective","Phaxe;Morten Granau",2014-12-29,501304,41,false,ocifamtv1z7as35vkc29ko9m5,2024-04-29T00:45:05Z,"psytrance,progressive trance,trance","432 Records",0.84,0.723,7,-6.019,1,0.048,0.00799,0.79,0.129,0.198,136.991,4
spotify:track:4aTxLz00W4Gd5kWwZlyazJ,"Down - Vini Vici, Vegas Remix","Down (Vini Vici, Vegas Remix)","illusionize;Vini Vici;Vegas (Brazil)",2022-04-22,178762,10,false,ocifamtv1z7as35vkc29ko9m5,2024-04-29T00:53:13Z,"brazilian bass,electronic,g-house,electro,psytrance,trance,progressive trance","Elevation",0.734,0.752,4,-7.097,1,0.169,0.0409,0.409,0.0758,0.0409,139.934,4
spotify:track:20LfHBGbeR5rCfdveTuuPU,"The Last Kiss","The Last Kiss","Querox",2014-11-19,441213,34,false,ocifamtv1z7as35vkc29ko9m5,2024-04-29T00:56:44Z,"psytrance,progressive trance,trance","Prog On Syndicate",0.841,0.63,6,-8.158,0,0.0428,0.00588,0.847,0.104,0.0787,138.032,4
spotify:track:4GiYbz5Z8lS93F7zqXO4SC,"7 Seas","7 Seas","Phaxe;Morten Granau",2015-09-15,508444,38,false,ocifamtv1z7as35vkc29ko9m5,2024-04-29T01:04:30Z,"psytrance,progressive trance,trance","432 Records",0.427,0.812,11,-7.335,0,0.0622,0.00252,0.855,0.11,0.0388,101.246,1
spotify:track:4P37PI8hE5xCrhXOx00OzY,"Hi-Psy","Hi-Psy","Khardiac",2019-03-01,351549,30,false,ocifamtv1z7as35vkc29ko9m5,2024-05-03T15:47:30Z,"psytrance","Spin Twist Records",0.665,0.928,11,-6.035,0,0.0646,0.00105,0.756,0.534,0.169,142.001,4
spotify:track:057ud3gUiKPOJ6CY696J4I,"Frequency - Aura Vortex Remix","Frequency (Aura Vortex Remix)","Day Din;Coming Soon!!!;Aura Vortex",2019-05-03,435428,31,false,ocifamtv1z7as35vkc29ko9m5,2024-05-03T16:46:47Z,"psytrance,progressive trance,trance","Spin Twist Records",0.623,0.942,11,-4.459,0,0.0629,0.00386,0.514,0.0885,0.632,140.028,4
spotify:track:6t9vHC9BQGHepSmOsKUsxx,"Trip-Tamine FM","Trip-Tamine FM","Trip-Tamine;Lil Umali",2023-06-30,193345,21,true,ocifamtv1z7as35vkc29ko9m5,2024-05-03T17:21:08Z,"psytrance,progressive trance","Psyfeature",0.768,0.863,7,-5.564,0,0.184,0.0248,0.016,0.207,0.791,149.978,4
spotify:track:2h4zp76tI5Sbl3BNspNBuG,"Bad Girls","Bad Girls","Nicolas Julian",2024-02-23,121755,63,true,ocifamtv1z7as35vkc29ko9m5,2024-05-03T17:33:39Z,"hard techno,techno,hypertechno,tekno","Columbia/B1 Recordings",0.623,0.96,6,-5.663,1,0.0561,0.0163,0.0834,0.171,0.737,154.05,4
spotify:track:4f0iBQ5iXyjx0iZOmdq430,"i like the way you kiss me","Night Drive 2024","Valexus",2024-04-11,133770,0,false,ocifamtv1z7as35vkc29ko9m5,2024-05-03T17:58:40Z,"hypertechno,techno","UME - Global Clearing House",0.533,0.827,11,-6.547,1,0.294,0.187,0.365,0.424,0.487,161.129,4
spotify:track:30zNHIPFqqlWC6BZFTmfx6,"Just a Vision","Be Who You Are","Fabio Fusco;Moon;Nok",2015-04-28,437956,36,false,ocifamtv1z7as35vkc29ko9m5,2024-05-03T19:44:04Z,"psytrance,progressive trance,trance","Spin Twist Records",0.807,0.714,9,-7.276,0,0.0907,0.088,0.389,0.15,0.303,137.022,4
spotify:track:701Y3VMDHgqWXMTKXn6Yyh,"Pranava","Paradise Engineering","Ace Ventura;Astrix",2015-06-01,584347,37,false,ocifamtv1z7as35vkc29ko9m5,2024-05-06T01:02:52Z,"psytrance,progressive trance,trance","Move to Mutant Disco (moved 2025-02-27 09:51:27)",0.736,0.906,7,-8.894,1,0.0417,0.000632,0.863,0.0931,0.0431,137.991,4
spotify:track:4O2aXmlSTe1Ykrf6I1ZX6a,"Collision Course","Collision Course","Mr. Nobody;SIDETRKT",2023-03-24,299154,17,false,ocifamtv1z7as35vkc29ko9m5,2024-05-11T23:41:29Z,"psytrance,progressive trance","Psyfeature",0.746,0.709,11,-7.505,1,0.0517,0.00383,0.296,0.0998,0.413,142.009,4
spotify:track:1bVAr8MMfIX5RZ1SGPYaXu,"Imaginarium","Imaginarium","Aura Vortex",2018-05-03,493612,41,false,ocifamtv1z7as35vkc29ko9m5,2024-05-12T00:02:26Z,"psytrance,trance,progressive trance","Alien Records",0.629,0.945,5,-6.845,0,0.0506,0.00233,0.846,0.174,0.443,145.008,4
spotify:track:3aVmAhzZYBg5erHyO35t2P,"Activation - Original Mix","Activation","Aura Vortex",2016-07-08,340481,34,false,ocifamtv1z7as35vkc29ko9m5,2024-05-12T00:44:32Z,"psytrance,trance,progressive trance","Alien Records",0.761,0.887,5,-6.969,1,0.0741,0.00467,0.853,0.185,0.0448,140.007,4
spotify:track:16wyRZksjGSu844VfE0nvp,"Incendiu","Incendiu","Memento Mori;ABYMUSIC",2024-04-26,197837,20,false,ocifamtv1z7as35vkc29ko9m5,2024-05-14T22:02:30Z,"psytrance,progressive trance","Psyfeature",0.647,0.822,0,-5.57,0,0.0492,0.0108,0.415,0.3,0.288,147.988,4
spotify:track:01N7lu1TVTJKuCwyRe8h7y,"Guacamole","The Stolen Laptop EP","Trip-Tamine;Wavers",2023-07-04,216732,8,false,ocifamtv1z7as35vkc29ko9m5,2024-05-14T22:12:09Z,"psytrance,progressive trance","Psyfeature",0.817,0.815,5,-5.974,1,0.0548,0.00229,0.701,0.154,0.238,140.046,4
spotify:track:6an8uXqZOy3jCkbLkyMzL0,"Life Without You","The Stolen Laptop EP","Trip-Tamine;ALY",2023-07-04,193722,3,false,ocifamtv1z7as35vkc29ko9m5,2024-05-14T22:25:45Z,"psytrance,progressive trance","Psyfeature",0.738,0.921,0,-4.732,1,0.0506,0.138,0.00267,0.0947,0.48,135.05,4
spotify:track:1cQld05IcUDw3RCFt7uymW,"Be The One","Be The One","Eli Brown",2023-03-31,169852,69,false,ocifamtv1z7as35vkc29ko9m5,2024-05-17T21:34:48Z,"techno,tech house","Polydor Records",0.651,0.932,0,-5.074,1,0.0419,0.0053,0.156,0.104,0.578,135.98,4
spotify:track:0w7JPlp7eEQI2EKW3ayXrv,"Drugs From Amsterdam","Drugs From Amsterdam","Mau P",2022-09-16,235785,72,false,ocifamtv1z7as35vkc29ko9m5,2024-05-17T21:58:14Z,"tech house,house","Island Records UK / Republic Records / Virgin Records Germany",0.686,0.928,8,-10.38,1,0.0527,0.0316,0.727,0.0576,0.631,124.986,4
spotify:track:3ISGuCWoRZ3XO0NKHnSisk,"The Riot - Ex-Echo Remix","The Riot (Ex-Echo Remix)","La P'tite Fumée;Ex-Echo",2020-04-13,278068,12,false,ocifamtv1z7as35vkc29ko9m5,2024-05-18T04:18:33Z,"psytrance,tekno,frenchcore,dub","ODGprod",0.653,0.794,11,-8.903,0,0.0375,0.0994,0.828,0.499,0.343,145.015,4
spotify:track:23P8CwZDn4PAChiDBabSli,"Breaking Dread","Breaking Dread","Day Din",2013-08-15,406956,37,false,ocifamtv1z7as35vkc29ko9m5,2024-05-18T05:53:19Z,"psytrance,progressive trance,trance","Spin Twist Records",0.894,0.633,11,-5.884,0,0.0796,0.0514,0.41,0.111,0.162,138.013,4
spotify:track:40jqRY00ZBurt1HqDxUOt3,"The Action","The Action","AHEE;Sømething",2022-01-19,193200,47,false,ocifamtv1z7as35vkc29ko9m5,2024-05-22T23:57:12Z,"dubstep,bass music,riddim","Jadu Dala",0.742,0.796,1,-3.613,1,0.117,0.000715,0.00267,0.0956,0.349,100.014,4
spotify:track:6RfJ36FxithGj2P3bfbG1L,"Oh Dang!","Oh Dang!","Big Gigantic;AHEE",2023-09-15,209400,35,false,ocifamtv1z7as35vkc29ko9m5,2024-05-23T00:25:01Z,"dubstep,bass music,riddim","Big Gigantic",0.72,0.933,9,-1.721,1,0.0737,0.00566,0.647,0.28,0.499,100.011,4
spotify:track:7v4R4M4cIMFFL6ucS8XWut,"Brain Rot","Brain Rot","AHEE",2023-07-14,179200,0,false,ocifamtv1z7as35vkc29ko9m5,2024-05-23T00:25:22Z,"dubstep,bass music,riddim","Zot Records",0.733,0.927,8,-1.343,0,0.274,0.0363,0.0000011,0.296,0.478,150.069,4
spotify:track:1SXYPwfKdhCRY5qxVkKjRR,"Masta Blasta","Masta Blasta","SoDown;AHEE",2023-10-06,185806,0,false,ocifamtv1z7as35vkc29ko9m5,2024-05-23T00:25:35Z,"dubstep,bass music,riddim","GetDown Records",0.707,0.932,4,-1.921,0,0.0653,0.00896,0.0913,0.121,0.547,93.002,4
spotify:track:1uERX47JXktI8KRHwoX1KS,"Don't Hurt Me Baby - Rave Trax Remix","Don't Hurt Me Baby (Rave Trax Remix)","Airwolf Paradise;Rave Trax",2022-09-09,145767,24,false,ocifamtv1z7as35vkc29ko9m5,2024-05-23T00:42:12Z,"hard house","Ministry of Sound Recordings",0.797,0.836,10,-5.67,0,0.0725,0.00521,0.727,0.0611,0.69,140.043,4
spotify:track:25uZKvn1VKwyh7fjK0qzJ9,"Overdose","Overdose","Trip-Tamine;Fresh Drop",2024-05-17,246620,15,false,ocifamtv1z7as35vkc29ko9m5,2024-05-23T01:15:01Z,"psytrance,progressive trance,epadunk","Psyfeature",0.76,0.881,0,-6.767,1,0.122,0.0304,0.267,0.0985,0.79,145.029,4
spotify:track:00riDefAZtkneHuzW3Yh51,"Divine Moments of Truth - LOUD & Astrix Remix","Remixes (Others)","Shpongle;Loud;Astrix",2021-01-01,600410,22,false,ocifamtv1z7as35vkc29ko9m5,2024-05-25T00:31:50Z,"psytrance,downtempo,progressive trance,trance","Iboga Records",0.454,0.766,10,-6.856,0,0.0564,0.0194,0.433,0.366,0.0386,140.008,4
spotify:track:5KFDbNDYTSzxL2vdcEOPxu,"Dreamcatcher - Khurt Remix","Dreamcatcher Remixes 1","Shpongle;Gunslinger;Khurt",2014-09-08,233001,15,false,ocifamtv1z7as35vkc29ko9m5,2024-05-25T01:06:11Z,"psytrance,downtempo,glitch,drumstep","Adapted Records",0.51,0.959,6,-4.068,0,0.065,0.0116,0.716,0.371,0.171,170.025,4
spotify:track:4VwXCvFS1ogjSWKgClcHwa,"Rainbow Funk","Rainbow Funk","AHEE;ProbCause",2024-02-07,160800,45,false,ocifamtv1z7as35vkc29ko9m5,2024-05-25T03:09:19Z,"dubstep,bass music,riddim","Jadu Dala",0.732,0.909,2,-2.219,1,0.0611,0.002,0.00383,0.187,0.367,100.012,4
spotify:track:3qwO8f80NXDsC1QwDxxnT3,"Bass Ritual","Alien Alchemy","AHEE",2022-11-11,122482,28,false,ocifamtv1z7as35vkc29ko9m5,2024-05-25T03:21:28Z,"dubstep,bass music,riddim","Bassrush Records",0.604,0.733,11,-4.27,1,0.138,0.0638,0.00288,0.707,0.354,145.025,4
spotify:track:7Kw4WVktg9vCA0jCwF8GSs,"Psycho Soul","Alien Alchemy","AHEE",2022-11-11,156800,32,false,ocifamtv1z7as35vkc29ko9m5,2024-05-25T03:22:49Z,"dubstep,bass music,riddim","Bassrush Records",0.494,0.993,5,-2.775,0,0.176,0.00309,0.338,0.498,0.277,149.923,4
spotify:track:5aOX7PvuigO8bJVNP7wfgV,"I Feel It","I Feel It","AHEE;Defunk",2020-08-25,233924,0,false,ocifamtv1z7as35vkc29ko9m5,2024-05-25T03:37:11Z,"dubstep,bass music,riddim,glitch","Circus Records",0.562,0.955,2,-4.13,1,0.0503,0.000164,0.748,0.277,0.239,158.006,4
spotify:track:2HQ3MLAqxsKbSddsQIeaCC,"Beck","Beck","Kova",2022-07-18,212957,32,false,ocifamtv1z7as35vkc29ko9m5,2024-05-26T19:00:47Z,"psytrance,progressive trance,trance","Psyfeature",0.683,0.844,10,-6.171,0,0.0496,0.00172,0.773,0.202,0.161,142.046,4
spotify:track:6xfZH1tbq8sQTQOTJOtUoy,"Liquid Hook - Original Mix","Human Design","Captain Hook;Liquid Soul",2011-12-13,469891,47,false,ocifamtv1z7as35vkc29ko9m5,2024-05-27T02:48:17Z,"psytrance,progressive trance,trance","Iboga Trance",0.736,0.877,6,-8.97,0,0.0532,0.000832,0.792,0.589,0.0357,135.008,4
spotify:track:37awGHN1SN09hLReFRZWFO,"Imaginary Friends","The Collection","UnderCover",2020-07-19,430950,33,false,ocifamtv1z7as35vkc29ko9m5,2024-05-30T02:00:08Z,"psytrance,trance,progressive trance","UnderCover",0.568,0.842,2,-7.893,1,0.0607,0.013,0.823,0.0943,0.198,145.026,4
spotify:track:148KyQbBQnbJkx1uCki02A,"Monks","Aurora","Berg",2016-03-28,377391,32,false,ocifamtv1z7as35vkc29ko9m5,2024-05-30T02:10:31Z,"psytrance,trance,progressive trance","Blue Tunes Records",0.644,0.899,1,-6.888,1,0.0514,0.00228,0.8,0.217,0.225,138.033,4
spotify:track:3vwrN7FK48YoW5woKVJxQK,"It's Here","Future Classics","Vini Vici;Major7",2015-04-27,469489,34,false,ocifamtv1z7as35vkc29ko9m5,2024-05-30T02:34:25Z,"psytrance,trance,progressive trance","Iboga Records",0.636,0.814,11,-7.327,1,0.119,0.00135,0.872,0.336,0.0363,136.975,4
spotify:track:4K6cLLpCAIsDzFlBycfkde,"My Trip To Fantasy - Mandragora Remix","La Españolita","Sesto Sento",2015-06-05,321176,43,false,ocifamtv1z7as35vkc29ko9m5,2024-05-31T14:35:26Z,"psytrance,trance,progressive trance","Alien Records",0.718,0.583,10,-8.11,1,0.0503,0.0162,0.858,0.261,0.438,136.003,4
spotify:track:6Hy6Az0d1SFPAtN8iBZiIs,"Safari","Safari","Omiki;TERRA",2023-07-14,370563,50,false,ocifamtv1z7as35vkc29ko9m5,2024-05-31T15:00:36Z,"psytrance,trance,progressive trance,melodic techno","SFR Records",0.56,0.924,11,-5.915,0,0.0458,0.00806,0.0339,0.156,0.478,142.062,4
spotify:track:2GTdWs1AI2Lnead6OtsEiz,"Voodoo","The Nine Stories","Interactive Noise",2016-04-08,330900,34,false,ocifamtv1z7as35vkc29ko9m5,2024-05-31T15:49:04Z,"psytrance,progressive trance,trance","Spin Twist Records",0.725,0.909,11,-7.507,1,0.0779,0.133,0.542,0.175,0.0883,100.03,4
spotify:track:6Rc5E1q0q1wF0XWkUrnXJv,"Sun Is Coming","Sun Is Coming","Sajanka",2018-07-05,385012,55,false,ocifamtv1z7as35vkc29ko9m5,2024-05-31T16:44:39Z,"psytrance,trance","Najara Records",0.614,0.755,6,-6.147,1,0.0584,0.00819,0.652,0.268,0.182,149.917,4
spotify:track:7dnh1rdxUZU8XUr1tvH4k8,"Malfunction","Malfunction","Talpa",2020-04-13,318000,35,false,ocifamtv1z7as35vkc29ko9m5,2024-05-31T16:52:58Z,"psytrance,progressive trance,trance","TesseracTstudio",0.821,0.79,7,-7.43,1,0.0978,0.159,0.845,0.0878,0.0696,139.991,4
spotify:track:1dUgFs5yQu8zqpJIscRuc4,"Will Never End - Earthspace Remix","Will Never End (Earthspace Remix)","Headroom (SA);Earthspace",2023-02-24,417272,13,false,ocifamtv1z7as35vkc29ko9m5,2024-05-31T16:56:27Z,"psytrance,progressive trance,trance","Nano Records",0.578,0.904,10,-6.646,0,0.0501,0.00831,0.523,0.353,0.497,143.035,4
spotify:track:10VoFzHDIMGqWIR8rqYFRd,"Liquid Hook - Interactive Noise Remix","Part of the Dream (Compilation by Liquid Soul)","Liquid Soul;Captain Hook;Interactive Noise",2018-11-09,413142,40,false,ocifamtv1z7as35vkc29ko9m5,2024-05-31T17:22:48Z,"psytrance,progressive trance,trance","Dreamstate",0.751,0.868,11,-8.369,0,0.101,0.098,0.9,0.0937,0.0892,138.021,4
spotify:track:3oMMc8zlJUqQjSgIWPqvKR,"Purple Control","Global Tribes","Sajanka;Barsha",2017-03-23,415016,40,false,ocifamtv1z7as35vkc29ko9m5,2024-05-31T17:51:00Z,"psytrance,trance","Najara Records",0.647,0.942,4,-6.441,0,0.0877,0.213,0.811,0.114,0.369,150.006,4
spotify:track:51jwJt0AOoHRerPrzv0NHy,"Shivaya","Shivaya","Omiki;Melicia",2018-09-21,286285,40,false,ocifamtv1z7as35vkc29ko9m5,2024-05-31T19:01:53Z,"psytrance,trance,progressive trance,melodic techno","Spin Twist Records",0.519,0.945,7,-5.289,1,0.0808,0.0392,0.288,0.217,0.136,140.017,4
spotify:track:7glUdHk3PMaHvuXg5OV337,"Bayaka","Aurora","Berg",2016-03-28,420869,47,false,ocifamtv1z7as35vkc29ko9m5,2024-05-31T19:20:31Z,"psytrance,trance,progressive trance","Blue Tunes Records",0.689,0.867,11,-7.35,0,0.0814,0.00765,0.348,0.338,0.369,138.023,4
spotify:track:7LyIAXRCICkY7gkAVUHPg6,"Perfect Psychopath","Artist Pack","Talpa",2018-03-08,391375,29,false,ocifamtv1z7as35vkc29ko9m5,2024-05-31T19:34:38Z,"psytrance,progressive trance,trance","TesseracTstudio",0.666,0.726,7,-9.8,1,0.038,0.0575,0.883,0.635,0.209,138.003,4
spotify:track:1qw6GXZK16tGAjn1I9kUt0,"16Bit Masterchef - Original mix","Acid Trip Advisor","Headroom (SA)",2022-02-04,390857,29,false,ocifamtv1z7as35vkc29ko9m5,2024-05-31T19:39:43Z,"psytrance,progressive trance,trance","Iboga Records",0.776,0.853,11,-6.282,0,0.0661,0.00105,0.737,0.128,0.802,140.024,4
spotify:track:5H0ZNJqdJOQlkuEZ7HFItU,"Low Dive","CONVOY","Esseks",2018-04-20,125644,43,false,ocifamtv1z7as35vkc29ko9m5,2024-06-02T20:37:36Z,"bass music,dubstep","Wakaan",0.752,0.794,1,-3.148,1,0.0719,0.00417,0.75,0.0633,0.667,150.108,4
spotify:track:6dI8srTjfaJi3lwW9KhhT9,"Vilya","Eldarin","Alpherg",2020-10-09,149142,19,false,ocifamtv1z7as35vkc29ko9m5,2024-06-14T19:09:06Z,"psytrance","ENIVERSE RECORDS",0.617,0.875,11,-6.063,0,0.0401,0.00593,0.599,0.497,0.271,140.023,4
spotify:track:6YlRHRqw2cHWmHLaoIOhXt,"Funkystein","Funkystein","4i20;Cosmic Energy;L3AF",2024-03-07,322285,16,false,ocifamtv1z7as35vkc29ko9m5,2024-06-14T19:29:01Z,"psytrance,trance,progressive trance","Alien Records",0.73,0.841,1,-7.761,1,0.0687,0.171,0.84,0.124,0.608,140.005,4
spotify:track:0265ZKjpIidKZsuXXlId44,"Surga","Surga","Memento Mori",2024-01-12,241655,15,false,ocifamtv1z7as35vkc29ko9m5,2024-06-14T19:33:33Z,"psytrance","Psyfeature",0.646,0.918,4,-5.083,0,0.0445,0.05,0.812,0.145,0.621,145.008,4
spotify:track:0z8rPkXBERqKJoMfjGAGAB,"Baubillious","Alea Iacta Est","Dexter Jexxster",2020-10-23,159428,17,false,ocifamtv1z7as35vkc29ko9m5,2024-06-14T19:56:35Z,"psytrance,progressive trance","ENIVERSE RECORDS",0.508,0.944,1,-6.542,1,0.0409,0.000418,0.911,0.11,0.04,140.03,4
spotify:track:7IlJI45xK6DAvocP176r1r,"Bangkok Slime","Unreal Scapes","Johnny Carrera;Journey7",2021-08-13,276000,5,false,ocifamtv1z7as35vkc29ko9m5,2024-06-14T20:00:48Z,"psytrance,progressive trance","Psyfeature",0.643,0.713,5,-7.963,0,0.0652,0.00374,0.724,0.256,0.336,144.005,3
spotify:track:3TMGYHQgAu9zKu69vsMHeK,"Blaze It","Blaze It","Trip-Tamine;Brandon Hombre;Johnny Carrera",2023-12-15,252227,12,false,ocifamtv1z7as35vkc29ko9m5,2024-06-14T20:05:41Z,"psytrance,progressive trance","Psyfeature",0.772,0.962,4,-2.913,0,0.252,0.00704,0.143,0.154,0.397,140.026,4
spotify:track:6IovGqVrBSjJJPvFbnBcOt,"End Of The Day","Unreal Scapes","Johnny Carrera;Trip-Tamine",2021-08-13,229500,14,false,ocifamtv1z7as35vkc29ko9m5,2024-06-14T20:19:28Z,"psytrance,progressive trance","Psyfeature",0.466,0.741,3,-8.79,0,0.0945,0.012,0.296,0.136,0.32,139.007,4
spotify:track:4hRaw9fxEIcvAtD9MawH0j,"Trusted You","Trusted You","Memento Mori;Trip-Tamine",2022-11-24,230000,18,false,ocifamtv1z7as35vkc29ko9m5,2024-06-14T20:31:51Z,"psytrance,progressive trance","Psyfeature",0.709,0.823,8,-7.618,1,0.0738,0.0223,0.211,0.131,0.259,150.035,4
spotify:track:3wY0DLyit5UboF17RzhaTw,"Smooth Operator","Smooth Operator","Trip-Tamine;Phenomenal;Brandon Hombre",2022-09-02,263218,18,false,ocifamtv1z7as35vkc29ko9m5,2024-06-14T20:52:52Z,"psytrance,progressive trance,trance","Psyfeature",0.739,0.865,9,-5.391,0,0.0795,0.0499,0.246,0.194,0.174,144.995,4
spotify:track:2V51adnNyvqWnKLzgbvNfk,"Bad Boy Sound","Bad Boy Sound","Massivebass",2024-03-22,252705,16,false,ocifamtv1z7as35vkc29ko9m5,2024-06-14T21:17:13Z,"psytrance,progressive trance,trance","Psyfeature",0.648,0.853,7,-5.477,1,0.0696,0.00786,0.0646,0.354,0.322,170.011,4
spotify:track:5kWP4e5fWzq3zw3jg4JAcn,"HIPPIE","HIPPIE","Tony Junior",2024-02-23,148000,15,false,ocifamtv1z7as35vkc29ko9m5,2024-06-20T22:01:41Z,"big room,hardstyle","Revealed Recordings",0.7,0.999,11,-2.554,0,0.176,0.0022,0.806,0.0615,0.315,150.083,4
spotify:track:394fdFnhTJ4JJ0gWx7touO,"Memento Mori","Memento Mori","KATSITTR",2023-10-05,198041,4,false,ocifamtv1z7as35vkc29ko9m5,2024-06-20T22:03:03Z,"acid techno","In Poor Taste Records",0.692,0.987,1,-6.212,1,0.0817,0.116,0.867,0.069,0.125,143.02,4
spotify:track:7JCaGId6KUNuHKtK734jHQ,"Bring The Bass","RUSH-UH!!!! EP","Murry Monolite",2023-05-11,183157,9,false,ocifamtv1z7as35vkc29ko9m5,2024-06-20T22:08:21Z,"bass house","Speed House Movement",0.647,0.997,1,-3.424,1,0.131,0.00257,0.428,0.0849,0.456,152.119,4
spotify:track:0GtmEmswl0wPf9fKhvWXgV,"Dirty Monkey","Dirty Monkey","Pitch Mad Attak",2024-04-18,174000,14,false,ocifamtv1z7as35vkc29ko9m5,2024-06-20T22:14:41Z,"tekno,frenchcore,ragga,speedcore,acid techno","UGT",0.651,0.969,1,-1.531,1,0.0629,0.000216,0.884,0.516,0.603,160.019,4
spotify:track:4SLDe76g1RjtWFs0Lzb2h8,"Here We Go!","Here We Go!","Knurft",2024-03-08,137874,8,false,ocifamtv1z7as35vkc29ko9m5,2024-06-20T22:19:52Z,"hard techno,techno,hardcore techno,tekno","Knurft",0.73,0.998,6,-2.803,1,0.116,0.01,0.896,0.285,0.174,154.967,4
spotify:track:48mALuU7mFsXxcSH1uwAll,"FRENCH DREAM","LSZEE","CloZee;LSDREAM",2024-06-07,248000,0,false,ocifamtv1z7as35vkc29ko9m5,2024-06-28T21:28:08Z,"dubstep,bass music,edm","Odyzey Music & Heartwave",0.518,0.789,5,-5.188,0,0.0476,0.00901,0.0118,0.106,0.263,89.497,4
spotify:track:7MediosGgQmnwMxAPGaIBm,"SHADOW SELF","RENEGADES OF LIGHT","LSDREAM",2019-04-12,249544,48,false,ocifamtv1z7as35vkc29ko9m5,2024-06-28T21:37:22Z,"dubstep,bass music,edm","Wakaan",0.455,0.88,9,-5.923,1,0.111,0.0291,0.000846,0.146,0.346,172.081,4
spotify:track:0fy3MozJBrM858gEIo3Yec,"FUNKONAUT","FUNKONAUT","GRiZ;LSDREAM",2022-08-26,210666,0,false,ocifamtv1z7as35vkc29ko9m5,2024-06-28T21:47:00Z,"dubstep,edm,bass music","GRiZ",0.582,0.882,4,-3.061,1,0.367,0.00809,0.013,0.205,0.346,89.956,4
spotify:track:3iMgqf7gCjBhRdBrLm5WbM,"Sleep","Unholy","One True God",2019-07-31,145555,45,true,ocifamtv1z7as35vkc29ko9m5,2024-07-03T19:33:56Z,"","OTG",0.797,0.829,1,-3.771,1,0.0332,0.0333,0.651,0.0849,0.395,107.97,4
spotify:track:7voJOTOqLto0HyQltECuzh,"The Way I Are","The Way I Are","LIM3;Jean Juan;ælvis",2021-01-29,130171,55,false,ocifamtv1z7as35vkc29ko9m5,2024-07-03T20:17:59Z,"slap house","Soave Records",0.716,0.849,1,-4.733,1,0.302,0.184,0,0.194,0.725,124.071,4
spotify:track:6We7PA5HUEcxgpatZMUVAG,"Walls","Walls","JC Flores;Luciana",2023-04-10,178750,14,false,ocifamtv1z7as35vkc29ko9m5,2024-07-03T21:24:46Z,"melbourne bounce","Partylifemusic",0.874,0.901,0,-3.142,1,0.0513,0.00393,0.00000902,0.238,0.607,124.005,4
spotify:track:3xobxbiNr7xZqeg0MSxfYm,"1929","1929","MOONLGHT",2023-08-10,124720,43,false,ocifamtv1z7as35vkc29ko9m5,2024-07-03T21:25:04Z,"","Soave Records",0.822,0.7,2,-5.629,1,0.0352,0.11,0.00349,0.0888,0.598,123.991,4
spotify:track:4NxxwRPkNOgwRk6ACKrGs9,"I Wanna Dance With Somebody - UK Edit","I Wanna Dance With Somebody","Nora Van Elken",2022-03-18,134516,51,false,ocifamtv1z7as35vkc29ko9m5,2024-07-03T21:25:30Z,"tropical house","Eternal Nights",0.657,0.889,1,-5.415,0,0.0415,0.0315,0.00473,0.917,0.238,124.043,4
spotify:track:3brSyDs7O8oeG3MjEsfVOf,"BABY GIRL","BABY GIRL","FYLOW;LNORA",2022-07-29,135236,0,false,ocifamtv1z7as35vkc29ko9m5,2024-07-03T21:26:59Z,"slap house","HMG",0.74,0.9,2,-5.277,1,0.045,0.00251,0.587,0.102,0.306,126.009,4
spotify:track:2HLAnzeY4r794YnCq2JlgN,"RUN","RUN","Lektrique",2023,160973,1,false,ocifamtv1z7as35vkc29ko9m5,2024-07-12T01:51:02Z,"dubstep,bass house,electro house,deathstep","Dancing Dead",0.827,0.874,1,-5.135,0,0.103,0.0709,0.693,0.352,0.133,124.939,4
spotify:track:2NvlBtQpNZNtOSoqisZcq8,"GATEWAY DRUG","GATEWAY DRUG","Knurft",2023-09-08,102967,30,false,ocifamtv1z7as35vkc29ko9m5,2024-07-14T21:17:08Z,"hard techno,techno,hardcore techno,tekno","Knurft Alliance",0.604,0.972,0,-8.613,1,0.0488,0.00143,0.504,0.229,0.365,154.986,4
spotify:track:7sXtMjxnmFyfoZo56zbZhu,"And There Was Light","And There Was Light","Knurft;Vilitas",2024-01-26,138584,27,false,ocifamtv1z7as35vkc29ko9m5,2024-07-14T21:30:57Z,"hard techno,techno,hardcore techno,tekno","Knurft",0.667,0.933,5,-7.161,0,0.0991,0.00445,0.866,0.163,0.178,154.962,4
spotify:track:6R2Z0AXriFC15qy6Ho0KKx,"Flashback","Part of the Dream (Compiled by Vini Vici)","Vini Vici;Pixel",2017-10-06,480713,38,false,ocifamtv1z7as35vkc29ko9m5,2024-07-24T04:19:49Z,"psytrance,trance,progressive trance","Dreamstate",0.639,0.957,1,-6.791,1,0.0404,0.0139,0.886,0.125,0.0362,135.978,4
spotify:track:2cKKyJve0wRmzqWarXtKX6,"Ravers Army","Part of the Dream (Compiled by Vini Vici)","Vini Vici",2017-10-06,445217,38,false,ocifamtv1z7as35vkc29ko9m5,2024-07-24T04:33:45Z,"psytrance,trance","Dreamstate",0.684,0.979,4,-6.352,0,0.0685,0.00056,0.843,0.106,0.0427,138.032,4
spotify:track:3BBiaTLrwRlSkozCTFtrsT,"Psychedelic Stereo","Psychedelic Stereo - EP","MiM0SA",2010-03-16,217253,34,false,ocifamtv1z7as35vkc29ko9m5,2024-07-24T04:35:17Z,"glitch,dubstep,drumstep","Muti Music",0.482,0.484,9,-7.425,0,0.0492,0.0013,0.00583,0.145,0.153,84.019,4
spotify:track:2wgB8qwMLDYtuj383N2f6v,"Wobble the Web","The Stolen Laptop EP","Trip-Tamine",2023-07-04,114794,15,false,ocifamtv1z7as35vkc29ko9m5,2024-07-27T17:30:17Z,"psytrance,progressive trance","Psyfeature",0.726,0.985,11,-4.654,0,0.143,0.00241,0.738,0.416,0.489,150.015,4
spotify:track:63UpyaSy5XONCdN3N8UbtJ,"What Happens After Death","What Happens After Death","Memento Mori;Evocar",2023-06-09,317793,21,false,ocifamtv1z7as35vkc29ko9m5,2024-07-27T17:37:48Z,"psytrance","Psyfeature",0.618,0.927,1,-6.497,1,0.0524,0.00444,0.781,0.306,0.432,144.983,4
spotify:track:1HIsWkOKaNuTCXSAjUTt7l,"OK","OK","Memento Mori;Benbek",2022-03-25,269793,10,false,ocifamtv1z7as35vkc29ko9m5,2024-07-27T17:56:49Z,"psytrance,progressive trance","Psyfeature",0.641,0.87,5,-4.974,1,0.0523,0.0315,0.787,0.113,0.541,145.017,4
spotify:track:3wNZmZz1cY7alHinkHCAaL,"Divine Mode - Pixel Remix","Life Is a Remix","Vini Vici;Pixel",2020-11-20,385401,25,false,ocifamtv1z7as35vkc29ko9m5,2024-07-27T18:44:52Z,"psytrance,trance,progressive trance","Iboga Records",0.645,0.936,11,-6.594,0,0.0402,0.00288,0.872,0.227,0.229,136.993,4
spotify:track:0mYB0z3lSNiaMqBpSFoUPd,"Underwater","Underwater","Symphonix",2021-12-10,220285,36,false,ocifamtv1z7as35vkc29ko9m5,2024-07-27T19:54:19Z,"psytrance,progressive trance,trance","Blue Tunes Records",0.713,0.862,9,-6.088,1,0.0482,0.0125,0.74,0.11,0.429,140.04,4
spotify:track:1yJ6dZFRecONfZHGnIrYru,"Parallels","Parallels","Day Din;Gaudium",2019-09-30,404317,32,false,ocifamtv1z7as35vkc29ko9m5,2024-07-27T20:27:04Z,"psytrance,progressive trance,trance","Iboga Records",0.715,0.906,8,-6.543,1,0.0546,0.00618,0.875,0.112,0.381,137.009,4
spotify:track:3eKyR7hxmey0iHCcdRzpmQ,"Everybody (Vocal Edit)","Everybody (Vocal Edit)","Raz",2023-02-08,92543,14,false,ocifamtv1z7as35vkc29ko9m5,2024-07-27T21:08:36Z,"psytrance,trance,progressive trance","Regroup Records",0.775,0.798,1,-5.554,1,0.303,0.0381,0.694,0.165,0.817,145.036,4
spotify:track:6FYm0OVkn7f8lvjKahMVJM,"Midnight Sun - GMS Remix","Raja Ram's Stash Bag","Alien Project;Astrix",2002-02-18,192533,27,false,ocifamtv1z7as35vkc29ko9m5,2024-08-07T22:04:20Z,"psytrance,trance,progressive trance","Tip Records",0.547,0.981,4,-5.657,0,0.0482,0.0000411,0.861,0.64,0.274,145,4
spotify:track:6wLtU0RjkLEHOE5ceRocuw,"Astral Pancakes - Soundaholix, Domestic, Pixel Remix","Raw Material","Hallucinogen;Soundaholix;Domestic;Pixel",2023-02-17,458482,25,false,ocifamtv1z7as35vkc29ko9m5,2024-08-08T00:50:58Z,"psytrance,trance,progressive trance,liquid funk","Tip Records",0.614,0.888,8,-7.136,1,0.041,0.00164,0.813,0.289,0.429,144.989,4
spotify:track:43QVYatDvXjrIL7c8hDvpM,"Human Voice","Human Voice","Blastoyz;Berg",2020-04-24,368695,22,false,ocifamtv1z7as35vkc29ko9m5,2024-08-08T02:17:47Z,"psytrance,trance,progressive trance","Alteza Records",0.396,0.925,1,-4.629,1,0.16,0.0309,0.732,0.134,0.323,103.478,3
spotify:track:1CKxZaS0iHLBG19Lis2o17,"Bass Low","Bass Low","Trip-Tamine;Johnny Carrera",2020-08-27,317957,15,false,ocifamtv1z7as35vkc29ko9m5,2024-08-08T03:08:57Z,"psytrance,progressive trance","Medusa Records",0.713,0.939,10,-5.038,0,0.114,0.0371,0.0191,0.204,0.228,141.995,4
spotify:track:51DVbDJnx1IUHzoP1XItni,"Words","Shadows","Neelix",2020-01-31,375428,41,false,ocifamtv1z7as35vkc29ko9m5,2024-08-08T03:27:25Z,"psytrance,progressive trance,trance","Spin Twist Records",0.685,0.709,5,-9.307,0,0.0849,0.061,0.685,0.0998,0.0803,140.051,4
spotify:track:2nA6ovoGvna05WGhMfdGqM,"Flip","Electro Punk","Pitch Mad Attak",2020-03-19,150000,25,false,ocifamtv1z7as35vkc29ko9m5,2024-08-14T21:46:29Z,"tekno,frenchcore,ragga,speedcore,acid techno","UGT",0.603,0.864,11,-7.361,0,0.0469,0.0481,0.797,0.297,0.288,159.95,4
spotify:track:3xdUWpu1vwrLLj9ReUip8V,"High On Acid","High On Acid","Blastoyz",2022-02-22,473379,29,false,ocifamtv1z7as35vkc29ko9m5,2024-08-14T22:19:07Z,"psytrance,trance,progressive trance","WELVRAVE",0.539,0.949,7,-4.757,1,0.0674,0.00962,0.8,0.122,0.392,144.989,4
spotify:track:5XmwoXy6FRmeoDpj06Lpa6,"Shamana","Shamana","Fresh Drop;CRUZ LIVE",2024-08-16,288000,7,false,ocifamtv1z7as35vkc29ko9m5,2024-08-19T18:36:36Z,"psytrance,epadunk,progressive trance","Psyfeature",0.715,0.716,9,-7.668,0,0.0959,0.0314,0.55,0.0754,0.556,144.997,4
spotify:track:7oo8xMgirK8ccZGisXOKCL,"Slap my face - Radio Edit","Slap my face (Radio Edit)","Black Muffin",2024-05-10,200004,3,false,ocifamtv1z7as35vkc29ko9m5,2024-08-19T18:42:14Z,"frenchcore,psytrance,tekno","1686464 Records DK",0.747,0.801,9,-4.994,0,0.127,0.0207,0.0881,0.145,0.756,75.005,4
spotify:track:3nurfWBFnHDnPcOcY0PHnP,"Do You Hear My Name","Do You Hear My Name","Memento Mori",2024-06-07,223448,27,false,ocifamtv1z7as35vkc29ko9m5,2024-08-19T19:16:10Z,"psytrance","Psyfeature",0.781,0.772,4,-5.369,0,0.218,0.148,0.226,0.165,0.368,144.996,4
spotify:track:1E1j3Wc4n4bs7ye5WMqflS,"Spartan Odyssey - (Crazy Box e Argus Remix)","Spartan Odyssey","Phazed;Cellas;Crazy Box;Argus",2024-06-28,430344,14,false,ocifamtv1z7as35vkc29ko9m5,2024-08-19T19:19:22Z,"psytrance,progressive trance,trance","Psyfeature",0.602,0.854,4,-6.305,1,0.0607,0.00246,0.494,0.135,0.292,145.097,4
spotify:track:3mBby7QpBJvi2SAMX5XBhF,"Other Life - Fresh Drop, Trip-Tamine Remix","Other Life","Reiser Seven;Fresh Drop;Trip-Tamine",2020-08-10,495000,0,false,ocifamtv1z7as35vkc29ko9m5,2024-08-19T19:30:11Z,"minimal techno,psytrance,epadunk,progressive trance","Bass Zone Music",0.677,0.581,9,-7.279,1,0.262,0.0167,0.408,0.106,0.548,128.031,4
spotify:track:4JSzPOX93Mf6rgJsB0srnO,"Deep Rain","Underworld","Synergetic Emotion",2017-09-18,342856,18,false,ocifamtv1z7as35vkc29ko9m5,2024-08-19T20:52:55Z,"psytrance,progressive trance,trance","Madabeats Records",0.771,0.517,7,-8.558,1,0.0529,0.0115,0.864,0.345,0.161,140.006,4
spotify:track:60qRqahwrtAzIri3ttUp88,"You Are Fuck - Instrumental","You Are Fuck (Instrumental)","UB",2023-10-18,266019,0,true,ocifamtv1z7as35vkc29ko9m5,2024-08-19T20:54:46Z,"","Thunder Records",0.77,0.866,7,-5.799,1,0.0473,0.0187,0.866,0.0884,0.835,140.011,4
spotify:track:12DH0IiTIKrtAkGl5a9gub,"DON'T KILL MY VIBE","DON'T KILL MY VIBE","David Feldman",2024-01-22,156055,11,false,ocifamtv1z7as35vkc29ko9m5,2024-08-19T20:59:51Z,"edm trap","David Feldman",0.805,0.808,1,-5.859,1,0.253,0.0038,0.922,0.788,0.283,149.887,4
spotify:track:5cHrh8PLs5bzOJZAzPAlz2,"1984","1984","Neelix;Z-Cat",2024-08-16,418358,39,false,ocifamtv1z7as35vkc29ko9m5,2024-08-19T21:14:59Z,"psytrance,progressive trance,trance","Spin Twist Records",0.63,0.771,8,-7.281,1,0.0734,0.00209,0.72,0.0891,0.0975,146.036,4
spotify:track:7w1Iy08q0S4gyDnQrJ7ZRX,"Jump In","Jump In","Trip-Tamine;Brandon Hombre",2024-04-12,232212,6,false,ocifamtv1z7as35vkc29ko9m5,2024-08-19T21:20:00Z,"psytrance,progressive trance","Blue Tunes Records",0.632,0.926,1,-5.984,1,0.0477,0.00098,0.504,0.404,0.833,150.094,4
spotify:track:2Ve5CdLx3xAMhu1P5eLIIk,"Shake The Ground","Shake The Ground","Ghost Rider;Blastoyz",2024-08-09,267826,31,false,ocifamtv1z7as35vkc29ko9m5,2024-08-19T21:25:09Z,"psytrance,progressive trance,trance","WELVRAVE",0.661,0.849,1,-5.965,1,0.0577,0.0587,0.787,0.362,0.171,138.016,4
spotify:track:3XeS6bs8hTkURPQsjhvc7L,"Natural Diffuser","Natural Diffuser","DreamVibes!",2024-02-29,354000,3,false,ocifamtv1z7as35vkc29ko9m5,2024-08-19T22:05:15Z,"psytrance,progressive trance,trance","Mad Cactus",0.702,0.885,4,-4.869,0,0.198,0.00494,0.883,0.113,0.499,160.006,4
spotify:track:1kfz4nooKrcZpKaGmUjVb4,"Let Me Go","Let Me Go","Massivebass;Audiobass;Psyfeature",2024-08-09,258206,16,false,ocifamtv1z7as35vkc29ko9m5,2024-08-19T22:12:48Z,"psytrance,progressive trance,trance","Psyfeature",0.698,0.881,11,-4.136,0,0.0508,0.00406,0.0578,0.0886,0.173,144.973,4
spotify:track:6BncMjYxHNc01wl1pVWDPz,"Guillotine","Guillotine","Floxytek",2024-08-14,243428,14,false,ocifamtv1z7as35vkc29ko9m5,2024-08-19T22:22:43Z,"frenchcore,tekno,hardcore,speedcore,hardcore techno,gabber","UGT",0.64,0.904,10,-6.337,0,0.0516,0.00421,0.842,0.106,0.0393,139.996,4
spotify:track:3dHuskEcWACmSBf8eNrwKA,"SpAc3 Gl1d3","Cha0s","LUM1NA N0VA",2023-12-29,97255,1,false,ocifamtv1z7as35vkc29ko9m5,2024-08-22T01:19:38Z,"","LUM1NA N0VA",0.76,0.601,11,-9.515,1,0.109,0.228,0.967,0.353,0.156,137.965,4
spotify:track:1uoEeSeKiCfslmJoShCRH3,"Not the One (feat. Caroline Harrison)","Born & Raised - Single","Neelix;Caroline Harrison",2013-12-26,424782,40,false,ocifamtv1z7as35vkc29ko9m5,2024-08-23T23:53:31Z,"psytrance,progressive trance,trance","Spin Twist Records",0.781,0.573,1,-9.823,0,0.0606,0.00194,0.807,0.0839,0.0667,138.008,4
spotify:track:04Vc0JXYX1gyC594DKsoa0,"The Path","Blastoyz + Friends Vol.1","Blastoyz;Berg",2016-09-26,399428,0,false,ocifamtv1z7as35vkc29ko9m5,2024-08-27T20:47:36Z,"psytrance,trance,progressive trance","Nutek Records",0.694,0.789,6,-6.788,0,0.0616,0.0136,0.829,0.13,0.317,140.029,4
spotify:track:64JqUL7owzsVpiw2SnkQFK,"Monk","Monk","Memento Mori",2023-08-04,280000,17,false,ocifamtv1z7as35vkc29ko9m5,2024-08-27T20:48:56Z,"psytrance","Psyfeature",0.65,0.896,7,-7.022,1,0.104,0.0022,0.853,0.116,0.0701,150.028,4
spotify:track:0y9DZYjvqGQWXkObv6RMDa,"Let's Go Faster","Let's Go Faster","Technical Hitch",2019-08-05,398999,38,false,ocifamtv1z7as35vkc29ko9m5,2024-09-22T04:34:42Z,"psytrance,trance","Future Music Records",0.371,0.9,11,-6.089,0,0.0848,0.00275,0.838,0.0788,0.036,145.009,4
spotify:track:4ftSB15eM3yGYXmzJpGMaw,"LSD","LSD","Will Sparks;New World Sound",2022-02-04,192000,57,false,ocifamtv1z7as35vkc29ko9m5,2024-09-23T22:27:16Z,"melbourne bounce,big room,techno","Musical Freedom",0.578,0.981,5,-6.569,0,0.0512,0.22,0.753,0.304,0.203,130.038,4
spotify:track:1Cqqbg52URx6AKC6fPTqDp,"Type 1","Type 1","Astrix",2012-10-01,429565,33,false,ocifamtv1z7as35vkc29ko9m5,2024-10-02T00:19:18Z,"psytrance,trance,progressive trance","Shamanic Tales",0.778,0.553,4,-7.928,0,0.0843,0.00342,0.829,0.228,0.413,138.008,4
spotify:track:7hQvu9NBBRrSHg2U8PBFvl,"The Godfather","The Godfather","Berg;Artic",2019-08-26,315428,37,false,ocifamtv1z7as35vkc29ko9m5,2024-10-02T22:41:42Z,"psytrance,trance,progressive trance","Alien Records",0.61,0.867,6,-6.246,0,0.0546,0.00162,0.875,0.1,0.219,140.005,4
spotify:track:4MH11BUGegtL0UguQ7msJj,"Mirror (Jilax & Memento Mori Remix)","Mirror","Neelix;Durs;Jilax;Memento Mori",2022-12-16,246857,42,false,ocifamtv1z7as35vkc29ko9m5,2024-10-02T22:49:03Z,"psytrance,progressive trance,trance","Spin Twist Records",0.694,0.579,9,-8.106,0,0.0699,0.277,0.455,0.117,0.464,139.986,4
spotify:track:09BO4avkxyrNWpl82jUsSk,"Separate Ways","Separate Ways","Kore-G",2022-07-08,199171,15,false,ocifamtv1z7as35vkc29ko9m5,2024-10-02T23:20:23Z,"psytrance,melbourne bounce","Kore-G",0.611,0.91,11,-4.953,0,0.0694,0.00398,0.826,0.198,0.587,139.99,4
spotify:track:2ODO1JS7TPtkrBUGuSKb0L,"Give Me Respect","Give Me Respect","Fresh Drop",2024-06-07,288947,13,false,ocifamtv1z7as35vkc29ko9m5,2024-10-02T23:52:14Z,"psytrance,epadunk,progressive trance","Psyfeature",0.773,0.617,10,-7.065,0,0.139,0.0426,0.208,0.675,0.396,152.008,4
spotify:track:45eYooWUHoIEopfdkdXcuQ,"The Strings Theory","The Strings Theory","Technical Hitch;Dark Whisper",2019-11-04,438075,35,false,ocifamtv1z7as35vkc29ko9m5,2024-10-03T00:08:49Z,"psytrance,trance","Alice-D Records",0.346,0.902,7,-5.757,1,0.124,0.00216,0.859,0.101,0.0398,155.006,3
spotify:track:0xhptxNOQnCsbbBJKPQmCH,"Dont Blame Me","Dont Blame Me","Interactive Noise",2022-09-23,310375,34,false,ocifamtv1z7as35vkc29ko9m5,2024-10-03T01:22:33Z,"psytrance,progressive trance,trance","Spin Twist Records",0.775,0.695,5,-6.716,1,0.2,0.0958,0.357,0.0656,0.0372,140.042,4
spotify:track:2TEcEu7UNN9GfB6l3N9MUy,"Get Down","Future Generation","Azzura",2020-06-01,248647,19,false,ocifamtv1z7as35vkc29ko9m5,2024-10-03T01:52:24Z,"psytrance,progressive trance,trance","Alien Records",0.57,0.965,10,-7.479,0,0.0854,0.00418,0.858,0.374,0.174,144.975,4
spotify:track:3BrThHdiDLEXqZaBHSpjYz,"Guisto","Guisto","Memento Mori",2023-09-08,218482,31,false,ocifamtv1z7as35vkc29ko9m5,2024-10-08T20:03:41Z,"psytrance","Psyfeature",0.742,0.918,7,-5.936,1,0.0625,0.0594,0.858,0.107,0.466,144.995,4
spotify:track:2TZW4he0roCqMBI6qOHtXm,"Dreadnought","Interceptor","Dexter Jexxster",2020-11-06,174857,22,false,ocifamtv1z7as35vkc29ko9m5,2024-10-08T20:21:19Z,"psytrance,progressive trance","ENIVERSE RECORDS",0.633,0.935,11,-7.073,0,0.0404,0.000571,0.671,0.137,0.279,139.973,4
spotify:track:6dgdRm10DpthFQ4z4V3ymC,"Valkyrie","Valkyrie","Brandon Hombre",2023-06-02,201983,13,true,ocifamtv1z7as35vkc29ko9m5,2024-10-11T01:25:18Z,"psytrance","Psyfeature",0.622,0.86,8,-5.079,1,0.1,0.0115,0.207,0.246,0.395,144.009,4
spotify:track:1aphfUJg7oxnJ618poBMAl,"Shadows (Memento Mori & Crazy Box Remix)","Shadows (Memento Mori & Crazy Box Remix)","Neelix;Memento Mori;Crazy Box",2024-03-01,273908,28,false,ocifamtv1z7as35vkc29ko9m5,2024-10-16T06:25:13Z,"psytrance,progressive trance,trance","Spin Twist Records",0.758,0.626,0,-6.278,0,0.0913,0.0132,0.2,0.117,0.202,142,4
spotify:track:5S8VfKLEzLFdBKxpKhYgNH,"The Baddest","The Baddest","Mat Weasel Busters",2024-03-29,147750,9,false,ocifamtv1z7as35vkc29ko9m5,2024-10-17T23:06:30Z,"tekno,frenchcore","Superfluid",0.643,0.992,10,-3.41,0,0.0831,0.00293,0.129,0.326,0.777,160.022,4
spotify:track:14W8PQXjcSDUUuARL9PlES,"Inner Energy","Inner Energy","AHEE",2024-06-19,189047,24,false,ocifamtv1z7as35vkc29ko9m5,2024-10-21T00:21:05Z,"dubstep,bass music,riddim","Jadu Dala",0.702,0.965,11,-1.558,1,0.0457,0.00171,0.0194,0.0612,0.302,126.053,4
spotify:track:6UIDRUg6KFB0e2vCjmpyWV,"Basic Spanish","Basic Spanish","Memento Mori",2020-01-09,260465,14,false,ocifamtv1z7as35vkc29ko9m5,2024-10-22T02:08:14Z,"psytrance","Psyfeature",0.628,0.92,11,-7.567,1,0.0719,0.00546,0.554,0.111,0.437,150.037,4
spotify:track:1Qqhvj2ragldZqnTiX38yZ,"Breaking Me","Breaking Me","Memento Mori;Massivebass;Erratic Maniac;Massivo",2020-12-30,389379,0,false,ocifamtv1z7as35vkc29ko9m5,2024-10-22T02:20:59Z,"psytrance,progressive trance,trance","Psyfeature",0.717,0.843,8,-4.123,0,0.0831,0.00343,0.158,0.151,0.747,145.004,4
spotify:track:56uQEXWfrrUmrjp576iHa4,"Changes","Change","Bassfactor",2023-01-27,353239,6,false,ocifamtv1z7as35vkc29ko9m5,2024-11-07T22:18:18Z,"psytrance,progressive trance","BHM Records",0.616,0.874,3,-5.683,0,0.0506,0.000197,0.292,0.137,0.256,139.963,4
spotify:track:7egHg5W8jMB0L9ygMbzvty,"Shamamix","Shamamix","Vegas (Brazil);Gottinari",2024-10-11,410482,42,false,ocifamtv1z7as35vkc29ko9m5,2024-11-07T22:25:46Z,"psytrance,trance,progressive trance,electronic","SYNK87",0.653,0.817,8,-6.592,1,0.0497,0.00206,0.893,0.679,0.04,145.002,4
spotify:track:7MyTf1EGhEWy72UPD7vRMZ,"Dun Dun","Dun Dun","Dekel;Shtuby",2024-06-14,529714,36,false,ocifamtv1z7as35vkc29ko9m5,2024-11-07T22:34:18Z,"psytrance,trance,progressive trance","Stereo Society",0.745,0.613,0,-8.115,1,0.04,0.0112,0.895,0.0688,0.185,139.996,4
spotify:track:3u6mG3XhKySY7n1EcQv7nS,"Bionic Mantra","Bionic Mantra","Middle-D",2024-08-30,388732,1,false,ocifamtv1z7as35vkc29ko9m5,2024-11-07T23:36:11Z,"psytrance,progressive trance,trance","SYNK87",0.622,0.964,9,-6.334,1,0.0705,0.0027,0.801,0.1,0.145,142,4
spotify:track:7k7QOfFhOgOKZAtNML6kl3,"Alien Technology","Alien Technology","E-Mov",2019-07-29,436666,23,false,ocifamtv1z7as35vkc29ko9m5,2024-11-07T23:44:08Z,"psytrance,progressive trance,trance","Dacru Records",0.606,0.92,4,-6.721,0,0.0441,0.0013,0.669,0.388,0.152,144.035,4
spotify:track:6R0O97vfYf1DDpGCDJz5Y5,"Lucky Break","The Stolen Laptop EP","Trip-Tamine",2023-07-04,58041,16,false,ocifamtv1z7as35vkc29ko9m5,2024-11-22T17:27:31Z,"psytrance,progressive trance","Psyfeature",0.861,0.74,6,-6.263,0,0.189,0.0455,0.194,0.101,0.783,149.905,4
spotify:track:1goJAQZ4DNldrasfD7EWSe,"Chillin on the Corner","Chillin on the Corner","Trip-Tamine;Johnny Carrera;Souljo",2024-06-14,269189,17,false,ocifamtv1z7as35vkc29ko9m5,2024-11-22T17:46:50Z,"psytrance,progressive trance","Psyfeature",0.756,0.778,8,-5.107,1,0.162,0.0199,0.149,0.0707,0.529,147.994,4
spotify:track:0W3HJy7O17rOSGOlTnP33r,"RIGHT BACK","RIGHT BACK","ALLEYCVT",2023-05-10,198583,52,true,ocifamtv1z7as35vkc29ko9m5,2024-11-22T18:39:56Z,"dubstep,edm,riddim","ALLEYCVT",0.467,0.736,9,-2.18,0,0.0478,0.0458,0,0.0635,0.275,74.914,4
spotify:track:6uxsx5D5jpUS800PWsH0vd,"Hit That Funk","Hit That Funk","Memento Mori",2020-03-27,281800,16,false,ocifamtv1z7as35vkc29ko9m5,2024-11-22T23:43:55Z,"psytrance","Psyfeature",0.727,0.946,9,-6.698,1,0.148,0.00675,0.233,0.275,0.285,149.953,4
spotify:track:5PTwd54TX8VWHOD2UgR32f,"Bansuri","Bansuri","Electric Universe",2018-06-25,450206,41,false,ocifamtv1z7as35vkc29ko9m5,2024-11-24T02:22:57Z,"psytrance,trance,progressive trance","Sacred Technology",0.512,0.963,8,-4.078,1,0.0509,0.0000817,0.824,0.22,0.147,144.994,4
spotify:track:5UxOlpbogH3arMceirus7y,"Time","Time","Cronocops;4i20",2023-03-02,366666,27,false,ocifamtv1z7as35vkc29ko9m5,2024-11-24T02:34:40Z,"psytrance,progressive trance,trance","Alien Records",0.59,0.752,9,-6.739,1,0.0491,0.0672,0.846,0.0976,0.354,143.998,4
spotify:track:4jIAdI0DtoAwT8VIcpeFY0,"Vibe","Vibe","Kova",2019-08-26,231608,8,false,ocifamtv1z7as35vkc29ko9m5,2024-11-24T20:04:15Z,"psytrance,progressive trance,trance","Kova Corporation",0.679,0.922,10,-7.178,1,0.0817,0.00563,0.435,0.624,0.506,143.034,4
spotify:track:5gACPA0iE6MniQiRjjYwPU,"Acid Dropper","Acid Dropper","WoZa;ALFA",2023-10-16,271452,5,false,ocifamtv1z7as35vkc29ko9m5,2024-11-24T21:11:29Z,"psytrance","360Feature",0.629,0.917,0,-5.348,1,0.0523,0.000525,0.769,0.209,0.595,145.031,4
spotify:track:0izLEAjQ0NHMkNsHPkjYqV,"Circus","Circus","Azzura;Phantom BR",2023-08-24,242026,20,false,ocifamtv1z7as35vkc29ko9m5,2024-11-27T22:16:25Z,"psytrance,progressive trance,trance","Psyfeature",0.711,0.892,7,-6.162,1,0.146,0.00188,0.318,0.682,0.307,145.018,4
spotify:track:1kllz9ifWSbI6SqLeXusmU,"Fvck Genres","Fvck Genres","Coblan;Impact Groove;Diazzi",2024-04-26,288000,13,true,ocifamtv1z7as35vkc29ko9m5,2024-11-30T01:55:54Z,"psytrance,trance,progressive trance,brazilian bass","Psyfeature",0.639,0.941,7,-5.582,1,0.145,0.0162,0.752,0.342,0.355,145.063,4
spotify:track:73icoyLW4uoa6SuzRXuiaI,"Biological Computer - Shanti V Deedrah Remix","Biological Computer","Ace Ventura;Ritmo;Shanti V Deedrah",2017-02-27,393669,42,false,ocifamtv1z7as35vkc29ko9m5,2024-12-06T02:28:31Z,"psytrance,progressive trance,trance","Iboga Records",0.761,0.76,10,-6.76,1,0.0802,0.018,0.909,0.619,0.515,139.01,4
spotify:track:6imZUICpik2ZVecP0MO3aF,"All Gone","All Gone","Durs;Jacob",2022-08-12,229436,41,false,ocifamtv1z7as35vkc29ko9m5,2024-12-09T18:15:31Z,"psytrance,progressive trance,trance","Odiva Records",0.815,0.611,11,-6.137,0,0.0644,0.0515,0.274,0.338,0.299,141.997,4
spotify:track:1S3N4FtvaEc8YWlhzjXuxK,"We Never Stop","We Never Stop","Gonzi",2019-10-01,202922,30,false,ocifamtv1z7as35vkc29ko9m5,2024-12-09T18:36:08Z,"hard techno,psytrance,tekno,techno","Medusa Records",0.754,0.863,9,-4.517,1,0.0745,0.00627,0.411,0.111,0.913,142.014,4
spotify:track:2oumuiB30tlpsZRKaeFZ5Z,"Echoes","RAZ WORLD 2019","Raz",2019-07-01,158482,28,false,ocifamtv1z7as35vkc29ko9m5,2024-12-15T03:04:35Z,"psytrance,trance,progressive trance","Regroup Records",0.619,0.964,8,-5.498,1,0.0322,0.00147,0.728,0.412,0.0956,138.016,4
spotify:track:1cfZw10ccwjIqZHOxTPPGd,"Energy - Original mix","Energy","TERRA",2023-03-06,343098,22,false,ocifamtv1z7as35vkc29ko9m5,2024-12-30T23:25:40Z,"psytrance,trance,progressive trance","Iboga Records",0.598,0.815,11,-8.311,0,0.0449,0.0147,0.83,0.0973,0.4,141.968,4
spotify:track:2RTDmBK1rPtS0x9fk71CGV,"HELLO HUMAN","RENEGADES OF LIGHT","LSDREAM;Com3t",2019-04-12,246468,33,false,ocifamtv1z7as35vkc29ko9m5,2025-01-10T00:28:29Z,"dubstep,bass music,edm","Wakaan",0.733,0.719,2,-5.665,1,0.143,0.0399,0.00394,0.262,0.366,93.98,4
spotify:track:1ya9Qq3FLPjkQaOzJ0B0kP,"WTF","Future Generation","Coblan",2020-06-01,311543,8,false,ocifamtv1z7as35vkc29ko9m5,2025-01-12T01:42:48Z,"psytrance,trance","Alien Records",0.618,0.886,4,-6.583,1,0.0663,0.00268,0.191,0.13,0.115,145.012,4
spotify:track:79hV3TC015o0MCmFlJHuNe,"Drug From God","Drug From God","Gonzi;Memento Mori;Heavy Drop",2022-01-07,263062,25,false,ocifamtv1z7as35vkc29ko9m5,2025-01-15T23:13:20Z,"hard techno,psytrance,tekno,techno,progressive trance,trance","Psyfeature",0.676,0.841,2,-5.56,1,0.0781,0.0036,0.828,0.108,0.474,145.021,4
spotify:track:5CHtoMz3q6Zb87Sf3VeOcZ,"Surrounded","Surrounded","Azzura;Trip-Tamine",2022-12-23,231724,23,false,ocifamtv1z7as35vkc29ko9m5,2025-01-16T19:59:33Z,"psytrance,progressive trance,trance","Psyfeature",0.719,0.737,1,-6.931,1,0.0894,0.0029,0.563,0.344,0.696,145.006,4
spotify:track:3olCvPwLTmGuDSGtaExE4P,"Liquid Sunday","Liquid Sunday","OPIX",2021-09-03,227142,25,false,ocifamtv1z7as35vkc29ko9m5,2025-01-16T20:05:03Z,"psytrance,progressive trance","7SD Records",0.799,0.873,0,-5.849,1,0.0672,0.00784,0.786,0.0942,0.936,139.968,4
spotify:track:0bq8HezyaW6pGgUGkjnHGr,"Dragonfly","Dragonfly","Electric Universe",2019-01-21,408333,23,false,ocifamtv1z7as35vkc29ko9m5,2025-01-16T20:38:17Z,"psytrance,trance,progressive trance","Sacred Technology",0.508,0.991,7,-3.692,1,0.0554,0.0000989,0.901,0.177,0.0696,144.02,4
spotify:track:4fadfLhyBNeLlTGIeXrmop,"Balikali","Balikali","UnderCover",2020-07-20,407172,46,false,ocifamtv1z7as35vkc29ko9m5,2025-01-16T20:58:23Z,"psytrance,trance,progressive trance","Delta Music Group",0.355,0.869,11,-6.688,1,0.058,0.00611,0.812,0.0719,0.0874,144.995,4
spotify:track:3fW0qHrlcv8y0pc6SHo66V,"Angels of Destruction - Neelix Remix","Angels of Destruction (Neelix Remix)","Phaxe;Caroline Harrison;Neelix",2014-03-07,478260,52,false,ocifamtv1z7as35vkc29ko9m5,2025-01-17T20:00:24Z,"psytrance,progressive trance,trance","Spin Twist Records",0.718,0.541,2,-9.262,1,0.0391,0.0143,0.476,0.148,0.0898,136.03,4
spotify:track:0cyAQoQXbdsGtZRcqW6NsC,"Genetic Lottery","High on Mel","Astrix;Loud",2013-04-22,493714,48,false,ocifamtv1z7as35vkc29ko9m5,2025-01-17T21:57:20Z,"psytrance,trance,progressive trance","Shamanic Tales",0.688,0.64,8,-9.879,1,0.0621,0.131,0.764,0.17,0.109,140.016,4
spotify:track:3u5N55tHf7hXATSQrjBh2q,"Freed From Desire","Come Into My Life (The Album)","Gala;Molella;Phil Jay",1997-11-17,213394,82,false,ocifamtv1z7as35vkc29ko9m5,2025-01-19T19:08:20Z,"eurodance,italo dance","Do It Yourself",0.704,0.861,2,-4.221,0,0.0493,0.587,0.0615,0.0992,0.636,128.99,4
spotify:track:3lcJ0Z9nmLfm5ewVV9zihy,"Automatic","The Stolen Laptop EP","Trip-Tamine",2023-07-04,117112,17,false,ocifamtv1z7as35vkc29ko9m5,2025-01-20T19:19:10Z,"psytrance,progressive trance","Psyfeature",0.717,0.846,8,-5.464,0,0.0837,0.033,0.303,0.336,0.944,149.995,4
spotify:track:1uB5sefyMXxyKHljnJYHFL,"Everything & Anything [Mix Cut] - Original Mix","Full On Fluoro, Vol. 4 (Mixed Version)","Vini Vici;Pixel",2014-08-22,213714,35,false,ocifamtv1z7as35vkc29ko9m5,2025-01-20T19:29:36Z,"psytrance,trance,progressive trance","BEAT Music Fund",0.725,0.761,11,-10.965,0,0.0601,0.0019,0.779,0.0542,0.296,137.011,4
spotify:track:0ESGIBfwRcdqi2OI4YJbRN,"It's A Vibe","Future Escape","AHEE",2020-11-19,260250,20,false,ocifamtv1z7as35vkc29ko9m5,2025-01-20T23:57:59Z,"dubstep,bass music,riddim","Circus Records",0.556,0.931,1,-2.916,1,0.0784,0.00489,0.0609,0.155,0.27,160.013,4
spotify:track:0iXNpYZw6eZN30cQkc72B0,"Mantra","Mantra","Electric Universe",2016-12-05,457315,37,false,ocifamtv1z7as35vkc29ko9m5,2025-01-21T00:07:28Z,"psytrance,trance,progressive trance","Sacred Technology",0.512,0.893,8,-5.724,1,0.0363,0.0000272,0.852,0.0632,0.225,145.016,4
spotify:track:42VegGJe8LSFnrdL2zrm1H,"Call Me","Call Me","Massivebass",2024-06-14,243310,18,false,ocifamtv1z7as35vkc29ko9m5,2025-01-21T01:11:17Z,"psytrance,progressive trance,trance","Psyfeature",0.637,0.803,0,-6.635,0,0.0367,0.0216,0.847,0.137,0.308,145.027,4
spotify:track:1W5bWpWXLhy7ltDwQGm69N,"Like That","Like That","Gonzi;CR3WFX",2024-12-20,251250,49,false,ocifamtv1z7as35vkc29ko9m5,2025-01-21T01:12:09Z,"hard techno,psytrance,tekno,techno,progressive trance","Psyfeature Selected",0.739,0.934,0,-4.118,1,0.0849,0.026,0.602,0.0866,0.413,159.995,4
spotify:track:1dEAcxKxf1rixNs7nTBatV,"Mosquito - Dang3r Remix","Mosquito (Dang3r Remix)","Neelix;Dang3r",2019-04-12,373714,31,false,ocifamtv1z7as35vkc29ko9m5,2025-01-21T02:00:59Z,"psytrance,progressive trance,trance","Spin Twist Records",0.684,0.885,7,-6.428,1,0.109,0.00828,0.573,0.272,0.197,140.022,4
spotify:track:37mHyy36Hj461JGCGf1w3H,"Anandeta","Anandeta (Original Mix)","Vandeta;Ananda Shake",2020-11-03,420000,12,false,ocifamtv1z7as35vkc29ko9m5,2025-01-21T16:10:30Z,"psytrance,progressive trance,trance","Alien Records",0.625,0.855,7,-5.829,0,0.0906,0.00966,0.235,0.11,0.477,143.998,4
spotify:track:3B1KDQduek071V1uiZSVp3,"Tropit","Agrabah","TERRA",2018-10-15,397762,17,false,ocifamtv1z7as35vkc29ko9m5,2025-01-21T16:45:09Z,"psytrance,trance,progressive trance","Nutek Records",0.334,0.932,11,-6.325,0,0.0537,0.00351,0.462,0.111,0.143,142.986,4
spotify:track:6GnAU3Rbxq0ijyv9H6O0kF,"Main Act","Main Act","Brandon Hombre;Naturalize;Trip-Tamine;ALY",2023-09-08,239719,16,false,ocifamtv1z7as35vkc29ko9m5,2025-01-21T17:51:25Z,"psytrance,progressive trance","Blue Tunes Records",0.799,0.921,0,-5.053,1,0.112,0.0831,0.0799,0.132,0.849,145.073,4
spotify:track:1zgriFlWAN7sKkOaBMdhYY,"Hit That Funk - Re-Edit","Hit That Funk (Re-Edit)","Memento Mori",2021-09-10,281600,8,false,ocifamtv1z7as35vkc29ko9m5,2025-01-21T18:04:21Z,"psytrance","Psyfeature",0.66,0.974,9,-3.018,1,0.11,0.011,0.432,0.203,0.604,150.006,4
spotify:track:3vKex650AaAmVz5zMB7h68,"Nyamas","Nyamas","Vermont (BR);Bandi;8th Sin",2019-05-06,375213,17,false,ocifamtv1z7as35vkc29ko9m5,2025-01-21T19:33:07Z,"psytrance,trance,progressive trance","Vermont (Br), Bandi & 8th Sin",0.269,0.895,10,-5.711,0,0.0455,0.000163,0.774,0.229,0.173,141.99,4
spotify:track:3bohke9I4q0ZLFtpFfiZXq,"Don't Leave","Don't Leave","Johnny Carrera;Trip-Tamine;ALY",2021-04-16,253714,13,false,ocifamtv1z7as35vkc29ko9m5,2025-01-21T23:53:32Z,"psytrance,progressive trance","Blue Tunes Records",0.769,0.769,1,-8.221,0,0.0752,0.0351,0.103,0.112,0.364,140.037,4
spotify:track:2Y6kc9uhtySn0gjh8YhswB,"We Call This Acid","We Call This Acid","Berg;Siello",2024-03-29,277714,23,false,ocifamtv1z7as35vkc29ko9m5,2025-01-22T04:00:32Z,"psytrance,trance,progressive trance","Wavelab Records",0.656,0.815,11,-6.492,1,0.045,0.00546,0.802,0.204,0.468,140.027,4
spotify:track:29ytM04QyJTJWVzod8J75t,"Find It In Your Mind","Find It In Your Mind","Zingara;Steller",2022-12-14,199147,39,false,ocifamtv1z7as35vkc29ko9m5,2025-01-24T21:25:41Z,"dubstep,bass music,riddim","Zingara Music",0.554,0.922,2,-5.384,1,0.0994,0.012,0.543,0.154,0.142,170.015,4
spotify:track:1PVLvmbbo4joXIgzGFKDsp,"Badman","Unity","Ganja White Night;LSDREAM",2023-04-28,273333,45,false,ocifamtv1z7as35vkc29ko9m5,2025-01-24T22:29:17Z,"dubstep,riddim,bass music,edm,dub","SubCarbon",0.702,0.953,1,-1.924,1,0.0393,0.00168,0.436,0.25,0.542,90.012,4
spotify:track:7fF76vvWwpgilCXwIqA19p,"The Unknown","The Unknown","Frequencerz",2024-12-11,215000,56,false,ocifamtv1z7as35vkc29ko9m5,2025-01-24T23:09:25Z,"hardstyle,frenchcore,hardcore","Q-dance Records",0.396,0.747,5,-4.815,1,0.0362,0.00842,0.00000305,0.117,0.0628,149.981,4
spotify:track:0Hu7MIDZWEiipqaN2UBCet,"Heroine","Heroine","Dimitri Vegas & Like Mike;Dimitri Vegas",2024-10-11,123248,68,false,ocifamtv1z7as35vkc29ko9m5,2025-01-24T23:18:02Z,"big room,electronica,edm","BSMNT",0.508,0.988,1,-4.262,1,0.121,0.0933,0.804,0.288,0.273,79.147,4
spotify:track:1BhjG06WBue5JQhE3MzriZ,"Wasting Our Lives (WLTP) - Radio Mix","Wasting Our Lives (WLTP)","Showtek;Tryna",2014-10-20,182602,27,false,ocifamtv1z7as35vkc29ko9m5,2025-01-24T23:46:23Z,"hardstyle,big room,electronica,edm","Skink",0.594,0.888,1,-5.923,0,0.055,0.00132,0.117,0.42,0.375,128.016,4
spotify:track:6qnK9DPkxzNFkvZzHh2A6e,"Heart Beat","Heart Beat","Animato;Gaudium",2018-10-08,246857,47,false,ocifamtv1z7as35vkc29ko9m5,2025-01-28T21:58:33Z,"psytrance,progressive trance,trance","Alteza Records",0.634,0.933,11,-5.931,0,0.0419,0.0293,0.91,0.334,0.357,139.989,4
spotify:track:0iEHpYMOwwxmrj1d5VdwhU,"Dizzy","Dizzy","VAMPA",2024-02-07,186947,38,true,ocifamtv1z7as35vkc29ko9m5,2025-01-25T21:01:14Z,"dubstep,riddim","Vampa Music",0.777,0.625,7,-4.322,0,0.0499,0.000264,0.736,0.0829,0.401,95.02,4
spotify:track:4TWTCg0gqVop6EPIXZsdsi,"Alibi","Alibi","Gunpoint;GILLIAD",2024-11-13,242758,13,false,ocifamtv1z7as35vkc29ko9m5,2025-01-25T21:03:29Z,"riddim,bass music,dubstep,melodic bass,drum and bass","Gunpoint",0.465,0.969,10,-0.725,0,0.159,0.000625,0.0421,0.0793,0.108,174.085,4
spotify:track:2t9O9moURnQwaoQmY3eacy,"Blow The Speakers Up","Obskurities, Vol. 2","Evalution",2021-06-29,143999,31,false,ocifamtv1z7as35vkc29ko9m5,2025-01-26T19:11:21Z,"bass music,dubstep","Obskure",0.686,0.964,4,-2.914,1,0.0948,0.00522,0.73,0.209,0.202,75.005,4
spotify:track:3ozMc765q0amlF6LgpsO1S,"Coconuts","Coconuts","Shanghai Doom",2020-01-31,124285,30,false,ocifamtv1z7as35vkc29ko9m5,2025-01-31T16:19:38Z,"bass music,dubstep,riddim","Bassrush Records",0.874,0.901,9,-3.594,1,0.129,0.00922,0.109,0.072,0.456,140.005,4
spotify:track:59NwcYhDRImqOdOJWgZmaR,"Dilation","Dilation","Quackson",2023-11-30,160000,33,false,ocifamtv1z7as35vkc29ko9m5,2025-01-31T18:07:33Z,"","AviaryRecords",0.735,0.469,2,-4.518,1,0.0817,0.00929,0.33,0.157,0.103,74.962,4
spotify:track:7KH4Zvd53NXFVGiMzsRa5p,"Bunson Boy feat. Space Jesus","Ego Altar","Esseks;Space Jesus",2016-05-20,170678,23,false,ocifamtv1z7as35vkc29ko9m5,2025-01-31T18:16:18Z,"bass music,dubstep","Wakaan",0.873,0.644,2,-4.815,1,0.231,0.0857,0.801,0.127,0.495,134.997,5
spotify:track:2Kr8FcrJjtpA1mor4rYc1V,"Push & Shove","Push & Shove","AHEE;Dalfin",2022-06-25,217931,0,false,ocifamtv1z7as35vkc29ko9m5,2025-01-31T18:26:18Z,"dubstep,bass music,riddim","MorFlo Records",0.456,0.978,1,-2.063,1,0.0561,0.000792,0.652,0.208,0.174,174.034,4
spotify:track:7uC5WmfKovggbtutXR89PV,"Tiddy Bouncers","Vs Aliens","Jumpstreet;Rugrats",2019-03-20,421144,0,false,ocifamtv1z7as35vkc29ko9m5,2025-01-31T18:36:36Z,"psytrance,trance","Looney Moon Records",0.744,0.964,7,-6.257,1,0.136,0.0000772,0.83,0.0978,0.615,148.041,4
spotify:track:0alEPRSthfL0ihBNqT6Qjw,"Shanti Power","The Voyage","Mark Day",2012-06-08,422506,25,false,ocifamtv1z7as35vkc29ko9m5,2025-01-31T18:45:08Z,"psytrance","Damaru Records",0.531,0.957,1,-8.924,1,0.0493,0.0000472,0.861,0.518,0.71,147.014,4
spotify:track:7s4vnEcIT13ynKi4ru5d0n,"Poison Turtle","Noise Poison Festival","Oxidaksi",2015-04-24,569640,34,false,ocifamtv1z7as35vkc29ko9m5,2025-01-31T18:51:26Z,"psytrance,trance","Noise Poison Records",0.521,0.967,7,-5.66,1,0.266,0.00579,0.82,0.162,0.0382,178.008,4
spotify:track:7KLL0luQ6yY9jrbALJ4o4o,"Usual Suspects","Super Baked","Rugrats;Oxyflux",2019-11-29,489000,0,false,ocifamtv1z7as35vkc29ko9m5,2025-01-31T19:10:20Z,"psytrance,trance","Looney Moon Records",0.692,0.957,9,-6.669,1,0.0599,0.0000419,0.825,0.511,0.395,148.02,4
spotify:track:09tyMCKU6kN5cNPgCEmI4s,"Memory Reset","Get It On","Dickster;GMS",2019-05-13,448979,6,false,ocifamtv1z7as35vkc29ko9m5,2025-01-31T20:38:22Z,"psytrance,trance,progressive trance","Nano Records",0.604,0.926,7,-7.437,1,0.0595,0.000348,0.818,0.152,0.145,147.021,4
spotify:track:4KYygWpizRgLqm15GJ9OPU,"DJ On Pills - Original Mix","Raja Ram's Stash Bag Vol. 2","Dynamic",2003-05-05,400426,9,false,ocifamtv1z7as35vkc29ko9m5,2025-01-31T21:11:02Z,"psytrance","Tip Records",0.706,0.994,10,-5.649,0,0.072,0.00345,0.901,0.24,0.557,145.003,4
spotify:track:7H9md4JnMEn1GUTum5XxE6,"Acid Test - Original Mix","Raja Ram's Stash Bag","Space Tribe",2002-02-18,395573,19,false,ocifamtv1z7as35vkc29ko9m5,2025-01-31T21:14:25Z,"psytrance,trance,progressive trance","Tip Records",0.583,0.985,11,-6.36,0,0.0635,0.0000167,0.834,0.202,0.732,145.041,4
spotify:track:6wrIre5g8ddcGpwWZuecsX,"Overprocess","Kali Yuga","Noise Gust",2009-08-18,425213,11,false,ocifamtv1z7as35vkc29ko9m5,2025-01-31T21:48:48Z,"psytrance","Avatar Records",0.34,0.976,11,-5.3,0,0.1,0.0000515,0.769,0.106,0.493,156.226,4
spotify:track:3fBv27rs4E78yjMrqTgwz2,"Orquestra Digital","Digital Nature","Mentalecho",2018-04-09,474857,23,false,ocifamtv1z7as35vkc29ko9m5,2025-01-31T21:53:37Z,"psytrance,trance","Black Out Records",0.359,0.942,6,-5.257,1,0.0477,0.0000232,0.857,0.0599,0.107,182.009,4
spotify:track:2GE1Ut1RdOM0C3hQn1Te3S,"Acid Farm","Madness Express","Vertical Mode",2014-11-17,485142,0,false,ocifamtv1z7as35vkc29ko9m5,2025-01-31T22:04:08Z,"psytrance,progressive trance,trance","Hommega Productions",0.633,0.943,11,-6.844,0,0.0408,0.000218,0.706,0.765,0.24,139.986,4
spotify:track:68PD93zd4LzpxMWDxs5ugh,"Eat Sleep Rave Repeat","Mixmag Presents Fatboy Slim: We Are 30","Fatboy Slim;Riva Starr",2013,346533,30,false,ocifamtv1z7as35vkc29ko9m5,2025-01-31T22:28:47Z,"big beat,tech house","Mixmag Records",0.887,0.749,7,-7.323,1,0.223,0.0928,0.00000156,0.315,0.697,127.999,4
spotify:track:5JZnjM9ijpit0d5zjT8MM7,"Satisfaction","Hypnotica","Benny Benassi;The Biz",2003-08-19,285413,63,false,ocifamtv1z7as35vkc29ko9m5,2025-01-31T22:32:17Z,"electro house","Ultra Records, LLC",0.802,0.725,11,-3.392,1,0.102,0.165,0.0984,0.0782,0.347,129.984,4
spotify:track:1WC0C89uOEHw7BZ44chkVx,"Encore Une Fois - Future Breeze Edit","The Best Of","Sash!;Future Breeze",2016-09-30,221160,44,false,ocifamtv1z7as35vkc29ko9m5,2025-01-31T23:52:51Z,"eurodance,trance,happy hardcore","High Fashion Music",0.663,0.925,9,-6.775,1,0.0449,0.00683,0.703,0.185,0.843,132.687,4
spotify:track:7q44qEHgMaUDnkJDDG3UtX,"Jungle Palace","Jungle Palace","Karev",2024-06-07,429501,22,false,ocifamtv1z7as35vkc29ko9m5,2025-02-01T23:59:09Z,"psytrance","Resina Records",0.606,0.928,11,-5.381,0,0.0481,0.00005,0.798,0.706,0.222,153.044,4
spotify:track:7idSQrhsdXK3EGTQCqKL7a,"L<3VE Drugs","Meanwhile in Kreuzberg","Southwild;ZZbing",2019-04-08,443315,11,false,ocifamtv1z7as35vkc29ko9m5,2025-02-02T00:22:08Z,"psytrance","Wildthings Records",0.628,0.943,1,-6.909,1,0.0444,0.000146,0.557,0.419,0.506,150.039,4
spotify:track:1oO7EvTYeTYwyYLPFBXl0D,"Dragonfruit - Original Mix","Dance Computer","Zen Mechanics;Egorythmia",2011-12-06,577244,39,false,ocifamtv1z7as35vkc29ko9m5,2025-02-04T02:59:55Z,"psytrance,progressive trance,trance","Iboga Trance",0.665,0.835,7,-7.483,1,0.0392,0.00013,0.826,0.0999,0.193,134.998,4
spotify:track:4oNGIP8ivrEI9rGzfJp8eQ,"Bass, Beats & Melody","Restart","Brooklyn Bounce",2001-04-11,220400,53,false,ocifamtv1z7as35vkc29ko9m5,2025-02-04T03:43:34Z,"eurodance,happy hardcore,hardstyle","Dance Division",0.676,0.883,11,-6.321,0,0.0495,0.0143,0.183,0.173,0.473,139.352,4
spotify:track:1QRqI0pUKsz9zxFc7Ipy8W,"Traffic - Radio Edit","Magikal Journey -The Hits Collection 1998 - 2008","Tiësto",2010-05-17,177026,0,false,ocifamtv1z7as35vkc29ko9m5,2025-02-04T03:43:46Z,"edm,trance,big room","Magik Muzik",0.714,0.642,8,-10.241,0,0.0868,0.00251,0.887,0.186,0.102,137.834,4
spotify:track:7mcW1uNtkFkGh1d61WS1up,"Psychosis","Psychosis","Quackson;KRILLA",2018-05-09,182550,24,false,ocifamtv1z7as35vkc29ko9m5,2025-02-06T03:37:14Z,"","Synesthesia Records, a Division of The Golden Search ©",0.643,0.782,6,-6.07,0,0.0543,0.0137,0.608,0.17,0.424,99.976,4
spotify:track:0jEewMPhKF81T4XGsrZiq4,"REKT","RENEGADES OF LIGHT","LSDREAM;Kayoh",2019-04-12,171870,43,false,ocifamtv1z7as35vkc29ko9m5,2025-02-06T03:40:40Z,"dubstep,bass music,edm","Wakaan",0.9,0.938,11,-5.216,1,0.294,0.0289,0.126,0.218,0.357,94.995,4
spotify:track:3g8WmeSOar7RKuQEEfNhZo,"Wubcraft","Wubcraft","AHEE",2025-02-07,155700,53,false,ocifamtv1z7as35vkc29ko9m5,2025-02-07T16:56:18Z,"dubstep,bass music,riddim","Bassrush Records",0.664,0.781,1,-4.225,0,0.0334,0.0272,0.0368,0.117,0.402,150.026,4
spotify:track:3b9hajyERrBTokqFMJbxdZ,"Something Else","Something Else","Hozho",2021-03-12,239237,44,false,ocifamtv1z7as35vkc29ko9m5,2025-02-10T20:43:34Z,"minimal techno,techno,melodic techno","MadWorks Music B.V",0.674,0.864,7,-7.067,1,0.0428,0.00514,0.858,0.136,0.197,127.02,4
spotify:track:5CiBbrUKWr6em5GiY0YCiM,"Ancient Aum","Sacred Geometry","Electric Universe;Ace Ventura",2022-12-02,480000,39,false,ocifamtv1z7as35vkc29ko9m5,2025-02-08T02:56:32Z,"psytrance,trance,progressive trance","Sacred Technology",0.545,0.928,8,-5.377,1,0.0408,0.000205,0.798,0.738,0.244,141.988,4
spotify:track:0c8fWJkhK2orpBWIbApUWR,"Ziran (Antinomy Remix)","Ziran (Antinomy Remix)","Astrix;Ritmo;Antinomy",2024-03-11,490069,34,false,ocifamtv1z7as35vkc29ko9m5,2025-02-08T03:11:14Z,"psytrance,trance,progressive trance","Shamanic Tales",0.604,0.94,6,-5.698,0,0.0573,0.00597,0.815,0.226,0.298,143,4
spotify:track:3445XMTjDR2ChC666brlZb,"Warriors","Warriors","Brandon Hombre;Trip-Tamine;ALY",2022-06-03,231482,8,false,ocifamtv1z7as35vkc29ko9m5,2025-02-08T03:49:28Z,"psytrance,progressive trance","Psyfeature",0.59,0.952,1,-5.727,0,0.069,0.000993,0.000224,0.0943,0.0512,139.964,4
spotify:track:3FS8PYeBa1ele5x9slZMcg,"Fukk That","Fukk That","Jumpstreet;Art Materials",2023-07-18,405405,0,false,ocifamtv1z7as35vkc29ko9m5,2025-02-08T23:37:28Z,"psytrance,trance","Looney Moon Records",0.749,0.975,7,-4.82,1,0.0643,0.0000249,0.847,0.363,0.396,148.023,4
spotify:track:7f9PFz2XCYECXLV0rARvwU,"Hello? - Pantomiman Remix","Hello?","Ace Ventura;Pantomiman",2021-07-02,461652,36,false,ocifamtv1z7as35vkc29ko9m5,2025-02-09T00:06:46Z,"psytrance,progressive trance,trance","Future Music Records",0.736,0.803,11,-6.93,1,0.0531,0.0000618,0.802,0.375,0.185,146.985,4
spotify:track:5Qen8P3Hl39NNuyLK7T6Pr,"Whispering Angels","Parvati Records Primal Contact","Arjuna",2015-07-20,517333,32,false,ocifamtv1z7as35vkc29ko9m5,2025-02-09T00:25:35Z,"psytrance","Parvati Records",0.531,0.887,11,-7.547,0,0.0402,0.000013,0.802,0.0863,0.138,150.015,4
spotify:track:64vaquMOJ5x6mGeiu2KX96,"The Mind","The Mind","Kore-G",2023-05-04,264324,23,false,ocifamtv1z7as35vkc29ko9m5,2025-02-09T00:44:30Z,"psytrance,melbourne bounce","Psyfeature",0.543,0.942,6,-5.779,0,0.0766,0.000396,0.608,0.644,0.223,148.015,4
spotify:track:5jiqaaUn7jcCxw2jdvlFWE,"Psychosis","Psychosis","Kore-G",2022-11-10,206653,34,false,ocifamtv1z7as35vkc29ko9m5,2025-02-09T23:07:36Z,"psytrance,melbourne bounce","Psyfeature",0.541,0.844,10,-6.758,1,0.0566,0.00708,0.425,0.0662,0.476,172.022,4
spotify:track:1kvmzSEMa8ATk3pOSDTf6X,"Reflection","Reflection","Kore-G;Ish K",2024-05-26,284482,24,false,ocifamtv1z7as35vkc29ko9m5,2025-02-09T23:21:51Z,"psytrance,melbourne bounce","Psyfeature",0.607,0.775,4,-8.098,1,0.0434,0.000599,0.802,0.108,0.293,145.043,4
spotify:track:6m8BCfpZIVikVsm5YKVQrC,"Heaven","Heaven","Kore-G",2019-04-22,214290,0,false,ocifamtv1z7as35vkc29ko9m5,2025-02-09T23:39:56Z,"psytrance,melbourne bounce","Bourne Recordings",0.709,0.836,11,-8.672,0,0.122,0.0101,0.891,0.145,0.289,140.051,4
spotify:track:3S2MQEgAKQ6f72l8Ov7rD6,"We Wombats - Like Liquid Remix","Fauna","arketech;Käse Kochen;Like Liquid",2017-01-23,388600,6,false,ocifamtv1z7as35vkc29ko9m5,2025-02-10T20:50:20Z,"minimal techno","Stone Seed",0.94,0.617,8,-9.358,1,0.0652,0.0781,0.874,0.104,0.559,124.011,4
spotify:track:2qBJgqzTu3isR9gfh78b0c,"Tuvan","Tuvan","Plasmatique",2024-04-19,182783,19,false,ocifamtv1z7as35vkc29ko9m5,2025-02-10T20:56:30Z,"melodic techno,melodic house,minimal techno","luft & liebe",0.695,0.927,8,-5.659,1,0.0384,0.0069,0.817,0.301,0.274,126.002,4
spotify:track:2Dqmjx810X1R9hQOLzpSHz,"Lights Out - Kos:mo Remix","Lights Out (Incl. Kos:mo Remix)","Techmo;Kos:mo",2024-03-01,358676,18,false,ocifamtv1z7as35vkc29ko9m5,2025-02-10T21:13:40Z,"techno,acid techno","ALAULA Music",0.779,0.927,11,-3.825,0,0.043,0.000301,0.88,0.0917,0.526,136.01,4
spotify:track:6FJGJzs5TOWt8L2F6mrpX5,"Micron","Micron","Luis M;Greenwolve",2024-03-22,420000,19,false,ocifamtv1z7as35vkc29ko9m5,2025-02-10T21:20:34Z,"minimal techno,techno,psytrance","AlpaKa MuziK",0.77,0.552,8,-8.822,0,0.0618,0.0437,0.703,0.292,0.122,128.004,4
spotify:track:0OcpwGcinrZWWDjuV8R61f,"The Substance","The Substance","Miles From Mars",2025-01-10,428307,22,false,ocifamtv1z7as35vkc29ko9m5,2025-02-10T22:10:04Z,"minimal techno,psytrance","Digital Structures",0.716,0.675,10,-9.084,0,0.0603,0.0203,0.657,0.246,0.182,130.001,4
spotify:track:0kB8sflAgFx71Z0LHxY2OR,"Initiate - Trilingo Remix","Initiate","Ben Rama;Trilingo",2016-06-07,373984,2,false,ocifamtv1z7as35vkc29ko9m5,2025-02-10T22:42:13Z,"minimal techno","Techgnosis Records",0.943,0.581,7,-9.115,1,0.227,0.0122,0.788,0.2,0.407,125.982,4
spotify:track:18832u8Zn4QPGdrvpOSsrV,"WOAH!","SATURATED WARRIORS!","Stylust",2019-01-15,162617,23,false,ocifamtv1z7as35vkc29ko9m5,2025-02-12T16:51:32Z,"bass music,dubstep","Sleeveless Records",0.557,0.922,6,-2.281,1,0.041,0.001,0.534,0.369,0.0609,169.958,4
spotify:track:6600D9sZObhQUcmAw8osH0,"Ascent - Rebūke Remix","Ascent (Rebūke Remix)","Max Cooper;Rebūke",2023-01-12,376915,13,false,ocifamtv1z7as35vkc29ko9m5,2025-02-11T02:12:53Z,"minimal techno,idm,electronica,melodic techno,techno,tech house","Mesh",0.571,0.521,11,-10.935,0,0.0332,0.00168,0.861,0.39,0.0332,129.996,4
spotify:track:5BAts9361QydsOL46pVRtM,"Dogs & Hoofs - Original Mix","Tripalle","Flembaz",2014-12-24,479077,8,false,ocifamtv1z7as35vkc29ko9m5,2025-02-11T02:18:21Z,"minimal techno","Blind Arc",0.778,0.636,10,-8.36,0,0.0433,0.00222,0.877,0.102,0.222,125.997,4
spotify:track:0u8UcJGBM5snPjzlU2j3Yg,"Dune","Dune","ASHER SWISSA;JOOLIA;ARIA",2024-10-18,373870,14,false,ocifamtv1z7as35vkc29ko9m5,2025-02-12T02:49:02Z,"melodic techno,melodic house,progressive house,afro house","Beverly Pills",0.658,0.884,1,-4.54,1,0.0408,0.00267,0.481,0.0866,0.097,121.976,4
spotify:track:4lEDVWeadQqpJElNbPMec1,"Psychedelic Doctor - Original Mix","Psychedelic Doctor","Stryker;Javier Bussola",2018-11-19,454285,33,false,ocifamtv1z7as35vkc29ko9m5,2025-02-13T16:49:08Z,"psytrance,trance,progressive trance","United Beats Records",0.624,0.971,11,-5.817,0,0.13,0.000654,0.834,0.113,0.199,140.034,4
spotify:track:28sEnhtJW5XNerwO2vfYmV,"Sixth Dimension","Sixth Dimension","BEC",2023-07-21,410630,7,false,ocifamtv1z7as35vkc29ko9m5,2025-02-13T16:58:16Z,"acid techno,techno","Filth on Acid",0.769,0.913,11,-5.122,1,0.0517,0.000349,0.88,0.109,0.0365,141.019,4
spotify:track:5UPrHqwXbjcsuiva0kVg6S,"Sky High","Sky High","Mad Tribe;Alpha Portal",2018-02-12,477181,37,false,ocifamtv1z7as35vkc29ko9m5,2025-02-13T17:12:29Z,"psytrance,trance,progressive trance","Future Music Records",0.605,0.988,7,-5.556,1,0.0585,0.0000343,0.696,0.167,0.0719,145.998,3
spotify:track:5G9pbGtFHNjCBkPASHYSVW,"Do Aliens Exist?","Do Aliens Exist?","Ohmnitrix;Drop Live",2024-08-02,436965,11,false,ocifamtv1z7as35vkc29ko9m5,2025-02-13T18:24:50Z,"psytrance","Utopia Records",0.617,0.902,0,-7.236,1,0.0458,0.000234,0.625,0.0699,0.214,144.989,4
spotify:track:0aNlprpIt6tCGbHNzZPyb9,"Feeling","Feeling","Ohmnitrix",2024-10-04,267042,18,false,ocifamtv1z7as35vkc29ko9m5,2025-02-13T18:53:11Z,"psytrance","Ohmnitrix",0.743,0.887,6,-9.847,0,0.0654,0.171,0.79,0.24,0.146,141.992,4
spotify:track:1QdVhhxQF5g5Q6eGAHGwy4,"Somniabunt","Somniabunt","Ohmnitrix",2021-11-27,374072,4,false,ocifamtv1z7as35vkc29ko9m5,2025-02-13T19:01:58Z,"psytrance","Ohmnitrix",0.605,0.938,9,-6.815,1,0.0879,0.000152,0.836,0.101,0.35,145.013,4
spotify:track:56g9Tk8Jt6KNfcnvfMyZA5,"The Voice Of The Butterfly","The Crocodile Come Alive","Crocoloko",2018-01-11,458482,25,false,ocifamtv1z7as35vkc29ko9m5,2025-02-13T20:09:00Z,"psytrance,trance","Monokol Records",0.648,0.602,0,-9.565,1,0.045,0.0014,0.755,0.0998,0.154,145.01,4
spotify:track:6nSh5PiQiPJoLLuTResyy3,"The Crocodile Come Alive","The Crocodile Come Alive","Crocoloko",2018-01-11,446896,26,false,ocifamtv1z7as35vkc29ko9m5,2025-02-13T20:15:27Z,"psytrance,trance","Monokol Records",0.655,0.863,0,-8.949,1,0.0919,0.000537,0.754,0.157,0.601,144.971,4
spotify:track:2wy29RBixBECDOsXuBs7md,"Free Tibet - Vini Vici Remix","Free Tibet","Hilight Tribe;Vini Vici",2016-02-15,474782,62,false,ocifamtv1z7as35vkc29ko9m5,2025-02-13T21:28:51Z,"psytrance,trance","Iboga Records",0.382,0.947,1,-5.93,1,0.0662,0.0132,0.698,0.143,0.0728,103.495,3
spotify:track:7peptJv1WNcP8gUPzbXOFi,"Music & Drugs","Full On","GMS;Stryker",2020-10-19,458482,23,false,ocifamtv1z7as35vkc29ko9m5,2025-02-13T21:36:33Z,"psytrance,trance,progressive trance","United Beats Records",0.627,0.978,1,-6.476,1,0.0641,0.00103,0.791,0.354,0.235,145.036,4
spotify:track:4Cub8ib1MQ3uJ4aHtG9thd,"Chaos Theory","Chaos Theory","Talpa;Jilax",2023-05-05,289714,25,false,ocifamtv1z7as35vkc29ko9m5,2025-02-16T11:36:17Z,"psytrance,progressive trance,trance","Psyfeature",0.769,0.669,2,-9,1,0.0728,0.0966,0.871,0.09,0.0591,139.998,4
spotify:track:0K8VcGkXxvoEaMuHjAisIo,"Epilepsy","Geometry","Cosmic Energy",2021-01-11,224470,18,false,ocifamtv1z7as35vkc29ko9m5,2025-02-16T12:22:27Z,"psytrance,progressive trance","Madabeats Records",0.675,0.595,9,-8.78,1,0.102,0.000168,0.872,0.265,0.148,169.984,4
spotify:track:7cbo8CyXC0bZxHdMRF93eY,"Power Music","Power Music","WoZa;ALFA",2024-05-24,277000,12,false,ocifamtv1z7as35vkc29ko9m5,2025-02-16T12:49:22Z,"psytrance","360Feature",0.639,0.955,10,-5.93,1,0.0547,0.00766,0.803,0.13,0.545,144.985,4
spotify:track:28z7B1ctsuTyspQFda3xEl,"Tell Me Why - MEDUZA Extended Remix","Tell Me Why (MEDUZA Remix)","Supermode;MEDUZA",2022-09-02,508690,42,false,ocifamtv1z7as35vkc29ko9m5,2025-02-25T17:51:17Z,"hypertechno","Axtone Records",0.635,0.876,4,-6.637,1,0.0372,0.111,0.842,0.125,0.0816,126.006,4
spotify:track:6KoA8JgNhf2x0tGnrjjARD,"New Drug - Album Mix","Other Life","SpaceNoiZe",2018-12-17,421714,15,false,ocifamtv1z7as35vkc29ko9m5,2025-02-25T04:02:22Z,"psytrance,trance","X7M Records",0.659,0.969,5,-5.499,1,0.116,0.000626,0.796,0.694,0.0394,140.019,4
spotify:track:5RWKAOmbuZKoPw8oURCT8w,"Psycho Tribe","Psycho Tribe","Geronimo;Kobal (ARG)",2020-05-04,383999,1,false,ocifamtv1z7as35vkc29ko9m5,2025-02-25T04:16:56Z,"psytrance","Nutek America",0.717,0.863,11,-7.704,0,0.145,0.0151,0.87,0.464,0.43,145.018,4
spotify:track:3JzDCyuYxL8KS8FivTN5u0,"A Tribe From Mars","A Tribe From Mars","HAYTHAM.",2023-05-20,317419,4,false,ocifamtv1z7as35vkc29ko9m5,2025-02-25T18:08:05Z,"","Human Sense Records",0.702,0.521,7,-11.472,1,0.0378,0.00252,0.891,0.525,0.0381,124.013,4
spotify:track:7E7mC2HmBp4GqIaL3Tv8nv,"Focus","Focus","Jacob;Thorment",2023-04-28,253714,21,false,ocifamtv1z7as35vkc29ko9m5,2025-02-25T18:38:27Z,"psytrance,progressive trance,trance","Odiva Records",0.765,0.804,7,-6.765,0,0.0654,0.189,0.728,0.48,0.347,140.052,4
spotify:track:2QUw09bzm7nDY9uGT3TsMo,"Oceano","Oceano","Vermont (BR)",2023-11-28,297931,24,false,ocifamtv1z7as35vkc29ko9m5,2025-02-26T19:52:18Z,"psytrance,trance,progressive trance","Avant Garde Music",0.586,0.909,8,-6.639,1,0.0415,0.00786,0.791,0.127,0.223,145.017,4
spotify:track:1FTnb2i88kwHAua4wP31I9,"Galática","Galática","Vermont (BR);PIRAMD",2021-06-30,342400,32,false,ocifamtv1z7as35vkc29ko9m5,2025-02-26T20:11:33Z,"psytrance,trance,progressive trance","Minus32",0.532,0.889,3,-6.969,0,0.0514,0.00224,0.83,0.472,0.355,150.031,4
spotify:track:3q8ZRGphmm4M82R8G95kAG,"UFO","Hyper Mind EP","AHEE",2023-01-13,140689,9,false,ocifamtv1z7as35vkc29ko9m5,2025-02-27T18:58:16Z,"dubstep,bass music,riddim","Cyclops Recordings",0.644,0.904,11,-2.743,1,0.0681,0.00164,0.0254,0.357,0.227,145.063,4
spotify:track:28x62OsFCmJkabROAquJ68,"Yemenite","The Collection","UnderCover",2020-07-19,405517,30,false,ocifamtv1z7as35vkc29ko9m5,2025-02-27T20:21:15Z,"psytrance,trance,progressive trance","UnderCover",0.659,0.823,2,-7.543,1,0.0696,0.0019,0.892,0.225,0.0646,144.929,4
spotify:track:6P4CARgK8RpTLkRFIn0tt7,"Seekers Garden","Seekers Garden","Akari System",2024-09-13,354461,17,false,ocifamtv1z7as35vkc29ko9m5,2025-02-28T04:06:55Z,"minimal techno","AlpaKa MuziK",0.72,0.698,6,-9.114,0,0.06,0.00684,0.867,0.0563,0.176,130.002,4
spotify:track:4wNgW9y7Hb4rtV9DxxLrif,"Surreal","Vertere","Georgi Z",2019-12-20,393720,22,false,ocifamtv1z7as35vkc29ko9m5,2025-02-28T04:32:12Z,"minimal techno","PHOBIA Music Recordings",0.844,0.784,10,-9.705,1,0.05,0.0109,0.84,0.0991,0.11,124.977,4
spotify:track:3slKh0RB4NQ2IDnSATueiW,"Hit the Toad - Akari System Remix","Hit the Toad (Akari System Remix)","Kaufmann (DE);Akari System",2025-01-24,425538,19,false,ocifamtv1z7as35vkc29ko9m5,2025-02-28T04:41:00Z,"minimal techno,techno,melodic techno","Shadow Wulf",0.68,0.934,1,-6.119,0,0.0438,0.000108,0.635,0.101,0.0548,129.998,4
spotify:track:0aBiUm8MHNOEw083Sh7pUs,"Sonorus","Alea Iacta Est","Dexter Jexxster",2020-10-23,173142,14,false,ocifamtv1z7as35vkc29ko9m5,2025-02-28T22:21:55Z,"psytrance,progressive trance","ENIVERSE RECORDS",0.61,0.907,1,-6.352,0,0.0691,0.000415,0.0252,0.318,0.0825,140.015,4
spotify:track:07hqtCNUOr7qw7WjZI65vj,"Squid","Squid","Greenwolve;Unknown Concept",2023-04-27,457142,22,false,ocifamtv1z7as35vkc29ko9m5,2025-03-02T20:15:30Z,"minimal techno,psytrance","AlpaKa MuziK",0.806,0.664,7,-7.786,1,0.144,0.00263,0.779,0.506,0.339,126.021,4
spotify:track:2skQsDSFvPtvxCuE1Kklmv,"Sardaukar","BushpaKa, Vol. 3","Joonmack",2023-10-19,424615,4,false,ocifamtv1z7as35vkc29ko9m5,2025-03-02T20:21:54Z,"minimal techno","AlpaKa MuziK",0.895,0.647,8,-11.362,1,0.19,0.0255,0.701,0.0875,0.163,130.023,4
spotify:track:2lJHtGoMKzx12DVNNoXyy2,"Loose Links","Born Instinct 5","Grumble;Enoki",2023-06-29,471111,0,false,ocifamtv1z7as35vkc29ko9m5,2025-03-02T20:30:43Z,"psytrance","Universal Tribe Records",0.845,0.411,2,-14.148,1,0.0901,0.0772,0.833,0.0897,0.232,134.991,4
spotify:track:2hBPS66OkegQQ2AsxLNXD9,"Glorpular","The Morning Cuna Glorp","Koshiro",2024-02-20,515492,0,false,ocifamtv1z7as35vkc29ko9m5,2025-03-02T20:39:29Z,"psytrance","Universal Tribe Records",0.667,0.673,11,-9.827,1,0.0578,0.0246,0.85,0.0993,0.541,141.991,4
spotify:track:45JiVrWohhyWk16YagixfE,"My Mind","The New Breed, Vol.3","Persona",2022-02-03,392112,6,false,ocifamtv1z7as35vkc29ko9m5,2025-03-02T20:46:14Z,"psytrance","Zenon Records",0.783,0.688,0,-8.16,1,0.0652,0.000848,0.724,0.233,0.259,142.028,4
spotify:track:6Nll6omHnJntpW76tf6Hvf,"333","Melting Pixel Error","Noid",2023-08-29,444444,7,false,ocifamtv1z7as35vkc29ko9m5,2025-03-02T20:50:49Z,"psytrance,minimal techno","Occulta Records",0.817,0.794,7,-7.597,1,0.04,0.000374,0.82,0.107,0.775,135.017,4
spotify:track:58ARC3xDcLVjkq9C7kOTgS,"Organ Eyes","Permutations, Vol.9","ArtCore",2022-10-27,446956,4,false,ocifamtv1z7as35vkc29ko9m5,2025-03-02T21:01:00Z,"psytrance","Zenon Records",0.734,0.603,2,-9.654,1,0.0389,0.00516,0.839,0.0954,0.15,138.029,4
spotify:track:51bcupc8jyRjksVVVxtWkP,"Gishi","Gishi","Chemical Drive",2024-06-07,522042,7,false,ocifamtv1z7as35vkc29ko9m5,2025-03-02T22:01:15Z,"psytrance","360Feature",0.754,0.915,7,-6.627,1,0.0839,0.0014,0.847,0.0829,0.0338,142.006,4
spotify:track:1swzpeovXRTIoitU2TK1wb,"Meditate","Meditate","Suspect One",2024-02-23,370000,7,false,ocifamtv1z7as35vkc29ko9m5,2025-03-03T16:38:59Z,"minimal techno","AlpaKa MuziK",0.796,0.856,0,-4.779,1,0.077,0.000576,0.849,0.195,0.381,130.011,4
spotify:track:7dO4Gd62u4XvrWkTBuFe0J,"Reborn","Reborn","Aztoria;T-REX",2023-10-13,444933,4,false,ocifamtv1z7as35vkc29ko9m5,2025-03-03T19:05:55Z,"minimal techno,melodic techno,psytrance","Dense Nebula Records",0.704,0.782,1,-5.808,0,0.0648,0.0204,0.677,0.61,0.258,129.999,4
spotify:track:3OaUiuhWB2MS8pnItzY9rR,"Message from Orion","Small Talk Series, Vol. 4","KLIMENT",2015-03-23,443095,15,false,ocifamtv1z7as35vkc29ko9m5,2025-03-03T22:31:58Z,"psytrance,downtempo","Zenon Records",0.762,0.719,1,-7.864,1,0.0718,0.0153,0.824,0.313,0.117,131.01,4
spotify:track:1XJygYFUqphn4qE0ANvkfo,"Babushka Bell Pepper","4 Years of AlpaKa MuziK","Scionaugh;OnLock",2023-08-18,600960,3,false,ocifamtv1z7as35vkc29ko9m5,2025-03-03T22:41:38Z,"psytrance,minimal techno","AlpaKa MuziK",0.798,0.615,2,-8.46,1,0.0531,0.00357,0.848,0.501,0.204,125.014,4
spotify:track:16Sff1KTYV40cCxfHqdDt7,"Cathexis","Ambivalent Fields","Klipsun",2015-10-05,913051,8,false,ocifamtv1z7as35vkc29ko9m5,2025-03-03T22:48:43Z,"psytrance,progressive trance","Zenon Records",0.723,0.635,7,-9.48,1,0.0654,0.0164,0.823,0.205,0.13,129.008,4
spotify:track:4e5tPxmvGNjpYTaee6ZGno,"Close Call","Method to the Madness","Unknown Concept",2022-03-04,485178,14,false,ocifamtv1z7as35vkc29ko9m5,2025-03-03T23:49:51Z,"minimal techno","Alula Tunes",0.687,0.713,8,-8.577,1,0.0535,0.00122,0.906,0.102,0.233,128.007,4
spotify:track:2aXDvPGikQxmfvppdx1776,"Entering Heaven","Entering Heaven","Vandeta",2021-12-14,378591,6,false,ocifamtv1z7as35vkc29ko9m5,2025-03-05T01:40:35Z,"psytrance,progressive trance,trance","Alien Records",0.645,0.851,0,-6.779,1,0.0577,0.0176,0.769,0.107,0.466,142.02,4
spotify:track:68qgixCsd4WbE6H4Xokzbz,"Party On - Album Mix","Full On","GMS;Stryker;Mekkanikka;Sonic Species",2020-10-19,485070,37,false,ocifamtv1z7as35vkc29ko9m5,2025-03-05T02:10:59Z,"psytrance,trance,progressive trance","United Beats Records",0.649,0.918,7,-6.084,1,0.0581,0.000121,0.807,0.115,0.238,142.012,4
spotify:track:2rA7N7fMMoYeCgdEh4Bpga,"Psy Flute","Psy Flute","Fresh Drop",2021-11-26,283862,19,false,ocifamtv1z7as35vkc29ko9m5,2025-03-07T19:28:53Z,"psytrance,epadunk,progressive trance","Psyfeature",0.629,0.734,6,-6.694,0,0.102,0.0214,0.412,0.157,0.358,150.028,4
spotify:track:2xcrSYZvKbRnPKQmEdUIR5,"The Power of Now - Dekel Remix","The Power of Now Remixes 2018","Captain Hook;Dekel",2018-06-29,529051,45,false,ocifamtv1z7as35vkc29ko9m5,2025-03-13T16:09:40Z,"psytrance,progressive trance,trance","Iboga Records",0.704,0.773,7,-9.525,1,0.0429,0.00332,0.877,0.107,0.377,136.995,4
spotify:track:10r9wToUwNKAhSVmN1eZ0V,"Dealer","Dealer","Canabliss",2019-11-12,187916,38,true,ocifamtv1z7as35vkc29ko9m5,2025-03-12T03:20:05Z,"","1645002 Records DK",0.706,0.505,11,-8.357,1,0.424,0.0535,0.557,0.344,0.537,143.944,4
spotify:track:7m0xP08bcvcHFVnlEzOhBG,"Sahara - Original mix","Psychedelic Awakening","Astrix",2018-06-04,528000,50,false,ocifamtv1z7as35vkc29ko9m5,2025-03-12T03:44:41Z,"psytrance,trance,progressive trance","Future Music Records",0.526,0.923,6,-7.129,0,0.0727,0.00492,0.791,0.833,0.0365,144.999,4
spotify:track:2bWIInevRVzaYTdeCq4LSm,"One Second","One Second","Jacob;Phenomenal",2023-07-28,274285,18,false,ocifamtv1z7as35vkc29ko9m5,2025-03-12T03:48:54Z,"psytrance,progressive trance,trance","Odiva Records",0.879,0.639,1,-7.192,0,0.167,0.0782,0.669,0.272,0.398,140.044,4
spotify:track:2KH8qSlPs22iMNpMMgoS0Z,"Bless This Mess","Bless This Mess","Who Knows?;Mr. Nobody",2022-12-01,284571,18,false,ocifamtv1z7as35vkc29ko9m5,2025-03-12T03:52:58Z,"psytrance,progressive trance,trance","Psyfeature",0.634,0.693,9,-6.4,1,0.0568,0.0059,0.618,0.0981,0.564,140.013,4
spotify:track:6cyMWOfD05az9lNBNlRGNA,"The Ever Present Silent Observer","Origin","Captain Hook;Tetrameth",2018-11-29,488800,34,false,ocifamtv1z7as35vkc29ko9m5,2025-03-13T16:18:38Z,"psytrance,progressive trance,trance","Iboga Records",0.763,0.724,7,-8.093,1,0.0622,0.00214,0.773,0.623,0.325,139.997,4
spotify:track:1OhFVDwIYbZ4Th20RbN37I,"Ebe - Protonica Remix","Ebe (Protonica Remix)","Ace Ventura;Captain Hook;Protonica",2018-11-02,571094,37,false,ocifamtv1z7as35vkc29ko9m5,2025-03-13T19:56:35Z,"psytrance,progressive trance,trance","Iboga Records",0.465,0.767,1,-7.743,1,0.0677,0.00016,0.758,0.114,0.0337,136.995,4
spotify:track:7kyUQ0kLphMraQswv4kvJf,"Royal Blue feat. Maggie Miller","Journey EP","SoDown;Maggie Miller",2016-02-09,243588,33,false,ocifamtv1z7as35vkc29ko9m5,2025-03-14T19:36:11Z,"","Westwood Recordings",0.703,0.783,9,-6.974,0,0.0406,0.211,0.788,0.113,0.518,117.989,4
spotify:track:2ad5ZTXdqwIgZYu21jFC25,"Phenomenon - Unknown Concept Remix","Phenomenon | Remixed","arketech;Mecca;Unknown Concept",2023-11-08,448818,13,false,ocifamtv1z7as35vkc29ko9m5,2025-03-14T03:49:26Z,"minimal techno,bossa nova","Stone Seed",0.939,0.621,8,-7.749,1,0.135,0.00642,0.793,0.0946,0.152,127.034,4
spotify:track:5Ib2jlLGEk7UrxqCdGGnST,"Let It Drop","Let It Drop","From Space;Sirius",2022-07-28,251586,15,false,ocifamtv1z7as35vkc29ko9m5,2025-03-14T04:32:16Z,"psytrance,progressive trance","Psyfeature",0.594,0.852,7,-6.978,1,0.0568,0.00463,0.161,0.101,0.482,145.055,4
spotify:track:2Otv4kpv5ErhsIsq6QIKDN,"Zodiac","GRL GANG Presents: RIOT!","Zingara",2020-03-06,166400,40,false,ocifamtv1z7as35vkc29ko9m5,2025-03-14T22:41:57Z,"dubstep,bass music,riddim","GRL GANG",0.758,0.66,9,-6.667,1,0.0826,0.04,0.808,0.125,0.051,75.038,4
spotify:track:7hXkwQtnL3h9Qn9LvnqE2c,"hooked on jungle","Awaken","Merkaba",2010-11-10,671304,29,false,ocifamtv1z7as35vkc29ko9m5,2025-03-17T17:23:49Z,"psytrance,trance","Zenon Records",0.747,0.508,2,-9.971,1,0.0571,0.0153,0.727,0.0742,0.486,137.988,4
spotify:track:3aPQD29x0lLozN9aDtpdnl,"Metasphere","Interdependence","KLIMENT",2018-05-10,447360,26,false,ocifamtv1z7as35vkc29ko9m5,2025-03-17T17:29:51Z,"psytrance,downtempo","Zenon Records",0.829,0.595,7,-8.73,1,0.0389,0.00624,0.845,0.116,0.12,125.015,4
spotify:track:0lXmfQgODj6QRrKhoU2r3z,"SOUL - VIP","SOUL (VIP)","ZEKE BEATS;Ravenscoon;Born I;Seeka",2024-05-01,142000,30,false,ocifamtv1z7as35vkc29ko9m5,2025-03-18T04:01:25Z,"bass music,dubstep,drumstep,edm trap","WAKAAN",0.662,0.909,1,-3.148,1,0.305,0.0614,0.000663,0.218,0.294,139.906,4
spotify:track:7m4hqGh6fgJWwFmAK4pPQp,"Y2K-Hole - Original mix","Acid Trip Advisor","Headroom (SA)",2022-02-04,450000,20,false,ocifamtv1z7as35vkc29ko9m5,2025-03-19T03:38:44Z,"psytrance,progressive trance,trance","Iboga Records",0.797,0.807,6,-8.159,0,0.0617,0.000479,0.824,0.295,0.253,140.019,4
spotify:track:1tkS8yt5NwTZkqFvZMxM0F,"Rave Harder Techno Bass","Rave Harder Techno Bass","Mark Dekoda",2022-03-18,360000,59,false,ocifamtv1z7as35vkc29ko9m5,2025-03-25T15:27:21Z,"techno,minimal techno,acid techno","Scythe Recordings",0.784,0.888,4,-6.617,0,0.165,0.0158,0.892,0.169,0.13,135.995,4
spotify:track:3JLpwzhVvYeotNSI4izQUV,"Dance For Me (1, 2, 3) - Stutter Techno","Dance For Me (1, 2, 3)","Sonny Wern;Lyente;Quinten Circle;ZANA",2023-10-06,147895,5,false,ocifamtv1z7as35vkc29ko9m5,2025-03-25T16:31:17Z,"hypertechno,techno,stutter house","HMG",0.708,0.975,10,-5.571,0,0.0674,0.0512,0.238,0.109,0.317,155.003,4
spotify:track:1mWbB1bGjvdZR3vFtaT2gL,"Gam Gam - 2023","Gam Gam (2023)","Deborah de Luca;Mauro Pilato;Max Monti",2023-03-24,248888,19,false,ocifamtv1z7as35vkc29ko9m5,2025-03-25T16:36:35Z,"techno,acid techno,hard techno","Smilax Records",0.592,0.96,1,-6.969,1,0.12,0.0249,0.858,0.445,0.0385,135.002,4
spotify:track:0aoeXzMxq1945xRbWHirrO,"Kernkraft 400","Kernkraft 400","GYMBRO;Ken",2023-07-12,126915,6,false,ocifamtv1z7as35vkc29ko9m5,2025-03-25T16:37:29Z,"hypertechno,techno","Slagelhag Records",0.481,0.95,4,-6.706,1,0.0823,0.0069,0.843,0.408,0.0394,140.057,4
spotify:track:13YWp1iozoy7YACZsRqRnK,"Humans Love Me","Retro Future, Vol. 3","T78",2022-08-22,304000,28,false,ocifamtv1z7as35vkc29ko9m5,2025-03-25T16:42:55Z,"techno,acid techno,hard techno,tekno","Autektone Records",0.673,0.874,9,-7.17,1,0.085,0.00063,0.696,0.134,0.239,135.004,4
spotify:track:2HAVzWKbG539XNDlWz3FX5,"Push It","Push It","Hardwell;AFROJACK;MERYLL",2023-11-10,248571,36,false,ocifamtv1z7as35vkc29ko9m5,2025-03-25T16:55:31Z,"big room,edm,progressive house,electronica,hardstyle,tech house","Revealed Recordings",0.604,0.995,2,-5.288,1,0.102,0.00964,0.842,0.186,0.0719,140.011,4
spotify:track:3AF3nGA0feGjLByXNvvSKJ,"Fuck This","Fuck This","HOLY PRIEST;elMefti;FACELESS",2023-07-28,207631,61,true,ocifamtv1z7as35vkc29ko9m5,2025-03-25T17:31:59Z,"hard techno,techno,hardcore techno,tekno,hardstyle","Revised Records",0.676,0.973,1,-6.344,1,0.0716,0.000284,0.744,0.121,0.072,151.996,4
spotify:track:0ZfPM1tQm750gUVC3NWqzl,"Catching Killers","Catching Killers","Karashnikov;CORTES;GEWOONRAVES",2023-10-19,266761,22,false,ocifamtv1z7as35vkc29ko9m5,2025-03-25T17:33:57Z,"hard techno,techno,acid techno,tekno,hardcore techno,industrial","Zentryc",0.65,0.749,2,-9.579,1,0.0762,0.011,0.909,0.126,0.114,159.987,4
spotify:track:24ODAgW6PvaHTl7QUgaoqk,"Serenity","Serenity","Belocca;Nusha",2022-10-07,415522,39,false,ocifamtv1z7as35vkc29ko9m5,2025-03-25T18:06:15Z,"acid techno,techno,hard techno","Mainground Music",0.735,0.977,11,-5.638,0,0.0669,0.00278,0.884,0.0961,0.171,133.996,4
spotify:track:5ZUB0BNuzPR9xC1r5VcLrl,"Sweet Dreams","Sweet Dreams","Perfect Pitch;Rocco",2023-10-27,160861,60,false,ocifamtv1z7as35vkc29ko9m5,2025-03-25T18:14:29Z,"hypertechno","You Love Dance",0.747,0.832,10,-6.037,1,0.0353,0.218,0.000107,0.352,0.0496,135.053,4
spotify:track:5p7FiZUYjOq9TAnDW8JfMI,"Matter Is Mind","Something Weird In My Head","Fractal Joke;Dharana",2021-09-09,503829,18,false,ocifamtv1z7as35vkc29ko9m5,2025-03-26T16:22:54Z,"psytrance,progressive trance","Zenon Records",0.714,0.938,2,-6.981,1,0.125,0.00798,0.0446,0.0884,0.622,141.004,4
spotify:track:0vw5UQOy1V0huYxwVfw91z,"Aztlan","Logic","DJ Galactic",2025-02-21,370391,1,false,ocifamtv1z7as35vkc29ko9m5,2025-03-31T15:11:57Z,"","DJ Galactic",0.793,0.84,1,-6.624,1,0.0426,0.0000165,0.865,0.116,0.137,133.342,4
spotify:track:4VtsLbU3MGaFRpAwFsbVcg,"Faceplant On The Galaxy","Faceplant On The Galaxy","INZO;LSDREAM",2024-05-03,285529,35,false,ocifamtv1z7as35vkc29ko9m5,2025-03-30T20:19:16Z,"future bass,dubstep,bass music,edm","Lowly",0.423,0.846,4,-3.286,1,0.188,0.00375,0.112,0.241,0.184,170.302,4
spotify:track:6FSG4uKwi4Ofs6yWSqmyeZ,"Falling Flying","Ouroboros","GRiZ",2023-10-06,223058,57,false,ocifamtv1z7as35vkc29ko9m5,2025-03-30T20:29:55Z,"dubstep,edm","GRiZ LLC",0.438,0.875,0,-6.683,0,0.344,0.00223,0.738,0.123,0.102,169.999,4
spotify:track:6YmjVULQdpwvJuHdJjEGBW,"I Wanna Know (Skysia Remix)","Vital Signs Remixed","Maddy O'Neal;Xenotype;Skysia",2025-02-04,224571,24,false,ocifamtv1z7as35vkc29ko9m5,2025-03-30T22:23:08Z,"bass music,downtempo","Maddy O'Neal Music",0.778,0.65,9,-5.665,1,0.0616,0.0314,0.424,0.216,0.32,140.064,4
spotify:track:0wLlQRHinbafWOL7t29n8P,"Til The Color Fades","GEMiNI EP","GRiZ",2025-03-21,312000,40,true,ocifamtv1z7as35vkc29ko9m5,2025-03-30T22:23:14Z,"dubstep,edm","GRiZ LLC",0.629,0.911,1,-4.822,1,0.0629,0.0261,0.00452,0.324,0.149,139.924,4
spotify:track:6Rqbg1ME7T7DinH88nd5Ig,"Overthinker - CloZee Remix","Overthinker (CloZee Remix)","INZO;CloZee",2021-02-05,284495,42,false,ocifamtv1z7as35vkc29ko9m5,2025-03-30T22:23:18Z,"future bass","Lowly",0.353,0.746,0,-7.212,0,0.104,0.0684,0.000525,0.0797,0.381,89.003,4
spotify:track:6c2gWZLWW0h6GDhHv83XGi,"2-step Nassau","GEMiNI EP","GRiZ",2025-03-21,154285,51,true,ocifamtv1z7as35vkc29ko9m5,2025-03-30T23:49:07Z,"dubstep,edm","GRiZ LLC",0.738,0.958,2,-2.203,1,0.229,0.264,0.000594,0.413,0.299,139.961,4
spotify:track:53deSDv0feYLS4mRuqSyQa,"Spill","Spill","LYNY;Big Narstie",2023-06-09,142562,44,true,ocifamtv1z7as35vkc29ko9m5,2025-03-30T23:49:13Z,"bass music,grime,uk grime","Noxious Recordings",0.877,0.386,6,-8.734,0,0.27,0.108,0.00169,0.464,0.256,127.976,4
spotify:track:3bPKEZDPuxu8DvUgKKV7cE,"Phantasm - Original Mix","Phantasm","Austeria",2025-03-21,179555,32,false,ocifamtv1z7as35vkc29ko9m5,2025-03-30T23:49:21Z,"dubstep,riddim","Austeria LLC",0.37,0.737,11,-5.291,0,0.0627,0.00121,0.0434,0.0994,0.0353,134.941,4
spotify:track:7jc1Hk8PtZZbeuLckC9EvB,"Funky Fusion","SIDEQUEST","INZO",2023-11-30,176940,27,false,ocifamtv1z7as35vkc29ko9m5,2025-03-30T23:49:26Z,"future bass","Lowly",0.797,0.767,11,-3.947,0,0.0974,0.000177,0.71,0.0599,0.687,125.036,4
spotify:track:1n6bdCMqokxlX0f0SduzF3,"Postman","Postman","Levity",2025-02-05,191379,58,false,ocifamtv1z7as35vkc29ko9m5,2025-03-30T23:49:32Z,"dubstep","Ultra Records, LLC",0.433,0.772,11,-3.904,1,0.154,0.11,0,0.16,0.331,144.733,4
spotify:track:2XW1q1gzhGwYuidPzj6pzp,"Aint No Thang","Daisy Dukes & Cowboy Boots","TVBOO;INZO;ProbCause",2024-09-13,173333,24,true,ocifamtv1z7as35vkc29ko9m5,2025-03-30T23:49:41Z,"dubstep,bass music,riddim,future bass","WAKAAN",0.608,0.966,1,-2.996,1,0.307,0.00493,0.000453,0.261,0.497,89.993,4
spotify:track:2cFHcozWQ8Kpm42bhdFqfI,"Young Majestic","Young Majestic","INZO",2024-03-29,147555,45,false,ocifamtv1z7as35vkc29ko9m5,2025-03-30T23:52:02Z,"future bass","Lowly",0.853,0.566,1,-6.685,1,0.286,0.015,0.0055,0.948,0.35,135.047,4
spotify:track:78gdoEw0f0uIaOsS2F51lP,"NIGHTHAWK","LSZEE","CloZee;LSDREAM",2024-09-27,186857,33,false,ocifamtv1z7as35vkc29ko9m5,2025-04-02T17:20:46Z,"dubstep,bass music,edm","Odyzey Music & Heartwave",0.742,0.785,10,-6.616,0,0.0388,0.0164,0.923,0.186,0.0716,140.03,4
spotify:track:7HyPm8fVThuM4CKOIibRiz,"CHRYSALIS","LSZEE","CloZee;LSDREAM",2024-09-27,259200,35,false,ocifamtv1z7as35vkc29ko9m5,2025-04-02T17:34:38Z,"dubstep,bass music,edm","Odyzey Music & Heartwave",0.549,0.926,6,-5.615,0,0.11,0.0313,0.158,0.674,0.176,74.734,4
spotify:track:5ohWTueUkZfD4EATnyCnAx,"DESTINY","LSZEE","CloZee;LSDREAM;Born I",2024-09-27,245454,32,false,ocifamtv1z7as35vkc29ko9m5,2025-04-02T17:51:41Z,"dubstep,bass music,edm,edm trap","Odyzey Music & Heartwave",0.541,0.858,7,-4.21,0,0.0818,0.0491,0.0000517,0.214,0.206,87.928,4
spotify:track:65rJm3bVIiepob1urW1nw3,"Soul Call","Soul Call","Canabliss",2023-03-02,219800,47,false,ocifamtv1z7as35vkc29ko9m5,2025-04-02T18:07:35Z,"","SSKWAN",0.715,0.666,9,-7.638,0,0.0354,0.467,0.95,0.108,0.473,139.99,4
spotify:track:6EzgwfN2xUIPPglueEkTD8,"Lower","Lower","Lumasi;ProbCause",2024-05-31,174000,0,false,ocifamtv1z7as35vkc29ko9m5,2025-04-02T18:13:48Z,"bass music,dubstep","Cyclops Recordings",0.686,0.515,6,-6.558,0,0.0435,0.494,0.0577,0.0869,0.0613,120.07,4
spotify:track:6UUHSZY42nNQZVjLuDUguX,"Feel Alive","Feel Alive","Stylust",2023-09-29,162206,33,false,ocifamtv1z7as35vkc29ko9m5,2025-04-02T18:24:47Z,"bass music,dubstep","Sleeveless Records",0.583,0.739,6,-6.073,0,0.0332,0.00217,0.522,0.315,0.148,144.97,4
spotify:track:2H5IkzGa5vGQVEXFjYyaWi,"Straight Killa","Straight Killa","WonkyWilla",2024-07-12,158275,17,false,ocifamtv1z7as35vkc29ko9m5,2025-04-02T19:08:37Z,"dubstep,bass music","Wonkys Factory",0.822,0.797,1,-9.735,1,0.176,0.0286,0.381,0.285,0.544,145.073,4
spotify:track:5QxuFcNJ9WsSJmRzj8Z1GZ,"Time To Move On","Time To Move On","Hozho",2020-10-30,600500,36,false,ocifamtv1z7as35vkc29ko9m5,2025-04-07T17:06:02Z,"minimal techno,techno,melodic techno","MadWorks Music B.V",0.743,0.697,1,-6.922,1,0.039,0.0483,0.709,0.109,0.211,126.989,4
spotify:track:6GQLDSFhC9JdVQIbHUcXtf,"On The Floor","On The Floor","Vincent Antone",2022-07-26,204878,37,true,ocifamtv1z7as35vkc29ko9m5,2025-04-02T20:16:04Z,"","DnT Records",0.767,0.496,9,-7.651,1,0.262,0.0317,0,0.0754,0.563,164.062,4
spotify:track:3m7yHyxpBJVZC4RlyI9u04,"Cruisin'","Cruisin'","Vincent Antone",2023-02-28,234838,40,true,ocifamtv1z7as35vkc29ko9m5,2025-04-02T20:18:09Z,"","DnT Records",0.644,0.763,5,-5.975,1,0.107,0.0356,0.002,0.0664,0.545,93.044,4
spotify:track:4sTaE5duYCVD6wM42tc33s,"Everyday People","Everyday People","Vincent Antone",2023-01-31,184421,34,false,ocifamtv1z7as35vkc29ko9m5,2025-04-02T20:36:44Z,"","DnT Records",0.692,0.919,5,-4.051,0,0.0739,0.011,0.0139,0.263,0.693,95.051,4
spotify:track:3kTlX04YqJqj8uJ4WzyVCM,"Respect","Unlimited","Vincent Antone",2024-06-04,209361,25,true,ocifamtv1z7as35vkc29ko9m5,2025-04-02T20:39:55Z,"","DnT Records",0.699,0.88,3,-4.248,0,0.123,0.00906,0.00598,0.662,0.83,93.948,4
spotify:track:7kxjNX9vnbxkwWJaSW1pZN,"Wild West Pimp Style","Wild West Pimp Style","Vincent Antone",2021-07-06,282671,20,false,ocifamtv1z7as35vkc29ko9m5,2025-04-02T21:33:55Z,"","DnT Records",0.662,0.743,5,-6.658,0,0.0426,0.0508,0.00803,0.273,0.708,89.997,4
spotify:track:48abYOiPEloRHZ4XsMmVDA,"Smoak & Sip","Smoak & Sip","Smoakland;SIPPY;ProbCause",2024-02-23,222315,32,false,ocifamtv1z7as35vkc29ko9m5,2025-04-03T00:59:45Z,"bass music,dubstep,riddim","Deadbeats",0.747,0.92,9,-2.868,1,0.307,0.00803,0,0.354,0.6,94.968,4
spotify:track:7fSzPb1hQC8JRFWgpwdWRn,"Gassed Up","Ghost Ride The Spaceship","Homemade Spaceship",2023-08-17,186086,11,false,ocifamtv1z7as35vkc29ko9m5,2025-04-03T16:15:45Z,"bass music","Homemade Spaceship",0.832,0.762,11,-4.646,0,0.095,0.063,0.495,0.121,0.359,138.03,4
spotify:track:26ykYX8xQgECWm5ax7iVrX,"Sapped","INTERTWINED","EAZYBAKED;Of The Trees",2022-03-04,231111,48,false,ocifamtv1z7as35vkc29ko9m5,2025-04-03T16:36:04Z,"bass music,dubstep","EAZYBAKED",0.784,0.299,9,-7.061,0,0.0676,0.0119,0.731,0.119,0.0767,135.1,4
spotify:track:02fZI9IsQbyZL5uhQfJ73u,"Head Knockin","Head Knockin","WonkyWilla;Ghost Lotus",2023-05-26,158896,29,false,ocifamtv1z7as35vkc29ko9m5,2025-04-03T16:53:00Z,"dubstep,bass music","4746503 Records DK2",0.648,0.817,8,-5.207,1,0.199,0.00173,0.071,0.306,0.347,144.981,4
spotify:track:1mH6LCjX9SiM6rJEEz8jz4,"Sip On This","Sip On This","SIPPY",2024-06-14,200787,42,false,ocifamtv1z7as35vkc29ko9m5,2025-04-03T17:31:06Z,"dubstep,riddim,bass music","Monstercat",0.753,0.72,11,-2.398,1,0.0337,0.00938,0.726,0.467,0.448,97.033,4
spotify:track:53nhVLUtEPPHxiu7PzAxSk,"Chillin, Killin","Chillin, Killin","VAMPA",2018-12-19,215342,42,false,ocifamtv1z7as35vkc29ko9m5,2025-04-03T17:58:57Z,"dubstep,riddim","Kannibalen Records",0.685,0.69,11,-3.928,0,0.0986,0.0187,0.0649,0.121,0.376,73.012,4
spotify:track:6t7QJBcI7xDcjKjRO4mBDf,"Bone Breaker","Bone Breaker","SIPPY;NEOTEK",2023-01-27,202758,40,false,ocifamtv1z7as35vkc29ko9m5,2025-04-03T18:07:57Z,"dubstep,riddim,bass music","Deadbeats",0.437,0.88,2,-3.546,1,0.0795,0.0103,0.813,0.153,0.056,145.019,4
spotify:track:1fTxD2WAaESaaXJqg2av2X,"The Banana Song","The Banana Song","SIPPY",2024-04-01,165677,35,false,ocifamtv1z7as35vkc29ko9m5,2025-04-03T19:52:53Z,"dubstep,riddim,bass music","Monstercat",0.801,0.809,6,-2.366,1,0.194,0.204,0.0000234,0.0433,0.851,77.476,4
spotify:track:2tsZFN0LdpK8MOWokWjtin,"Venom","Venom","VAMPA",2019-07-04,229859,25,false,ocifamtv1z7as35vkc29ko9m5,2025-04-03T21:19:01Z,"dubstep,riddim","Drama Club Recordings",0.737,0.87,1,-4.358,1,0.0897,0.000689,0.0121,0.108,0.671,71.012,4
spotify:track:0M0l4xJeXukyttZTQkYF8O,"Encore","Encore","Boogie T",2024-02-23,198298,33,false,ocifamtv1z7as35vkc29ko9m5,2025-04-03T21:42:50Z,"dubstep,riddim,bass music,edm,dub","Drama Club Recordings",0.729,0.746,4,-6.266,1,0.323,0.256,0.000108,0.296,0.448,140.095,4
spotify:track:0XzEVq6uSGqDPbG4geu7AS,"Crique","Crique","Canabliss",2019-12-27,218357,30,false,ocifamtv1z7as35vkc29ko9m5,2025-04-05T22:17:36Z,"","1645002 Records DK",0.744,0.568,1,-9.107,0,0.125,0.0754,0.87,0.153,0.309,139.961,4
spotify:track:6mRrNXJx6AVlOm9txOH0C1,"Fractal Creampie","Small Talk Series, Vol.7","KLIMENT;Krumelur",2016-09-26,435404,18,false,ocifamtv1z7as35vkc29ko9m5,2025-04-06T04:32:40Z,"psytrance,downtempo,progressive trance","Zenon Records",0.691,0.61,1,-11.644,1,0.0474,0.00324,0.835,0.275,0.191,131.032,4
spotify:track:5QoguAlrPT4C56mmPtguEd,"Fourofour (Edit)","Fourofour","Thomas Helmich",2023-02-03,194362,4,false,ocifamtv1z7as35vkc29ko9m5,2025-04-07T18:02:08Z,"melodic techno,minimal techno,melodic house","luft & liebe",0.571,0.947,8,-8.239,0,0.0446,0.0912,0.828,0.102,0.294,130.981,4
spotify:track:56WiMUDQp79uR9z0IS31Zk,"Fama Land","Fama Land","Massano",2025-02-14,204799,36,false,ocifamtv1z7as35vkc29ko9m5,2025-04-07T18:16:55Z,"melodic techno,melodic house,techno","Simulate Recordings",0.73,0.903,6,-4.907,1,0.0552,0.00898,0.765,0.0977,0.691,132.016,4
spotify:track:4YV7O5gXZ7tB01EvBDXJEk,"Connected - 2015 Remastered","The Hits Remastered","Avalon;Mad Maxx",2015-08-10,483356,26,false,ocifamtv1z7as35vkc29ko9m5,2025-04-07T20:04:18Z,"psytrance,trance,progressive trance","United Beats Records",0.624,0.93,0,-5.108,1,0.0357,0.0000664,0.801,0.762,0.0928,142.985,4
spotify:track:2a0MXNSukUC3ZfORJNmW6n,"Mind Is God - Original Mix","Mind Is God - Single","Space Tribe;Mad Maxx",2012-10-15,540000,39,false,ocifamtv1z7as35vkc29ko9m5,2025-04-07T20:11:44Z,"psytrance,trance,progressive trance","Space Tribe Music",0.47,0.968,8,-8.386,1,0.0472,0.000045,0.816,0.11,0.274,145.002,4
spotify:track:66k4uBUp6Q0uQIRyhR1TbU,"Guided Meditation","Guided Meditation","Mad Maxx;Stryker",2024-03-22,541643,32,false,ocifamtv1z7as35vkc29ko9m5,2025-04-07T20:22:01Z,"psytrance,trance,progressive trance","United Beats Records",0.61,0.881,7,-5.517,1,0.0762,0.000169,0.76,0.106,0.207,146.021,4
spotify:track:5Xw7riSdSL7mWmxXZCBZrM,"Ganesha Namah - Original Mix","Shivadelics","Mad Maxx;Shivadelic",2013-02-04,561126,33,false,ocifamtv1z7as35vkc29ko9m5,2025-04-07T20:32:53Z,"psytrance,trance,progressive trance","Digital Om",0.472,0.941,7,-6.592,1,0.0422,0.0000345,0.729,0.142,0.0831,142.012,4
spotify:track:2Dhkx7pibdb5R5AQVQieXV,"Just A Dab","Just A Dab","Mad Maxx;Mekkanikka",2018-07-30,476689,29,false,ocifamtv1z7as35vkc29ko9m5,2025-04-07T20:43:29Z,"psytrance,trance,progressive trance","Tip Records",0.611,0.944,1,-6.18,1,0.0459,0.000169,0.698,0.0716,0.151,145.016,4
spotify:track:6hqL7KUmgXXoJ4TRgSmAEZ,"Shattering the Portal","Shattering the Portal","Celestial Void;Lonehaven;Sydney Grimm",2025-02-21,311172,22,false,ocifamtv1z7as35vkc29ko9m5,2025-04-07T21:02:24Z,"melodic bass,deathstep,future bass,dubstep","Jade City",0.246,0.552,1,-5.444,0,0.037,0.0983,0,0.443,0.0569,73.023,4
spotify:track:6oahvrylwex0z8MuqTwZEy,"Kinetic Streams","Kinetic Streams","Celestial Void;Lonehaven;HYLIA",2024-03-22,212000,20,false,ocifamtv1z7as35vkc29ko9m5,2025-04-07T21:07:21Z,"melodic bass,deathstep,future bass,dubstep","Jade City",0.187,0.824,2,-3.192,0,0.133,0.025,0,0.169,0.45,73.359,4
spotify:track:2dlsqUZc32OhmXtOVtl6Dy,"Gates of Duat","Gates of Duat","Celestial Void;Lonehaven;3Kingdoms",2023-09-08,225103,8,false,ocifamtv1z7as35vkc29ko9m5,2025-04-07T21:10:47Z,"melodic bass,deathstep,future bass,dubstep","Exuvium Records",0.366,0.921,8,-5.018,0,0.145,0.239,0.283,0.0684,0.165,144.962,4
spotify:track:6MCDIGFYf7zTpxIkYnBEmA,"Lost In Time","Lost In Time","Sonic Entity",2020-07-06,400563,19,false,ocifamtv1z7as35vkc29ko9m5,2025-04-10T03:09:30Z,"psytrance,progressive trance,trance","TesseracTstudio",0.588,0.954,10,-5.812,0,0.0569,0.00153,0.785,0.171,0.255,142.005,4
spotify:track:5GnZRFYVMnr2sb5nv1qCLy,"The Turning Point","The Turning Point","Multiverse",2024-10-18,372798,2,false,ocifamtv1z7as35vkc29ko9m5,2025-04-10T03:33:02Z,"psytrance","Divinity Records",0.554,0.892,1,-7.01,1,0.0595,0.000942,0.711,0.0846,0.209,150.02,4
spotify:track:0fzP5cIsXW3NXOCgjjJPSR,"Input Output","some ep","deadmau5",2024-07-19,588255,0,false,ocifamtv1z7as35vkc29ko9m5,2025-04-11T02:11:23Z,"edm,progressive house,dubstep","EpicWin Ltd",0.771,0.902,8,-7.023,1,0.0552,0.00638,0.886,0.12,0.0319,128.009,3
spotify:track:0Un5AtyJe9jlGKs0c6odCd,"Where You Are","Where You Are","Secret Recipe;Noizon",2020-01-31,164199,19,false,ocifamtv1z7as35vkc29ko9m5,2025-04-12T08:18:33Z,"bass music","Bassrush Records",0.658,0.527,2,-7.002,1,0.0447,0.000304,0.568,0.0894,0.08,140.048,4
spotify:track:5zPcu44evjYM9Y8M9lBFgg,"Tractor Beam","Tractor Beam","Evalution",2023-12-08,180000,0,false,ocifamtv1z7as35vkc29ko9m5,2025-04-13T18:35:58Z,"bass music,dubstep","MorFlo Records",0.698,0.973,6,-0.774,1,0.113,0.00248,0.00394,0.211,0.785,100.011,4
spotify:track:2dP5ml46aZyNhI7l9S6QZr,"Set You Free","Modern Throwback","Smoakland",2020-04-06,156000,30,false,ocifamtv1z7as35vkc29ko9m5,2025-04-13T18:41:08Z,"bass music,dubstep","The Gradient Perspective Records",0.728,0.929,9,-4.641,1,0.265,0.00866,0.0922,0.772,0.481,79.98,4
spotify:track:192z5Z3rNG1EnijwohZoAW,"More Than Anything (Love & Light Remix)","DownTemple Dub: Remixed","Desert Dwellers;Love & Light",2012-04-03,241800,31,false,ocifamtv1z7as35vkc29ko9m5,2025-04-18T15:20:38Z,"downtempo,glitch,crunk","Black Swan",0.662,0.711,10,-7.712,0,0.0543,0.00013,0.753,0.299,0.409,90.001,4
spotify:track:5N1pifQUDMlI03pVgaqN6K,"Ghost","Ghost","Benzoo",2021-12-16,332258,34,false,ocifamtv1z7as35vkc29ko9m5,2025-04-18T16:20:30Z,"psytrance,progressive trance","Blue Tunes Records",0.88,0.586,11,-7.648,0,0.0969,0.0139,0.236,0.0733,0.121,140.037,4
spotify:track:32gHdwjfwcyOGd0jW6xLnP,"Stay","Stay","Omiki;Skazi;Lynn",2023-02-10,220714,41,false,ocifamtv1z7as35vkc29ko9m5,2025-04-18T16:52:12Z,"psytrance,trance,progressive trance,melodic techno,afro house","Spin Twist Records",0.636,0.843,6,-6.456,0,0.0605,0.0104,0.382,0.777,0.155,139.928,4
spotify:track:20Y4EAmSXru3foatDg4OqN,"LET'S GO","LET'S GO","Jaden Bojsen;Sami Brielle",2024-07-05,193091,75,true,ocifamtv1z7as35vkc29ko9m5,2025-04-19T20:23:48Z,"","ALT:Vision Records",0.8,0.715,1,-6.79,0,0.0861,0.016,0.545,0.122,0.597,128.997,4
spotify:track:5JpJA7Pvrt96dMdfX0fViA,"Technoaid","Initiation","Dekel",2017-05-22,569577,40,false,ocifamtv1z7as35vkc29ko9m5,2025-04-22T15:49:30Z,"psytrance,trance,progressive trance","Stereo Society",0.756,0.498,9,-10.105,1,0.0865,0.0635,0.726,0.0811,0.14,142.008,4
spotify:track:5LePeqVPPuMSPXf341mitU,"Watch Out","Watch Out","Quackson",2023-03-02,169411,20,false,ocifamtv1z7as35vkc29ko9m5,2025-04-23T21:13:51Z,"","Aviary Records",0.748,0.838,2,-3.956,1,0.0612,0.0121,0.879,0.527,0.156,84.964,4
spotify:track:49MGj5lHTXCP02D4DCgbod,"Facedropper","Facedropper","Shanghai Doom;DAIZY",2024-02-02,195200,0,false,ocifamtv1z7as35vkc29ko9m5,2025-04-23T22:24:55Z,"bass music,dubstep,riddim","MorFlo Records",0.775,0.728,9,-4.261,1,0.364,0.018,0.502,0.14,0.219,149.867,4
spotify:track:1d5SHgIQEdWvLKWMiaGHTW,"Ignorant","Ignorant","Quackson",2024-01-12,177230,13,false,ocifamtv1z7as35vkc29ko9m5,2025-04-23T23:53:46Z,"","Bassrush Records",0.881,0.871,2,-3.212,1,0.107,0.154,0.444,0.0986,0.061,130.021,4
spotify:track:6yeAVqoLT7iyAMfhZnaMhr,"Blow Ya Mind","Blow Ya Mind","Cool Customer",2023-05-19,214076,50,false,ocifamtv1z7as35vkc29ko9m5,2025-04-26T20:15:39Z,"bass music","Cyclops Recordings",0.567,0.941,8,-2.574,0,0.0649,0.00682,0.751,0.095,0.147,92.009,4
spotify:track:3ywT26BnBxt1hSyXphVRu2,"Tippy","Tippy","Austeria",2023-12-13,200000,50,false,ocifamtv1z7as35vkc29ko9m5,2025-04-26T20:18:53Z,"dubstep,riddim","Wubaholics",0.552,0.445,8,-9.519,0,0.0895,0.00784,0.129,0.676,0.158,120.155,4
spotify:track:1xZKNUW5VRUk0H862rHqE8,"Symphonique","Symphonique","PACS",2023-09-01,421935,15,false,ocifamtv1z7as35vkc29ko9m5,2025-04-27T00:02:21Z,"melodic techno,melodic house","UP Club Records",0.751,0.923,11,-5.473,0,0.0704,0.000886,0.909,0.11,0.429,123.995,4
spotify:track:0m3lffh2lBJ1yCuWyA5SDi,"CIVIC","Bass Sax Beats, Vol. 3","Michael Wilbur",2023-09-15,161000,36,false,ocifamtv1z7as35vkc29ko9m5,2025-04-27T00:21:40Z,"jazz funk","Big Friendly Recordings",0.819,0.788,9,-6.645,1,0.0539,0.701,0.154,0.101,0.86,119.99,4
spotify:track:4xSt8djy5zyb4dFzrZv1lR,"The 5th World - Trilingo Remix","The 5th World","Ben Rama;Trilingo",2020-06-19,402000,9,false,ocifamtv1z7as35vkc29ko9m5,2025-04-28T15:17:53Z,"minimal techno","Techgnosis Records",0.806,0.436,2,-11.154,1,0.0911,0.02,0.841,0.127,0.113,126.034,4
spotify:track:2IAD35q7mo37QDIEKuCUMe,"Exception","Exception","Luis M;Unknown Concept",2022-11-25,460625,12,false,ocifamtv1z7as35vkc29ko9m5,2025-04-28T15:22:35Z,"minimal techno,techno","Subios Records",0.827,0.797,5,-7.531,0,0.115,0.00153,0.823,0.0899,0.41,128.008,4
spotify:track:0wx6LG6xT0gmYPm6yvb4vT,"Riots in My Head - Unknown Concept Remix","Riots in My Head (Unknown Concept Remix)","Miles From Mars;Unknown Concept",2024-05-25,517968,6,false,ocifamtv1z7as35vkc29ko9m5,2025-04-28T15:31:42Z,"minimal techno,psytrance","Digital Structures",0.767,0.776,1,-8.28,1,0.0568,0.0149,0.684,0.166,0.124,128.013,4
spotify:track:3sfy4AMX3s0IivVRIWs6jT,"Clotho","Sisters of Fate","Austeria;Zingara",2022-07-13,210612,32,false,ocifamtv1z7as35vkc29ko9m5,2025-04-28T23:17:25Z,"dubstep,riddim,bass music","Zingara Music",0.564,0.939,0,-3.151,1,0.0745,0.00486,0.763,0.133,0.148,146.986,4
spotify:track:2h4vUpfH2XgHbFurswCCOh,"I AM BASS - PIERCE Remix","LSDREAM Remix Series, Vol. 1","LSDREAM;PIERCE",2023-10-27,152275,26,false,ocifamtv1z7as35vkc29ko9m5,2025-04-28T23:23:59Z,"dubstep,bass music,edm,riddim,deathstep","WAKAAN",0.584,0.969,2,-1.451,1,0.0441,0.00382,0.133,0.176,0.245,145.004,4
spotify:track:1y9FQF1oS9jVfuc6nq4Lv6,"Computer Language","Grouch in Dub","Grouch in Dub;Foldy",2018-10-05,401335,29,false,ocifamtv1z7as35vkc29ko9m5,2025-04-29T00:01:51Z,"dub","Shanti Planti",0.637,0.723,4,-8.377,0,0.0406,0.0156,0.612,0.0893,0.124,94.013,4
spotify:track:21mFLn6cxWaqt8gyLl0URX,"Next Level","Next Level","Kova;Freakout BR",2022-03-25,230142,24,false,ocifamtv1z7as35vkc29ko9m5,2025-04-29T00:34:31Z,"psytrance,progressive trance,trance","Psyfeature",0.802,0.818,7,-6.008,1,0.208,0.00195,0.117,0.535,0.488,145.057,4
spotify:track:2lbnaHGJFxKdIcAd5RFCr7,"What You Wanted","The Return","shel·ly",2022-04-15,381500,13,false,ocifamtv1z7as35vkc29ko9m5,2025-04-29T03:03:45Z,"melodic techno,melodic house","Mirror Walk",0.7,0.814,6,-11.137,0,0.0386,0.0000396,0.659,0.114,0.0268,123.995,4
spotify:track:1OToM5wrDWn9ucP3GSVrod,"Creatures","Twilight Zone","Max von Sternberg",2022-10-14,365121,7,false,ocifamtv1z7as35vkc29ko9m5,2025-04-29T03:33:22Z,"melodic techno,melodic house,indie dance","New Tab Music",0.696,0.819,10,-9.621,0,0.037,0.000945,0.832,0.11,0.257,121.008,4
spotify:track:005fffVjJjMSBmxDyWBeTH,"Hayashi","Katermukke Playground XVIII","DOBé",2023-07-28,336060,7,false,ocifamtv1z7as35vkc29ko9m5,2025-04-29T03:48:00Z,"minimal techno,melodic techno,melodic house","Katermukke",0.673,0.503,2,-9.102,1,0.0444,0.00744,0.857,0.117,0.105,123.998,4
spotify:track:3F2Lk1Xlrab1s3HApb7l1u,"Slendge","Southfield","Freddy Todd",2017-09-29,195428,8,false,ocifamtv1z7as35vkc29ko9m5,2025-04-29T22:07:04Z,"glitch,bass music","Wakaan",0.759,0.497,11,-4.111,1,0.0961,0.000647,0.687,0.108,0.335,139.93,4
spotify:track:19GmlFWla00FWv7W13lSbU,"End Trance","End Trance","Zebbler Encanti Experience",2019-04-26,240000,22,false,ocifamtv1z7as35vkc29ko9m5,2025-04-29T22:15:03Z,"glitch,bass music","Wakaan",0.733,0.756,2,-5.693,1,0.0473,0.0106,0.299,0.439,0.207,127.994,4
spotify:track:7wGzMkPHfyxir6zUqspuKG,"Hot Chicken","Hot Chicken","Champagne Drip",2019-04-26,140930,38,false,ocifamtv1z7as35vkc29ko9m5,2025-05-01T15:23:11Z,"dubstep,bass music","Bassrush Records",0.503,0.799,0,-3.995,1,0.0975,0.000993,0.194,0.352,0.43,172.341,4
spotify:track:4kXjjc406x1CpaotVU95WC,"what U need","what U need","sumthin sumthin;ero808",2024-06-07,205714,31,false,ocifamtv1z7as35vkc29ko9m5,2025-05-01T15:32:31Z,"future bass,bass music,bass house","Good Society",0.705,0.838,8,-5.86,1,0.134,0.0332,0.0365,0.215,0.468,140.046,4
spotify:track:04nvVHU6MThKMsANPqouko,"Freak It","Freak It","Canabliss",2021-07-22,127941,44,false,ocifamtv1z7as35vkc29ko9m5,2025-05-13T04:04:52Z,"","SSKWAN",0.882,0.301,6,-5.562,0,0.18,0.398,0.162,0.136,0.631,124.007,4
spotify:track:5LRckizo7tdPgNAvhh1HtJ,"Sojourn","Plasma","Canabliss",2022-02-01,234000,34,false,ocifamtv1z7as35vkc29ko9m5,2025-05-13T17:38:30Z,"","WAKAAN",0.546,0.507,4,-9.368,0,0.0469,0.0604,0.344,0.198,0.0699,80.038,4
spotify:track:4J9CF6BOShIMD3zCW5hit6,"Hysteria","Dilation","Quackson",2023-11-30,216000,18,false,ocifamtv1z7as35vkc29ko9m5,2025-05-13T20:06:56Z,"","AviaryRecords",0.707,0.815,2,-3.48,1,0.0566,0.00613,0.623,0.179,0.426,80.036,4
spotify:track:6uaD8h5GizL29kvHCvVOzv,"La Fong","Meraki","Opiuo;D-Sens",2014-03-21,379586,22,false,ocifamtv1z7as35vkc29ko9m5,2025-05-14T21:50:34Z,"glitch","Slurp Music",0.824,0.608,11,-6.332,0,0.0577,0.00418,0.92,0.0797,0.195,111.018,4
spotify:track:2JmdAbP0GvAhMmi6qrmCQW,"Gamma Goblins - Outsiders & Space Cat Remix","Gamma Goblins (Outsiders & SpaceCat remix)","Hallucinogen;Outsiders;Space Cat",2019-04-29,496551,28,false,ocifamtv1z7as35vkc29ko9m5,2025-05-14T03:18:16Z,"psytrance,trance,progressive trance","Tip Records",0.622,0.878,2,-5.603,1,0.0505,0.00055,0.907,0.698,0.483,144.978,4
spotify:track:2Kynh67CSpwFOm37jElntq,"Chernobyl","The One","Ganja White Night",2019-10-22,297094,24,false,ocifamtv1z7as35vkc29ko9m5,2025-05-14T04:10:13Z,"dubstep,riddim,bass music,edm,dub","SubCarbon",0.683,0.709,4,-3.904,1,0.0843,0.00134,0.0512,0.133,0.0942,140.093,4
spotify:track:5swDAxLZzHkxfNZIj8edcb,"PHOENIX","RENEGADES OF LIGHT","LSDREAM;Varien",2019-04-12,273221,27,false,ocifamtv1z7as35vkc29ko9m5,2025-05-14T04:30:28Z,"dubstep,bass music,edm,drumstep","Wakaan",0.708,0.701,4,-4.638,0,0.044,0.0398,0.701,0.115,0.0748,108.031,4
spotify:track:3DSHNTqKf4Byg07SrKzu5o,"Dream Atlas","Dream Atlas","Of The Trees",2016-02-09,238625,36,false,ocifamtv1z7as35vkc29ko9m5,2025-05-14T22:50:01Z,"bass music","Gravitas Recordings",0.844,0.714,6,-5.104,0,0.0859,0.0523,0.757,0.447,0.571,100.004,4
spotify:track:70fcsswNAD4zakDsDKh9Q0,"Get Up","Nomad Vol. 1","Liquid Stranger",2015-07-28,322206,27,false,ocifamtv1z7as35vkc29ko9m5,2025-05-15T02:29:55Z,"dubstep,bass music,dub,riddim,downtempo,edm","Wakaan",0.339,0.496,4,-7.529,0,0.0273,0.000634,0.0102,0.099,0.0383,62.499,4
spotify:track:5XJeq3Et1eL0paiOhnxCpc,"Take Me Home","Take Me Home","sumthin sumthin",2023-01-27,200571,0,false,ocifamtv1z7as35vkc29ko9m5,2025-05-15T02:36:31Z,"future bass,bass music","FMU Records",0.719,0.6,8,-5.388,0,0.21,0.177,0.0515,0.0873,0.253,140.094,4
spotify:track:5BIFXBjAO8HlPWqH0g3D9w,"Kick Back","Dream Atlas","Of The Trees",2016-02-09,142400,40,false,ocifamtv1z7as35vkc29ko9m5,2025-05-15T02:48:05Z,"bass music","Gravitas Recordings",0.769,0.856,2,-5.785,1,0.112,0.0166,0.605,0.0885,0.646,150.111,4
spotify:track:5WSL7UTa38jMWoBzObD4BD,"I Can't Stop","I Can't Stop","Flux Pavilion",2010,305785,62,false,ocifamtv1z7as35vkc29ko9m5,2025-05-15T02:52:03Z,"dubstep,edm,dub","Big Beat Records/Atlantic",0.524,0.601,0,-13.399,0,0.0335,0.00108,0.601,0.398,0.314,139.972,4
spotify:track:6SxvMVmEqE3P8H8j6dMCoO,"Dream Catcher","Unlimited","Bassnectar;Gnar Gnar",2016-06-17,247500,33,false,ocifamtv1z7as35vkc29ko9m5,2025-05-15T02:57:38Z,"dubstep,bass music,dub","Amorphous Music",0.362,0.905,2,-4.519,1,0.0613,0.000795,0.507,0.0834,0.116,90.006,4
spotify:track:4hDFqly6iqrACyY8Sp5CF6,"Heya - Opiuo Remix","Neon Jungle Remixes","CloZee;Opiuo",2020-11-06,341506,26,false,ocifamtv1z7as35vkc29ko9m5,2025-05-15T03:09:57Z,"glitch","Odyzey Music",0.636,0.846,4,-6.658,0,0.055,0.00725,0.454,0.071,0.212,95.024,4
spotify:track:2e7bb1BjArXjDN1sBG8Ba8,"Disco Rock","Disco Rock","Memento Mori;Bassfeature",2025-05-09,149635,26,false,ocifamtv1z7as35vkc29ko9m5,2025-05-15T15:02:40Z,"psytrance,hard techno,techno","Psyfeature",0.669,0.968,11,-4.181,1,0.0887,0.00343,0.18,0.332,0.392,160.052,4
spotify:track:6apArlCWrBKfKDAyhD6mBF,"The Paradox - Seven Lions & Dimibo Remix","Virus: The Remixes","Excision;Seven Lions;Dimibo",2017-09-05,285519,21,false,ocifamtv1z7as35vkc29ko9m5,2025-05-15T15:10:20Z,"dubstep,riddim,deathstep,edm,dub,melodic bass,bass music,future bass,chillstep,progressive trance,psytrance","Rottun Recordings",0.413,0.908,1,-4.819,1,0.107,0.00263,0.636,0.258,0.033,104.956,3
spotify:track:4pES5i3UT4B3o9euzkBcmt,"Night Rider","Night Rider","Abraxis;Crystal Skies;Seven Lions;Dimibo",2020-03-06,306734,24,false,ocifamtv1z7as35vkc29ko9m5,2025-05-15T15:11:59Z,"psytrance,melodic bass,future bass,chillstep,edm,dubstep,progressive trance","Ophelia Records",0.613,0.948,6,-4.375,0,0.0837,0.00423,0.504,0.281,0.215,106.489,3
spotify:track:3RZLkv70n1kWpnsc9ogQOm,"Sleepless","High Street Creeps","Feed Me",2019-02-22,332928,0,false,ocifamtv1z7as35vkc29ko9m5,2025-05-15T15:25:06Z,"dubstep,electro house","mau5trap Venture Limited",0.648,0.887,6,-5.151,0,0.0378,0.000382,0.839,0.331,0.0366,128.053,4
spotify:track:7j4m78BNOB8OotXicusHCR,"Day That I Died","Day That I Died","FETISH;Jokr;Chris Alba;KATT",2025-02-14,185321,17,false,ocifamtv1z7as35vkc29ko9m5,2025-05-15T15:43:00Z,"bass house,g-house,melodic bass","FETISH",0.724,0.8,10,-5.281,0,0.0583,0.0176,0.0000381,0.111,0.491,100.046,4
spotify:track:7968SX4YAAloDw5r68JHa5,"The Clock","The Clock","STUBBVRN;Capturez",2021-03-05,185794,33,false,ocifamtv1z7as35vkc29ko9m5,2025-05-15T15:58:21Z,"","Dharma",0.567,0.858,1,-5.946,1,0.046,0.000447,0.0455,0.262,0.185,105.044,4
spotify:track:3uZxLjO7MFFkbuIeVj1pfk,"Darkside - Mixed","This is MAD ZOO (DJ Mix)","Kayoh;Dino",2019-08-09,156876,1,false,ocifamtv1z7as35vkc29ko9m5,2025-05-15T17:16:48Z,"doo-wop,kizomba,candombe","MAD ZOO",0.514,0.919,11,-4.638,0,0.085,0.0185,0.15,0.114,0.299,105.054,4
spotify:track:17oGjrkW9hOL52zGwX3ov3,"Birthright - Blue Stahli Remix","Soundtrack For The Voices In My Head Vol. 01","Celldweller;Blue Stahli",2008-12-16,150000,0,false,ocifamtv1z7as35vkc29ko9m5,2025-05-15T17:28:12Z,"synthwave,industrial metal,industrial rock,industrial","FiXT",0.615,0.903,5,-6.199,1,0.349,0.00121,0.00179,0.11,0.884,114.001,4
spotify:track:1LzGArfCoh3yDlCvijEgjn,"Drift - Original Mix","Drift","Funxion",2014-01-27,310857,1,false,ocifamtv1z7as35vkc29ko9m5,2025-05-15T17:39:42Z,"glitch","NOIZE",0.565,0.893,5,-5.471,0,0.0345,0.00196,0.818,0.111,0.371,105.018,4
spotify:track:3QcJUecklZdRaZvCLf3FpV,"Double Clutch - Original Mix","Bamboozled EP","Secret Panda Society;The Chaotic Good",2012-08-20,266250,0,false,ocifamtv1z7as35vkc29ko9m5,2025-05-15T17:47:35Z,"dubstep,drumstep","Heavy Artillery Recordings",0.751,0.737,6,-6.707,0,0.204,0.00302,0.0000952,0.0611,0.294,128.042,4
spotify:track:5mF1P87Qf20RYK8dvUMRLT,"Death Threat","Random Rems","Sound Remedy",2024-01-29,232380,0,false,ocifamtv1z7as35vkc29ko9m5,2025-05-15T17:52:31Z,"chillstep,future bass","Sound Remedy Music LLC",0.617,0.922,5,-4.44,1,0.0446,0.000433,0.605,0.411,0.0993,125.993,4
spotify:track:2ShPY2BFjO3zNxoRpeyW9P,"Blasterfunk - Original Mix","Blasterfunk EP","Venemy",2013-10-28,277500,0,false,ocifamtv1z7as35vkc29ko9m5,2025-05-15T17:57:27Z,"chillstep,dubstep,future bass","Pyramid Recordings",0.668,0.785,7,-2.898,1,0.24,0.00239,0.000208,0.0544,0.616,128.034,4
spotify:track:4lqKNIRneahOyaZQAhhOlp,"Spacetime","Dimensions","Captain Panic!",2017-09-08,412500,0,false,ocifamtv1z7as35vkc29ko9m5,2025-05-15T18:03:59Z,"deathstep,space music,dubstep,drumstep","Heavy Artillery Recordings",0.755,0.825,9,-3.671,1,0.0469,0.0198,0.841,0.278,0.0592,128.036,4
spotify:track:7zlaVvfJLsZGFOoxzCsDKw,"Ignite the Choir","Ignite the Choir","Dystox",2022-08-16,245400,5,false,ocifamtv1z7as35vkc29ko9m5,2025-05-15T18:13:53Z,"","dX records",0.561,0.859,9,-5.912,0,0.0384,0.00176,0.951,0.0609,0.476,100.024,4
spotify:track:3SUkwCtfiX5SD8mHdk7rL4,"Your Soul Calls Out (feat. FUTR3)","Into Vapor EP","culineR;FUTR3",2013-03-11,279857,2,false,ocifamtv1z7as35vkc29ko9m5,2025-05-15T18:14:56Z,"","Synth City",0.606,0.886,6,-3.994,0,0.144,0.000299,0.000204,0.359,0.285,128.02,4
spotify:track:2La1Pq41HNZU7QkN7zTd2v,"Let Go - Orginal Mix","Let Go","Rhith",2012-09-10,303292,0,false,ocifamtv1z7as35vkc29ko9m5,2025-05-15T18:34:58Z,"dubstep,drumstep","Big Alliance Records",0.697,0.624,2,-7.093,1,0.215,0.00115,0.000047,0.612,0.548,128.027,4
spotify:track:3jODNoVHsZMuYEWQhKisFQ,"Stalking Machine - Ali Nadem Remix","Stalking Machine","Basstard Effect;Ali Nadem",2012-07-09,451681,3,false,ocifamtv1z7as35vkc29ko9m5,2025-05-15T19:34:38Z,"electro house,dubstep","Atomic Zoo Recordings",0.672,0.931,11,-5.208,0,0.0888,0.00166,0.578,0.0451,0.22,128.005,4
spotify:track:3bYrD1uSwGiOCdVg8tUu3W,"Fire Dub","Catharsis","Champagne Drip",2023-11-10,228000,38,false,ocifamtv1z7as35vkc29ko9m5,2025-05-15T19:45:20Z,"dubstep,bass music","WAKAAN",0.633,0.998,2,-1.901,1,0.245,0.00029,0.216,0.589,0.0709,140.097,4
spotify:track:3732IAzhrTY71dMHvVzcoB,"Dominare","Dominare","Gold Geisha",2021-10-25,151994,44,false,ocifamtv1z7as35vkc29ko9m5,2025-05-15T19:47:24Z,"","Gold Geisha",0.792,0.886,0,-3.377,1,0.0556,0.00768,0.853,0.121,0.258,120.006,4
spotify:track:5rbQUDNVd11bQBGwI2erjG,"Blah Blah","RedSHFT","Heyson",2021-08-27,215197,47,false,ocifamtv1z7as35vkc29ko9m5,2025-05-15T19:50:55Z,"","Epidemic Electronic",0.783,0.624,10,-9.374,0,0.0674,0.338,0.844,0.11,0.338,128.024,4
spotify:track:1GNr8WUfapUW2Eb3lfANIy,"Open Your Eyes","Open Your Eyes","Eliminate",2022-05-13,247600,37,false,ocifamtv1z7as35vkc29ko9m5,2025-05-15T19:54:04Z,"dubstep,riddim,bass music,deathstep,bass house","Night Mode",0.584,0.925,6,-2.494,0,0.0541,0.0102,0.39,0.265,0.0754,150.02,4
spotify:track:3coLp5dqAQ6ib6FH8P5VGq,"Murder","Black Mask","Soulji",2018-05-03,249181,39,false,ocifamtv1z7as35vkc29ko9m5,2025-05-15T20:01:34Z,"","Monstercat",0.783,0.727,0,-6.529,1,0.142,0.0147,0.841,0.0722,0.213,99.997,4
spotify:track:24KFdeWtel3jLwZ399zwq2,"ACID","ACID","Wooli;SampliFire",2024-04-17,178285,49,false,ocifamtv1z7as35vkc29ko9m5,2025-05-15T20:25:09Z,"dubstep,melodic bass,riddim,edm,deathstep,future bass,bass music","Wooli Music LLC",0.512,0.996,11,-0.412,0,0.284,0.0117,0.873,0.427,0.0389,139.879,4
spotify:track:5EY5R71PHiVtP3yA0Sf5iC,"Zoning","Zoning","The Bloody Beetroots;ZHU",2019-09-06,271680,32,false,ocifamtv1z7as35vkc29ko9m5,2025-05-15T20:42:43Z,"electro house,edm","Fuzz O Rama",0.629,0.877,7,-4.642,1,0.0405,0.0289,0.408,0.106,0.0369,104.984,4
spotify:track:2PnlJk00ks8Li6aB3jGP0H,"Recovery - Original Mix","Recovery","Jebu",2012-10-18,405234,0,false,ocifamtv1z7as35vkc29ko9m5,2025-05-16T03:34:53Z,"melbourne bounce,big room","Effectz Recording",0.673,0.835,0,-6.331,1,0.0565,0.00555,0.858,0.281,0.308,126.011,4
spotify:track:5ZQzgu7UDzhWZ1UAy3U95e,"Presto - Original Mix","The Sound Of Melbourne 4","Jack Morrison",2013-09-23,363750,1,false,ocifamtv1z7as35vkc29ko9m5,2025-05-16T03:40:29Z,"melbourne bounce,bounce","Pop Rox Muzik",0.843,0.792,6,-2.402,0,0.294,0.132,0.168,0.0614,0.453,127.987,4
spotify:track:4dvccRuissQ9xH5BTkGwhH,"When Did We Stop Talking Through Music? - BitterRude Remix","When Did We Stop Talking Through Music? (BitterRude Remix)","RIMEDAG;BitterRude",2022-09-09,307500,0,false,ocifamtv1z7as35vkc29ko9m5,2025-05-16T03:52:49Z,"","God's Mind Records",0.68,0.962,0,-4.874,1,0.0724,0.0218,0.582,0.107,0.427,127.989,4
spotify:track:4NZt2WIKvMsyDkGdhsGBYH,"Nowhere Tour - BitterRude Remix","Nowhere Tour (BitterRude Remix)","RIMEDAG;BitterRude",2022-08-26,318750,0,false,ocifamtv1z7as35vkc29ko9m5,2025-05-16T04:08:01Z,"","God's Mind Records",0.772,0.67,9,-7.187,1,0.0365,0.0808,0.924,0.111,0.229,127.997,4
spotify:track:0Jh5xZwo7IeUQkf4Vbzxvq,"EXPAND THE UNIVERSE","RENEGADES OF LIGHT","LSDREAM;Gravitrax",2019-04-12,226706,35,false,ocifamtv1z7as35vkc29ko9m5,2025-05-16T09:05:04Z,"dubstep,bass music,edm","Wakaan",0.6,0.901,1,-3.754,1,0.101,0.00338,0.000575,0.803,0.218,95.014,4
spotify:track:7wM8hrwSTL5I7EGA90f7pS,"Lift You Up - Far Out Remix","Lift You Up (Remixes)","Zeds Dead;Delta Heavy;Far Out",2019-07-19,271373,7,false,ocifamtv1z7as35vkc29ko9m5,2025-05-16T10:07:54Z,"dubstep,edm,drum and bass,drumstep,liquid funk,future bass,melodic bass","Deadbeats x RAM Records Ltd.",0.512,0.935,2,-4.524,1,0.0579,0.00127,0.823,0.284,0.183,128.003,4
spotify:track:6wqYTBjKFAM8i03ZDSJHBQ,"Blood Flows","Blood Flows","One True God;Le Castle Vania;Roniit",2022-10-28,219310,33,false,ocifamtv1z7as35vkc29ko9m5,2025-05-16T17:00:01Z,"","OTG",0.648,0.88,9,-3.965,0,0.0424,0.0689,0.0837,0.203,0.189,115.987,4
spotify:track:7qOgM0JPsZxwOWf95HNG70,"Now Is The Time Of Monsters","Now Is The Time Of Monsters EP","Slick Portal",2024-02-23,191067,9,false,ocifamtv1z7as35vkc29ko9m5,2025-05-16T17:07:39Z,"","Dark Particle Records",0.601,0.733,5,-5.999,1,0.032,0.000163,0.859,0.383,0.394,102.998,4
spotify:track:3LEJhvQDfgeQpezyFsmuJO,"Shadows","Dystopia EP","Faux Tales",2014-04-14,324374,9,false,ocifamtv1z7as35vkc29ko9m5,2025-05-16T17:11:51Z,"chillstep,melodic bass","Kensai Records",0.505,0.74,6,-7.071,0,0.103,0.00118,0.359,0.116,0.188,128.054,4
spotify:track:2zBO1gPyEGEGVpCIl1IpCH,"Don´t Need No - Glitch & Repeat Remix","Don´t Need No","Subject Delta",2012-01-06,380639,0,false,ocifamtv1z7as35vkc29ko9m5,2025-05-16T17:21:36Z,"groove metal","Clone 2.1 Records",0.719,0.849,5,-6.917,0,0.0572,0.00309,0.405,0.03,0.539,128.015,4
spotify:track:3YpxS5OdQzZyymQ3uzfrVo,"Sic Parvis Magna - BitterRude Remix","Sic Parvis Magna (BitterRude Remix)","RIMEDAG;BitterRude",2022-09-02,303750,0,false,ocifamtv1z7as35vkc29ko9m5,2025-05-16T17:58:51Z,"","God's Mind Records",0.654,0.813,9,-5.121,0,0.0435,0.00465,0.953,0.105,0.247,127.994,4
spotify:track:4KkEGp1t0FtzJobuL6brEN,"Find Me - BitterRude Remix","Find Me (BitterRude Remix)","RIMEDAG;BitterRude",2022-09-30,421875,0,false,ocifamtv1z7as35vkc29ko9m5,2025-05-16T18:07:33Z,"","God's Mind Records",0.62,0.698,10,-6.018,0,0.0301,0.00227,0.95,0.0998,0.0585,128.002,4
spotify:track:2Mbo5NxUBF3dMsTLUxhSwO,"One Of These Mornings","Return to the Spectrum of Intergalactic Happiness","Zeds Dead",2025-03-07,191428,57,false,ocifamtv1z7as35vkc29ko9m5,2025-05-16T19:06:10Z,"dubstep,edm","Deadbeats",0.407,0.612,7,-6.321,0,0.0367,0.0192,0.918,0.0815,0.0381,126.102,4
spotify:track:753DZsGGXlasRCp48FmOhH,"Bellz","V!BEZ, Vol. 4","TroyBoi",2021-01-29,160000,53,false,ocifamtv1z7as35vkc29ko9m5,2025-05-16T19:08:10Z,"edm trap","T Dot Music",0.817,0.732,7,-7.23,0,0.068,0.0254,0.806,0.811,0.963,132.019,4
spotify:track:69oq6Nhf41kd4yuiNUj3y4,"Strange Creatures","Futuristic Thriller","Black Tiger Sex Machine",2020-05-27,200273,30,false,ocifamtv1z7as35vkc29ko9m5,2025-05-16T20:45:33Z,"dubstep,riddim,deathstep,edm","Kannibalen Records",0.629,0.892,2,-5.309,1,0.0433,0.00441,0.815,0.0886,0.329,127.979,4
spotify:track:05gFWhldfinMC8LDEYZIyd,"Bla Bla","Bla Bla","D-Block & S-te-Fan",2025-02-21,196800,64,false,ocifamtv1z7as35vkc29ko9m5,2025-05-16T21:29:54Z,"hardstyle,frenchcore,hardcore","Scantraxx",0.64,0.979,9,-1.675,1,0.181,0.00372,0.00158,0.0345,0.108,149.992,4
spotify:track:5uao5IzTbLKRb6kcpjxg1l,"The Big Banger - Original mix","The Big Banger","Headroom (SA)",2025-01-17,375857,16,false,ocifamtv1z7as35vkc29ko9m5,2025-05-16T21:41:53Z,"psytrance,progressive trance,trance","Iboga Records",0.769,0.868,11,-6.65,1,0.053,0.00024,0.841,0.0979,0.192,139.993,4
spotify:track:6eVN1WL784OYm4Xn8kPDXM,"Space Balloons","Space Balloons","Vandeta",2025-01-01,397354,14,false,ocifamtv1z7as35vkc29ko9m5,2025-05-16T21:49:47Z,"psytrance,progressive trance,trance","Quantum Digital Records",0.668,0.934,1,-7.533,1,0.0734,0.0213,0.826,0.297,0.115,141.977,4
spotify:track:1Ah78OpM6pvQqCsWKWDOx0,"Meru","ARTCORE DUO I","Avan7;Becker",2025-01-23,206068,44,false,ocifamtv1z7as35vkc29ko9m5,2025-05-16T21:56:10Z,"psytrance,trance,progressive trance","ARTCORE RECORDS",0.561,0.857,0,-6.592,1,0.0378,0.000281,0.31,0.341,0.244,145.044,4
spotify:track:3CzwntY3hrZAf4YVgFD4dh,"I Want You","I Want You","DistinctSide;Psyfeature",2024-12-27,284879,24,true,ocifamtv1z7as35vkc29ko9m5,2025-05-16T21:59:45Z,"psytrance,progressive trance,trance","Psyfeature",0.69,0.829,1,-7.91,1,0.0743,0.0408,0.597,0.0627,0.924,145.026,4
spotify:track:6vHELxPeiFaA3tuJkQudod,"Up Down Left & Right - Prog Edit","Up Down Left & Right","Memento Mori",2025-02-21,264000,22,false,ocifamtv1z7as35vkc29ko9m5,2025-05-16T22:05:00Z,"psytrance","Psyfeature",0.643,0.998,6,-2.933,0,0.0801,0.00106,0.4,0.712,0.527,149.992,4
spotify:track:3CKIWKgDVHOURcDLizLVpa,"Believe","Believe","R3SPAWN;DJ Junior (TW)",2025-01-17,131200,23,false,ocifamtv1z7as35vkc29ko9m5,2025-05-16T22:06:41Z,"big room,hypertechno,hardstyle","Revealed Recordings",0.499,0.966,10,-6.73,0,0.0418,0.000113,0.0085,0.199,0.0473,150.172,4
spotify:track:1N5yKS2xh6JZKPuN0i9kcT,"Drunk on Milk - Deliriant Remix","Drunk on Milk (Deliriant Remix)","Menog;Deliriant",2024-11-22,491748,27,false,ocifamtv1z7as35vkc29ko9m5,2025-05-16T22:36:37Z,"psytrance,trance,progressive trance","Nano Records",0.617,0.957,1,-6.267,1,0.058,0.00153,0.8,0.147,0.492,143.022,4
spotify:track:6fCzdjEbB4TiaUIPPsTIyz,"Organic","Organic","Vandeta",2025-02-06,384000,4,false,ocifamtv1z7as35vkc29ko9m5,2025-05-16T22:46:11Z,"psytrance,progressive trance,trance","Quantum Digital Records",0.658,0.937,6,-6.27,1,0.0692,0.00227,0.187,0.0991,0.182,140.001,4
spotify:track:00P31K3SnOENiBJyaPueME,"Soft & Crunchy","Soft & Crunchy","Pixel;NO SPOON",2025-03-21,291310,43,false,ocifamtv1z7as35vkc29ko9m5,2025-05-16T22:52:58Z,"psytrance,trance,progressive trance","Alteza Records",0.756,0.963,11,-6.065,0,0.0563,0.00275,0.705,0.152,0.856,144.992,4
spotify:track:6j7hvwZr3Ww7dBZGn6JkL3,"Dirty Snap","Dirty Snap","Trip-Tamine;Brandon Hombre",2025-01-17,275200,7,true,ocifamtv1z7as35vkc29ko9m5,2025-05-16T22:59:50Z,"psytrance,progressive trance","Spin Twist Records",0.774,0.914,6,-4.624,0,0.196,0.0145,0.00459,0.0623,0.788,75.017,4
spotify:track:2ifTsyy8PF9emoClc9meEu,"My Party","My Party","AXMO;DJane HouseKat;Groove Coverage",2025-03-14,178762,57,false,ocifamtv1z7as35vkc29ko9m5,2025-05-16T23:08:09Z,"big room,hardstyle,hypertechno,eurodance","Rave Culture",0.564,0.889,5,-3.42,0,0.0605,0.0222,0.00649,0.191,0.465,145.045,4
spotify:track:6XcSrslRdTGrLq0eF76liR,"Call Me","Call Me","Djapatox;Parra Nebula",2025-02-06,272000,17,false,ocifamtv1z7as35vkc29ko9m5,2025-05-16T23:15:06Z,"psytrance,progressive trance","Psyfeature",0.658,0.795,1,-8.528,0,0.0838,0.0116,0.741,0.106,0.305,150.011,4
spotify:track:2IjPoCARRicsct9mrXHWKK,"Riya","Riya","Harmonika",2025-02-14,262816,23,false,ocifamtv1z7as35vkc29ko9m5,2025-05-16T23:23:25Z,"psytrance,progressive trance,trance","Minus32 Gold",0.621,0.905,1,-5.781,1,0.0872,0.00563,0.818,0.394,0.552,142.018,4
spotify:track:2GsTihjervlYy0FwIOiDYA,"Kids","Kids","Natika;WoZa",2024-11-29,294620,11,false,ocifamtv1z7as35vkc29ko9m5,2025-05-16T23:46:25Z,"psytrance","360Feature",0.669,0.766,6,-6.138,0,0.0379,0.0301,0.0348,0.208,0.266,145.013,4
spotify:track:7gR2YqiHWRAtFuutBEnD0m,"Free Soul","Free Soul","Avan7;Br1sa",2024-12-23,512875,32,false,ocifamtv1z7as35vkc29ko9m5,2025-05-19T21:28:15Z,"psytrance,trance,progressive trance","Shamanic Tales",0.557,0.974,1,-5.039,1,0.0499,0.000205,0.824,0.434,0.0526,146.023,4
spotify:track:3lbbGCm3aGHBmf50qNMxwh,"Chimera","Chimera","Faders;Blazy",2025-03-13,486760,44,false,ocifamtv1z7as35vkc29ko9m5,2025-05-19T22:05:27Z,"psytrance,trance,progressive trance","Shamanic Tales",0.592,0.849,1,-7.658,1,0.0464,0.00188,0.799,0.307,0.181,142.031,4
spotify:track:0mlz6l9MaPL0mFSClwCHEE,"Odyssey (Talpa Remix)","Talpa Remixes","Synthatic;Talpa",2025-01-31,444507,19,false,ocifamtv1z7as35vkc29ko9m5,2025-05-19T22:23:16Z,"psytrance,progressive trance,trance","MAGIC MOMENTS RECORDS",0.531,0.77,2,-8.378,1,0.0395,0.154,0.9,0.0874,0.0502,141.997,4
spotify:track:6Djzz3rAHnj3InPOscEZps,"Naya","Naya","S3N0",2024-12-06,380689,23,false,ocifamtv1z7as35vkc29ko9m5,2025-05-19T22:32:55Z,"psytrance,trance","Psyfeature Selected",0.506,0.806,8,-7.61,1,0.124,0.00425,0.448,0.0896,0.0398,144.985,4
spotify:track:40Cy8LtWOHos6pdMmpDTCF,"Burn The Ships","Burn The Ships","Warlord Colossus;Dozy Doe",2023-03-24,109714,0,true,ocifamtv1z7as35vkc29ko9m5,2025-05-20T22:56:46Z,"trap metal,horrorcore","Warlord Records",0.829,0.835,2,-4.736,1,0.211,0.19,0.00705,0.119,0.465,105.009,4
spotify:track:1dtrMIsYBpnDMaIh4uThNS,"Always","Always","Dzp",2021-07-29,187605,29,false,ocifamtv1z7as35vkc29ko9m5,2025-05-21T01:58:38Z,"psytrance,trance,progressive trance","Odiva Records",0.664,0.835,0,-5.873,0,0.0731,0.00363,0.365,0.14,0.349,141.961,4
spotify:track:46ghb0YdtspAFUtmxtNgNo,"FEEL IT","FEEL IT","ALLEYCVT",2024-09-05,184489,51,false,ocifamtv1z7as35vkc29ko9m5,2025-05-21T02:29:34Z,"dubstep,edm,riddim","SUPERSONIC RECORDS",0.534,0.897,5,-4.199,0,0.038,0.00031,0.0884,0.11,0.223,144.979,4
spotify:track:393P5SOjlWq22Y0pqtkSz7,"CLOUD10 - Vincent Antone Remix","LSZEE (Remixes)","CloZee;LSDREAM;Vincent Antone",2025-04-04,193548,23,false,ocifamtv1z7as35vkc29ko9m5,2025-05-22T02:23:26Z,"dubstep,bass music,edm","Odyzey Music",0.601,0.927,10,-4.781,1,0.0517,0.00238,0.745,0.15,0.524,92.979,4
spotify:track:3N80kyacf7jzzOkYgLKW3q,"Stay Forever (feat. STRFKR)","Fantasy","Whethan;STRFKR",2020-10-16,153430,42,false,ocifamtv1z7as35vkc29ko9m5,2025-05-22T02:31:48Z,"","Big Beat Records",0.554,0.835,5,-4.699,1,0.0334,0.0000334,0.832,0.0912,0.0649,117.932,4
spotify:track:1gGyEzjrxSRZ4VtDwxmG1M,"STARCHILD","UNIVERSAL WUB","LSDREAM;Shlump;Sarah Hudson",2019-11-08,240024,39,false,ocifamtv1z7as35vkc29ko9m5,2025-05-22T02:33:16Z,"dubstep,bass music,edm,riddim","Wakaan",0.679,0.96,9,-2.485,1,0.0506,0.00323,0.0369,0.288,0.201,96.002,4
spotify:track:1oS15s7e3o4fJxpg9UR9ns,"In For The Kill - Skrillex Remix","In For The Kill","La Roux;Sonny Moore",2009,311146,49,false,ocifamtv1z7as35vkc29ko9m5,2025-05-23T03:19:56Z,"","Polydor Records",0.487,0.689,8,-5.624,0,0.0854,0.0641,0.0000154,0.349,0.493,144.955,4
spotify:track:3RJuptH9QoeJWzHd4ZCI0u,"Lullabies - Adventure Club Remix","Lullabies","Yuna;Adventure Club",2014-05-06,252953,0,false,ocifamtv1z7as35vkc29ko9m5,2025-05-23T03:25:04Z,"malay,malaysian pop,melodic bass,dubstep,edm,chillstep,future bass","FADER LABEL",0.403,0.698,9,-5.058,0,0.0357,0.00171,0.00126,0.256,0.0833,159.869,4
spotify:track:0BQxp4to9kreTIGkrFe2WM,"Shut Up & Sing - Zeds Dead Remix","Shut Up & Sing (Reloaded)","Greta Svabo Bech;Zeds Dead",2013-09-06,333793,34,false,ocifamtv1z7as35vkc29ko9m5,2025-05-23T03:30:03Z,"chillstep,dubstep,edm","Greta Svabo Bech Records",0.602,0.733,2,-5.699,0,0.057,0.00331,0.393,0.0954,0.0786,86.961,4
spotify:track:3HdYKHSDDKGeCnWmw5PH1Z,"Wake You Up","Our Timeline Is Better Than Yours...","Koven",2012-04-27,308571,20,false,ocifamtv1z7as35vkc29ko9m5,2025-05-23T03:44:06Z,"drum and bass,liquid funk,drumstep,chillstep","2 Much Bass Records",0.409,0.678,11,-3.592,0,0.0402,0.0108,0.0000576,0.108,0.113,139.946,4
spotify:track:46F2qArLwz8WT1qJ2bNRfR,"Youth - Adventure Club Remix","Youth (Adventure Club Remix)","Foxes;Adventure Club",2013-09-24,239226,43,false,ocifamtv1z7as35vkc29ko9m5,2025-05-23T03:44:34Z,"melodic bass,dubstep,edm,chillstep,future bass","Sign Of The Times Records",0.53,0.55,0,-6.631,0,0.0457,0.00747,0.000492,0.0898,0.208,139.98,4
spotify:track:4qxUFzBKlmP98kIRKFszju,"Lights - Bassnectar Remix - Bonus Track","Lights","Ellie Goulding;Bassnectar",2011-01-01,276626,52,false,ocifamtv1z7as35vkc29ko9m5,2025-05-23T16:40:22Z,"dubstep,bass music,dub","Polydor Records",0.53,0.8,1,-4.883,1,0.029,0.00506,0.685,0.779,0.324,140.005,4
spotify:track:5DMrREzztuMUkLMDjMpJNY,"Trampoline - Jauz Remix","Melt (Deluxe)","SHAED;Jauz",2019-12-27,236170,2,false,ocifamtv1z7as35vkc29ko9m5,2025-05-23T16:52:39Z,"bass house,edm,future house,dubstep,electro house","Photo Finish Records",0.49,0.606,7,-6.604,0,0.0424,0.169,0.00106,0.0704,0.119,126.553,4
spotify:track:1rbb71DqTlv2WHnIUOfqA4,"ELECTRIC SHOCK","ELECTRIC SHOCK","ALLEYCVT",2022-04-06,226400,50,true,ocifamtv1z7as35vkc29ko9m5,2025-05-23T17:02:27Z,"dubstep,edm,riddim","ALLEYCVT",0.655,0.452,4,-10.11,0,0.0475,0.45,0.0000721,0.153,0.482,74.984,4
spotify:track:6QvldZZ10eYgKamaWfG52b,"Fuck Your Sunshine (Adventure Club Remix)","Fuck Your Sunshine (Adventure Club Remix)","Łaszewo;Adventure Club",2022-10-07,224250,49,true,ocifamtv1z7as35vkc29ko9m5,2025-05-23T17:04:33Z,"melodic bass,dubstep,edm,chillstep,future bass","Łaszewo",0.576,0.558,2,-6.216,0,0.0342,0.0807,0,0.245,0.182,80.005,4
spotify:track:3EidFlaaXjZfVfm4MF5gz9,"Osiris","Destined (EP)","Matstubs;Rfen",2020-01-07,189257,50,false,ocifamtv1z7as35vkc29ko9m5,2025-05-23T19:44:12Z,"edm trap","Lowly",0.307,0.626,8,-7.418,0,0.102,0.0693,0.556,0.0895,0.217,81.986,4
spotify:track:5k4YwjclIAwCeUh31EB0Wq,"President","President","Capochino",2022-09-08,147216,20,false,ocifamtv1z7as35vkc29ko9m5,2025-05-26T18:00:34Z,"dubstep,riddim,bass music","CAPO RECORDS",0.511,0.763,8,-6.264,1,0.0394,0.0338,0.528,0.119,0.226,149.977,4
spotify:track:2vfWPDOhKxtIP7fdYZR1WE,"Crisp","DUPLOC031","smith.",2019-08-05,124285,42,false,ocifamtv1z7as35vkc29ko9m5,2025-05-26T18:08:11Z,"bass music,dubstep","DUPLOC",0.431,0.43,1,-7.58,1,0.126,0.0179,0.776,0.103,0.165,140.309,4
spotify:track:5D29j88NqPYW6dtfoZqL3l,"South of Heaven’s Chanting Mermaids - Remixed By Paper Diamond","Pirates of the Caribbean: On Stranger Tides","Rodrigo y Gabriela;Paper Diamond",2011-01-01,212840,25,false,ocifamtv1z7as35vkc29ko9m5,2025-05-28T15:20:45Z,"","Walt Disney Records",0.597,0.466,9,-15.96,0,0.034,0.000263,0.799,0.0909,0.193,139.99,4
spotify:track:49o6YjBAnjwPKLcXwIH53Z,"Crawl Outta Love","Awake","ILLENIUM;Annika Wells",2017-09-21,242011,60,true,ocifamtv1z7as35vkc29ko9m5,2025-05-28T02:55:08Z,"melodic bass,future bass,edm","Seeking Blue",0.377,0.723,7,-2.951,1,0.046,0.181,0,0.0815,0.167,84.139,4
spotify:track:0FNjwjqMA5YvlTWsOG8qUO,"Levitate","Levitate","Paper Diamond",2011-01-25,200014,18,false,ocifamtv1z7as35vkc29ko9m5,2025-05-28T14:30:29Z,"","Paper Diamond",0.525,0.8,11,-11.484,1,0.122,0.000478,0.429,0.319,0.528,80.032,4
spotify:track:0o4qPC0anLMZJfwY6lCKix,"So Precise","Levitate","Paper Diamond",2011-01-25,216115,17,false,ocifamtv1z7as35vkc29ko9m5,2025-05-28T15:24:07Z,"","Paper Diamond",0.467,0.78,10,-11.094,0,0.0351,0.0000366,0.859,0.35,0.31,180.035,4
spotify:track:7kaeunF8cZBGYEkVSJreBM,"Imagine the Possibilities","Levitate","Paper Diamond",2011-01-25,260594,14,false,ocifamtv1z7as35vkc29ko9m5,2025-05-28T15:32:02Z,"","Paper Diamond",0.67,0.613,10,-9.303,0,0.0474,0.0486,0.845,0.446,0.745,149.973,4
spotify:track:3ugooZYqt1Y2S47e2wz7ra,"Can We Go Up?","Wavesight EP","Paper Diamond",2005-05-15,214636,19,true,ocifamtv1z7as35vkc29ko9m5,2025-05-28T15:56:08Z,"","Mad Decent",0.66,0.763,4,-6.832,0,0.0636,0.000768,0.0389,0.0637,0.652,137.932,4
spotify:track:58Rx25YLSzqsa35efwHJSn,"Where","Where","Capochino",2022-08-19,164210,26,false,ocifamtv1z7as35vkc29ko9m5,2025-05-28T21:16:26Z,"dubstep,riddim,bass music","Noiseporn Records",0.719,0.873,11,-3.852,1,0.118,0.156,0.548,0.117,0.4,94.999,4
spotify:track:2hiDWJhjzWzomktMQ3rDjr,"Deeper","Mind & Body","Zingara",2022-03-15,236934,46,false,ocifamtv1z7as35vkc29ko9m5,2025-05-28T21:28:01Z,"dubstep,bass music,riddim","Gravitas Recordings",0.624,0.949,11,-2.848,1,0.22,0.000503,0.0412,0.123,0.124,85.002,4
spotify:track:3uF4jUnVAWE3TFK5BH2kmL,"All the Things She Said - HBz Version","All the Things She Said (Hbz Version)","HBz;Mike Gudmann;Michelle Collin",2021-01-29,215959,47,false,ocifamtv1z7as35vkc29ko9m5,2025-05-28T22:19:47Z,"slap house,melbourne bounce,hypertechno","One Seven Music",0.743,0.747,1,-7.233,1,0.229,0.0699,0.00297,0.0989,0.369,127.934,4
spotify:track:3M7B0bpzvBwPpUmfUAeShj,"Sex Bomb","Farstucker (Special Remastered Band Edition)","Lords Of Acid",2017-09-22,213493,32,true,ocifamtv1z7as35vkc29ko9m5,2025-05-30T02:27:31Z,"industrial,industrial rock,ebm,industrial metal,hardcore techno,acid house","Metropolis Records",0.499,0.935,4,-3.596,0,0.0485,0.0000651,0.463,0.138,0.395,141.964,4
spotify:track:0wi3X6yZQT3ozfE9w7F0Qn,"Insanity","Pragamatic (Remastered)","Praga Khan",1998-06-02,239533,32,false,ocifamtv1z7as35vkc29ko9m5,2025-05-30T02:28:56Z,"acid house,big beat,hardcore techno","ArtFabric Bvba",0.574,0.811,2,-4.784,1,0.0411,0.000106,0.756,0.576,0.258,98.999,4
spotify:track:0hU6CJs1C5XvVNZX5nsOGz,"Rubber Doll (Opus) (Remastered)","Our Little Secret (Special Remastered Band Edition)","Lords Of Acid",2017-09-22,193066,34,true,ocifamtv1z7as35vkc29ko9m5,2025-05-30T02:49:53Z,"industrial,industrial rock,ebm,industrial metal,hardcore techno,acid house","Metropolis Records",0.478,0.898,4,-4.483,0,0.138,0.0000089,0.434,0.18,0.262,149.956,4
spotify:track:122zJeaZRhLrkkVjrhTNPg,"Rx Love","Queen of Risk","Amelia Arsenic",2018-02-15,232240,19,true,ocifamtv1z7as35vkc29ko9m5,2025-05-30T03:50:51Z,"industrial,ebm,industrial metal,industrial rock","Destroy All Melody Records",0.563,0.675,10,-6.624,1,0.075,0.0000101,0.0000333,0.0698,0.59,129.079,4
spotify:track:1RV87cUPftYXWXWYINpPEf,"Unique (feat. Clara Mae)","Unique (feat. Clara Mae)","Headhunterz;Conro;Clara Mae",2016-07-29,194693,35,false,ocifamtv1z7as35vkc29ko9m5,2025-05-30T04:18:45Z,"hardstyle,frenchcore,melbourne bounce,big room,hardcore,future bass","Ultra Records, LLC",0.686,0.718,11,-4.619,0,0.0454,0.353,0.000114,0.0561,0.544,98.02,4
spotify:track:7HlbQCdVXgANsk2FMXICUs,"Diplodocus - Kill The Noise Remix","Split the Atom (Special Edition)","Noisia;Kill The Noise Remix",2012-04-09,164539,26,false,ocifamtv1z7as35vkc29ko9m5,2025-05-30T04:24:39Z,"drum and bass,drumstep,dubstep,breakbeat,bass music,jungle","Vision Recordings",0.619,0.968,6,-3.194,0,0.318,0.000646,0.027,0.291,0.274,171.869,4
spotify:track:4h5ql8BUHKM6z2qFK5fTlx,"Gaara","Gaara","Brandon Hombre;Trip-Tamine;Phenomenal",2022-05-13,246857,11,false,ocifamtv1z7as35vkc29ko9m5,2025-05-30T20:57:07Z,"psytrance,progressive trance,trance","Psyfeature",0.65,0.921,7,-4.965,1,0.123,0.0142,0.671,0.225,0.52,140.022,4
spotify:track:2drNkSZwimjsEnutbLOE6J,"Vision Illusion","Vision Illusion","Earthspace;Spinal Fusion",2019-05-20,414246,29,false,ocifamtv1z7as35vkc29ko9m5,2025-05-30T21:14:01Z,"psytrance,trance,progressive trance","Nano Records",0.645,0.984,7,-5.706,1,0.0461,0.0000364,0.853,0.42,0.297,145.997,4
spotify:track:5qzzl0Dp5B4ias5PRjVTkM,"Chemical Dreams","Chemical Dreams","Zingara",2021-01-10,130243,42,false,ocifamtv1z7as35vkc29ko9m5,2025-05-30T22:04:19Z,"dubstep,bass music,riddim","Skull Vision",0.654,0.633,10,-8.959,0,0.0844,0.00536,0.8,0.126,0.319,164.015,4
spotify:track:4va726K1RYscJXMJU9QTDj,"Time is Illusion","The Code of Dreamz","Zingara;Austeria",2024-06-06,230769,41,false,ocifamtv1z7as35vkc29ko9m5,2025-05-30T22:22:41Z,"dubstep,bass music,riddim","Zingara Music",0.333,0.847,11,-7.992,0,0.0741,0.13,0.207,0.057,0.0465,130.337,4
spotify:track:4UurDTaym8siIzXS8uLue0,"Up is Down","The Code of Dreamz","Zingara",2024-06-06,205970,28,false,ocifamtv1z7as35vkc29ko9m5,2025-05-30T22:30:38Z,"dubstep,bass music,riddim","Zingara Music",0.678,0.773,1,-4.838,1,0.0305,0.00341,0.595,0.0913,0.0396,134.088,4
spotify:track:1qGgZe6hH7OOuVAqudaCPV,"Shape Shift","For The Crystal Children","Zingara",2024-11-01,195242,38,false,ocifamtv1z7as35vkc29ko9m5,2025-05-30T22:32:40Z,"dubstep,bass music,riddim","Zingara Music",0.65,0.928,10,-4.458,0,0.0457,0.122,0.0121,0.313,0.146,127.02,4
spotify:track:2atcKUTv5j2W9TYumJFvwB,"Rhythm of Life","Rhythm of Life","Zingara;Steller;Maurice Mobetta Brown",2024-11-01,166896,31,false,ocifamtv1z7as35vkc29ko9m5,2025-05-30T22:51:08Z,"dubstep,bass music,riddim,nu jazz","Zingara Music",0.591,0.866,7,-4.3,1,0.0922,0.1,0,0.103,0.599,86.935,4
spotify:track:2gOrSnyYKsJWMrOH9giTkT,"Chaos Theory","Chaos Theory","GRiZ;Wooli",2025-05-30,157714,57,false,ocifamtv1z7as35vkc29ko9m5,2025-05-31T21:05:58Z,"dubstep,edm,melodic bass,riddim,deathstep,future bass,bass music","GRiZ LLC",0.537,0.886,1,-0.881,1,0.19,0.0208,0.00572,0.318,0.184,139.936,4
spotify:track:0jRhIOQaI0wbZe7UVbKeZg,"Transformation","Transformation","Lumasi",2024-03-06,229714,42,false,ocifamtv1z7as35vkc29ko9m5,2025-05-31T21:12:46Z,"bass music,dubstep","Wubaholics",0.64,0.766,4,-4.759,0,0.0424,0.0175,0.171,0.108,0.0567,139.959,4
spotify:track:5gREtykwyyBt4283wFqa8y,"Sankar's Lake - ill.gates Remix","Revolution Remixes","CloZee;ill.gates",2016-05-31,207243,24,false,ocifamtv1z7as35vkc29ko9m5,2025-05-31T21:15:05Z,"glitch,bass music,dubstep","Gravitas Recordings",0.78,0.802,6,-4.487,0,0.0463,0.00175,0.377,0.112,0.254,109.998,4
spotify:track:1UH6XXJLNFQy4RnYFG4e8w,"Bombs Away","Glow Up","Artifakts",2018-09-05,191881,38,false,ocifamtv1z7as35vkc29ko9m5,2025-05-31T21:56:43Z,"","Philos Records",0.651,0.603,11,-6.476,0,0.0663,0.00328,0.438,0.143,0.358,94.029,4
spotify:track:4zTVDxD5KpLjrSAiLcxl4b,"Infinite","Rainbow Brain","GRiZ",2021-07-23,217600,51,false,ocifamtv1z7as35vkc29ko9m5,2025-05-31T22:11:03Z,"dubstep,edm","GRiZ LLC",0.394,0.895,5,-1.79,1,0.0441,0.00471,0.429,0.491,0.204,149.718,4
spotify:track:13NhUa9yjilILNaHBNPfiW,"Tiger Kingdom Space Camp","Bangers[4].Zip","GRiZ",2019-11-15,192000,36,false,ocifamtv1z7as35vkc29ko9m5,2025-05-31T22:14:59Z,"dubstep,edm","GRiZ LLC",0.531,0.893,0,-3.779,1,0.151,0.000148,0.844,0.208,0.376,169.919,4
spotify:track:5RQzUsayVws2Rbw6qtXzV6,"On Repeat","On Repeat","Flux Pavilion;Wooli;Cammie Robinson",2024-05-16,244965,54,false,ocifamtv1z7as35vkc29ko9m5,2025-06-01T01:20:28Z,"dubstep,edm,dub,melodic bass,riddim,deathstep,future bass,bass music,stutter house,hardstyle,frenchcore","Circus Records",0.363,0.862,11,-2.745,0,0.0451,0.0867,0.000594,0.297,0.3,145.089,4
spotify:track:6st1CVCUWkKgonMwm20BCD,"Coming Up (Like That)","Coming Up (Like That)","Heyz",2024-04-12,166156,49,false,ocifamtv1z7as35vkc29ko9m5,2025-06-01T02:27:12Z,"dubstep,bass music","Bassrush Records",0.605,0.925,9,-1.747,1,0.0948,0.0292,0.000437,0.268,0.14,74.979,4
spotify:track:3Od1ZJW0O6puhUWFzlg85d,"ETERNAL NOW","RENEGADES OF LIGHT","LSDREAM;Champagne Drip",2019-04-12,238745,46,false,ocifamtv1z7as35vkc29ko9m5,2025-06-01T02:34:41Z,"dubstep,bass music,edm","Wakaan",0.509,0.757,4,-4.789,0,0.0365,0.00252,0.0466,0.118,0.0388,100.036,4
spotify:track:2yAew4q1ziWEUH7XBKkxmH,"Noxious - A Hundred Drums Remix","Noxious Remix EP","LYNY;A Hundred Drums",2023-07-26,181714,32,false,ocifamtv1z7as35vkc29ko9m5,2025-06-01T02:35:16Z,"bass music","Noxious Recordings",0.709,0.742,2,-5.161,1,0.0341,0.0565,0.792,0.113,0.117,140.03,4
spotify:track:3zLAn7lgcnua6JgckVXWva,"SAXORiDDiM","SAXORiDDiM","GRiZ",2023-06-23,188571,53,false,ocifamtv1z7as35vkc29ko9m5,2025-06-01T02:58:40Z,"dubstep,edm","GRiZ LLC",0.539,0.952,10,-1.764,0,0.215,0.0201,0.1,0.799,0.404,140.066,4
spotify:track:5UkSfJevaLbQ8UAVQQmXO3,"Take Me Home","Take Me Home","GRiZ;Grabbitz",2025-03-20,217297,49,false,ocifamtv1z7as35vkc29ko9m5,2025-06-01T03:22:59Z,"dubstep,edm","GRiZ LLC",0.441,0.776,6,-2.235,0,0.0547,0.0737,0.0000411,0.158,0.0798,147.894,4
spotify:track:2WfjOtTI19qGwpjknDQ54N,"Colors - Original mix","Colors","Avalon;Tristan;Vini Vici",2016-11-14,487391,40,false,ocifamtv1z7as35vkc29ko9m5,2025-06-03T02:08:18Z,"psytrance,trance,progressive trance","Iboga Records",0.607,0.979,11,-6.828,0,0.056,0.00262,0.626,0.284,0.227,137.996,4
spotify:track:1E0CZWim9mfwrCkXvieES8,"Ecstasy Of Soul","Ecstasy Of Soul","Zeds Dead;GRiZ",2022-12-14,238400,55,false,ocifamtv1z7as35vkc29ko9m5,2025-06-06T14:20:30Z,"dubstep,edm","Deadbeats",0.379,0.898,11,-2.19,0,0.219,0.0238,0.0265,0.374,0.129,150.223,4
spotify:track:3YXfoqDe9Alu2Kz1Vks7UY,"FOLLOW THE VIBE - Lumasi Remix","LSDREAM Remix Series, Vol. 1","LSDREAM;Taylr Renee;Lumasi",2023-10-27,217967,24,false,ocifamtv1z7as35vkc29ko9m5,2025-06-06T14:26:28Z,"dubstep,bass music,edm","WAKAAN",0.615,0.679,2,-7.539,1,0.0541,0.192,0.00681,0.141,0.0727,119.968,4
spotify:track:61Vu4pSf5Tp6aSC59t53Sm,"Lakhesis","Sisters of Fate","Austeria;Zingara",2022-07-13,235200,23,false,ocifamtv1z7as35vkc29ko9m5,2025-06-06T15:28:12Z,"dubstep,riddim,bass music","Zingara Music",0.478,0.899,2,-5.552,1,0.452,0.0553,0.00879,0.127,0.139,150.322,4
spotify:track:6atd3lJ1Kk3BDfuPNSPTwP,"Player One","Player One","Capochino",2021-11-10,160940,13,false,ocifamtv1z7as35vkc29ko9m5,2025-06-06T16:10:34Z,"dubstep,riddim,bass music","CAPO RECORDS",0.626,0.972,2,-4.793,1,0.314,0.0561,0.829,0.109,0.549,170.029,4
spotify:track:6dMT9nL41UUJkmqXdWRFEb,"Trouble","Trouble","Effin",2024-08-09,245142,42,false,ocifamtv1z7as35vkc29ko9m5,2025-06-06T17:26:15Z,"dubstep,riddim,bass music,deathstep","Effin Music",0.687,0.899,1,-2.052,1,0.286,0.0115,0.0515,0.633,0.456,139.955,4
spotify:track:5OufsgU38bnHTVDmYuzZhM,"BACK2LIFE","BACK2LIFE","ALLEYCVT",2023-08-09,195200,56,false,ocifamtv1z7as35vkc29ko9m5,2025-06-06T17:56:05Z,"dubstep,edm,riddim","PLANET SUPERSONIC",0.519,0.892,8,-1.677,1,0.0497,0.00533,0.00603,0.132,0.393,150.008,4
spotify:track:3h151uk2sF59N4aQHQEJEh,"CONTROL DUB","CONTROL DUB","Stylust",2023-07-14,170219,34,false,ocifamtv1z7as35vkc29ko9m5,2025-06-06T18:10:06Z,"bass music,dubstep","Sleeveless Records",0.688,0.742,11,-6.353,1,0.314,0.000895,0.863,0.124,0.266,139.974,4
spotify:track:5SsQuIEqwXAtPKRGVKzokn,"Don't Stop","Don't Stop","Shlump",2024-06-28,198400,20,false,ocifamtv1z7as35vkc29ko9m5,2025-06-06T18:25:29Z,"bass music,dubstep,riddim","Bassrush Records",0.646,0.869,6,-2.697,1,0.0581,0.0271,0.476,0.273,0.633,75.007,4
spotify:track:07u4GoPpRBESwyoJCG4jWD,"THE WRATH","THE WRATH","Austeria",2023-11-24,240000,13,false,ocifamtv1z7as35vkc29ko9m5,2025-06-06T18:32:43Z,"dubstep,riddim","Cyclops Recordings",0.608,0.993,9,-2.622,1,0.0701,0.000807,0.381,0.292,0.307,139.969,4
spotify:track:4dN0HAexm85GZTkHlXG9OB,"Bastet","Bastet","Zingara",2025-03-07,163973,31,false,ocifamtv1z7as35vkc29ko9m5,2025-06-10T00:50:03Z,"dubstep,bass music,riddim","Odyzey Music",0.692,0.75,2,-4.905,1,0.0346,0.189,0.743,0.06,0.126,130.153,3
spotify:track:4TcxPIngPIWAfZmAKv2WHj,"Calamity","Calamity","Canabliss",2024-07-19,158001,23,false,ocifamtv1z7as35vkc29ko9m5,2025-06-10T01:16:49Z,"","Canabliss Music",0.648,0.873,11,-6.258,0,0.0379,0.214,0.888,0.0937,0.247,135.023,4
spotify:track:1eBiyRdHIrtBbLPVCbz1gc,"Mourning Dub","Mourning Dub","Lumasi",2024-11-22,253714,42,false,ocifamtv1z7as35vkc29ko9m5,2025-06-11T02:32:05Z,"bass music,dubstep","Lumasi Music",0.555,0.797,11,-5.786,0,0.154,0.0628,0.0375,0.186,0.0385,140.132,4
spotify:track:1Wl1KASQ6HweiMALASXbbm,"Hieroglyph - Of The Trees Remix","ANTIFRACTALS","Subtronics;Of The Trees",2022-12-16,197142,46,false,ocifamtv1z7as35vkc29ko9m5,2025-06-11T02:50:42Z,"dubstep,riddim,edm,deathstep,bass music,dub","Cyclops Recordings",0.367,0.452,7,-8.335,0,0.0792,0.242,0.871,0.701,0.0709,69.944,4
spotify:track:2ExgInVObnTnN2coGp3SLc,"EMPYRE, Pt. 2 - Heyz Remix","LSZEE (Remixes)","CloZee;LSDREAM;Heyz",2025-04-04,222827,28,false,ocifamtv1z7as35vkc29ko9m5,2025-06-11T03:04:10Z,"dubstep,bass music,edm","Odyzey Music",0.462,0.811,1,-2.975,1,0.0625,0.0793,0.423,0.113,0.0724,71.7,4
spotify:track:6eP0L0LJNrCQLAx6QKRJhp,"Noise Are Us","Noise Are Us","Pixel;Space Cat;NO SPOON",2023-03-03,332000,26,false,ocifamtv1z7as35vkc29ko9m5,2025-06-12T02:54:50Z,"psytrance,trance,progressive trance","Stereo Society",0.654,0.956,4,-5.873,0,0.0508,0.000536,0.887,0.126,0.322,145.972,4
spotify:track:7joNAI339WuepdBiFD8VKy,"My Flow","My Flow","OPIX;Djapatox",2023-03-30,259928,16,true,ocifamtv1z7as35vkc29ko9m5,2025-06-12T03:32:19Z,"psytrance,progressive trance","OPIX",0.818,0.887,9,-7.106,0,0.218,0.024,0.313,0.13,0.75,145.049,4
spotify:track:2SoOLyZvxot9ebfl6QR6UE,"Far Away - Gunpoint Remix","PERIPHERY (Remix LP)","Ravenscoon;Gunpoint",2024-05-17,246857,9,false,ocifamtv1z7as35vkc29ko9m5,2025-06-14T08:56:34Z,"bass music,dubstep,riddim","WAKAAN",0.513,0.959,9,-2.485,1,0.0685,0.000497,0.000885,0.16,0.0574,139.997,4
spotify:track:7CKtAo5iPoTTZa2x3wDsEc,"Rising Tides","Rising Tides","Levity;Lhasa Petik",2023-08-04,262066,51,false,ocifamtv1z7as35vkc29ko9m5,2025-06-14T09:02:45Z,"dubstep","In The Clouds",0.537,0.836,5,-5.088,1,0.124,0.0434,0.0000685,0.664,0.366,143.014,4
spotify:track:5MMQJ6XtAYzzPmj7j4A1wi,"Illusion of Choice","#digitalfreedom EP","Gramatik",2012-04-12,298174,32,false,ocifamtv1z7as35vkc29ko9m5,2025-06-14T09:23:43Z,"electro swing,trip hop,nu jazz,downtempo","Lowtemp",0.714,0.754,2,-5.179,1,0.0359,0.00185,0.704,0.196,0.461,145.01,4
spotify:track:1lUeoH9djQPs2r5kALLvYk,"Fixin's","Fixin's","TVBOO;smith.",2023-07-04,205241,42,true,ocifamtv1z7as35vkc29ko9m5,2025-06-14T22:16:37Z,"dubstep,bass music,riddim","892857 Records DK2",0.721,0.728,11,-4.413,0,0.11,0.000326,0.00885,0.314,0.323,144.92,4
spotify:track:49dtwV51zIgpJYPdqyg8LF,"Four 15's VIP","Modern Throwback","Smoakland",2020-04-06,174545,43,false,ocifamtv1z7as35vkc29ko9m5,2025-06-14T22:18:50Z,"bass music,dubstep","The Gradient Perspective Records",0.778,0.535,9,-6.048,0,0.176,0.169,0.00246,0.62,0.431,82.522,4
spotify:track:57gAu0LIjECqXYpuwmwU2C,"Cursed","Cursed","Gunpoint;Eater",2025-05-30,177428,21,false,ocifamtv1z7as35vkc29ko9m5,2025-06-14T22:21:22Z,"riddim,bass music,dubstep","Cyclops Recordings",0.457,0.873,3,-5.025,1,0.362,0.132,0.0113,0.104,0.213,138.757,4
spotify:track:6RodaF6srpxzaCazelewk1,"I Must Increase My Bust","Lust (Special Remastered Band Edition)","Lords Of Acid",2017-04-28,271733,36,true,ocifamtv1z7as35vkc29ko9m5,2025-06-17T17:37:28Z,"industrial,industrial rock,ebm,industrial metal,hardcore techno,acid house","Metropolis Records",0.665,0.97,10,-2.85,0,0.0567,0.000234,0.0356,0.286,0.619,128.982,4
spotify:track:3DucVjY5a5di5uWI9S4dZF,"Synodic","Synodic","Kore-G;Amitav",2023-02-03,263495,17,false,ocifamtv1z7as35vkc29ko9m5,2025-06-17T21:30:49Z,"psytrance,melbourne bounce,hardstyle","Psyfeature",0.616,0.808,1,-5.512,1,0.0415,0.0107,0.728,0.157,0.565,140.01,4
spotify:track:5irKKFoCUyKFq8rvtSBIYM,"Sem Chão","Sem Chão","Mandragora",2017-01-22,247022,57,false,ocifamtv1z7as35vkc29ko9m5,2025-06-20T02:44:36Z,"psytrance,trance,progressive trance","Blacksheep",0.479,0.437,1,-7.989,1,0.0547,0.0417,0.0343,0.125,0.0741,108.869,3
spotify:track:7gV5ht33Ph6yYA4ZsvUAJ9,"You See Me","Thunderbird","La P'tite Fumée;Mandragora",2019-06-21,251600,0,false,ocifamtv1z7as35vkc29ko9m5,2025-06-20T02:55:21Z,"psytrance,tekno,frenchcore,trance,progressive trance","Khanti Records",0.636,0.598,2,-9.431,0,0.0634,0.0325,0.907,0.283,0.328,159.985,4
spotify:track:3HfUAWHIjzfNzlbfdvIyx4,"Interlude - Shapeless Remix","Interlude","Blazy;Aura Vortex;Shapeless",2019-03-30,157169,49,false,ocifamtv1z7as35vkc29ko9m5,2025-06-20T02:58:33Z,"psytrance,trance,progressive trance,brazilian bass,g-house,electronic,bass house","Alien Records",0.571,0.772,6,-4.854,1,0.199,0.306,0.815,0.237,0.215,191.979,3
spotify:track:4hg7TYiqqKeyHZMwErkJdy,"We Gonna Groove","We Gonna Groove","Interactive Noise",2020-01-10,311739,30,false,ocifamtv1z7as35vkc29ko9m5,2025-06-20T03:02:29Z,"psytrance,progressive trance,trance","Spin Twist Records",0.838,0.577,0,-7.139,1,0.116,0.0383,0.816,0.0934,0.175,140.002,4
spotify:track:4xEO75LnaprHRLutfxM8e7,"Bluetooth","BIG MODE","Mandragora",2023-04-20,240882,22,false,ocifamtv1z7as35vkc29ko9m5,2025-06-20T03:06:25Z,"psytrance,trance,progressive trance","D.Y.O.R",0.699,0.71,1,-6.947,1,0.0338,0.0123,0.822,0.116,0.144,135.983,4
spotify:track:0DxaGZzgG3DEZOItiyoyNw,"Pegasus","Astro V2","DJ Pegasus;Mandragora",2021-12-01,236391,21,false,ocifamtv1z7as35vkc29ko9m5,2025-06-20T17:40:48Z,"psytrance,trance,progressive trance","METACASH SOUND DESIGN",0.736,0.815,9,-6.203,1,0.0416,0.00122,0.472,0.132,0.694,133.999,4
spotify:track:4FyKy7YHPJLFp25nmnno6F,"Pegasus Pt. 2","Astro V2","DJ Pegasus;Mandragora",2021-12-01,292330,19,false,ocifamtv1z7as35vkc29ko9m5,2025-06-20T19:14:35Z,"psytrance,trance,progressive trance","METACASH SOUND DESIGN",0.735,0.71,9,-5.949,1,0.0384,0.00286,0.642,0.172,0.332,132.998,4
spotify:track:4ZqHtY8Ck4Xsyu6cAxbeoQ,"Spaguetti","Disc 3","Mandragora;Moontrackers",2018-08-17,260516,33,false,ocifamtv1z7as35vkc29ko9m5,2025-06-20T19:19:07Z,"psytrance,trance,progressive trance","Alien Records",0.636,0.886,10,-5.501,0,0.0522,0.0104,0.808,0.2,0.39,149.962,4
spotify:track:2ZDFiYhZUQA7bR6nYCvJ8z,"Imaginarium - Vegas (Brazil) Remix","Caixa Magica","Vegas (Brazil);Aura Vortex",2019-01-22,473610,39,false,ocifamtv1z7as35vkc29ko9m5,2025-06-20T21:37:37Z,"psytrance,trance,progressive trance,electronic","Alien Records",0.673,0.847,0,-7.209,1,0.0412,0.0198,0.792,0.119,0.276,142.014,4
spotify:track:3BHVLXvqAoIzsnC33u3YJT,"Fake Acid","Disc 1","Mandragora",2018-07-30,383375,36,false,ocifamtv1z7as35vkc29ko9m5,2025-06-20T21:41:02Z,"psytrance,trance,progressive trance","Alien Records",0.609,0.443,1,-9.011,1,0.0443,0.1,0.626,0.148,0.127,132.999,4
spotify:track:7cuqUMdflXGtBOVkfH83w5,"A Handful Of Moments - Original Mix","Promomixtapes","4i20;Mandragora;Jacob",2016-10-20,316204,21,false,ocifamtv1z7as35vkc29ko9m5,2025-06-20T21:53:10Z,"psytrance,trance,progressive trance","Alien Records",0.809,0.551,11,-5.963,1,0.0898,0.0131,0.781,0.081,0.318,136.995,4
spotify:track:57iHN9gVlzOF3r8AddEALc,"Yesterdam","Caixa Magica","Vegas (Brazil)",2019-01-22,475301,13,false,ocifamtv1z7as35vkc29ko9m5,2025-06-20T22:20:29Z,"psytrance,trance,progressive trance,electronic","Alien Records",0.692,0.739,6,-7.264,0,0.0389,0.00065,0.687,0.565,0.0666,142.014,4
spotify:track:2mf38IQyTU6UyKhZopDBGF,"Bach - Mandragora & Devochka Remix","Bach (Mandragora & Devochka Remix)","4i20;Claudinho Brasil;Mandragora;Devochka",2015-04-04,339375,46,false,ocifamtv1z7as35vkc29ko9m5,2025-06-20T22:29:05Z,"psytrance,trance,progressive trance,electronic,brazilian bass","D.Y.O.R",0.582,0.46,11,-7.086,0,0.0803,0.0192,0.396,0.387,0.0824,127.995,4
spotify:track:11zBxuUxo7KD5PTavV3QrD,"Pr1mary Sub","Astro V2","DJ Pegasus;Mandragora",2021-12-01,320297,22,false,ocifamtv1z7as35vkc29ko9m5,2025-06-22T18:16:44Z,"psytrance,trance,progressive trance","METACASH SOUND DESIGN",0.867,0.511,11,-8.827,1,0.0536,0.0464,0.47,0.0893,0.106,124.004,4
spotify:track:0H3nwvjm8pcmhlulZ4YGFX,"Mandala","Mandala","Blastoyz",2018-02-26,357482,44,false,ocifamtv1z7as35vkc29ko9m5,2025-06-22T18:30:21Z,"psytrance,trance,progressive trance","WELVRAVE",0.625,0.949,6,-5.756,0,0.106,0.0175,0.843,0.176,0.237,143.02,4
spotify:track:0zpl5uMmSeTIPheLMEzn6y,"Vikings - VIP Mix","Vikings","Synergetic Emotion",2020-10-20,257142,37,true,ocifamtv1z7as35vkc29ko9m5,2025-06-22T18:32:01Z,"psytrance,progressive trance,trance","Synergetic Emotion",0.754,0.411,4,-9.015,1,0.0538,0.0087,0.837,0.185,0.323,142.074,4
spotify:track:0470r5ZRMxNBzYoeTueoww,"Erva da Jamaica","Erva da Jamaica","Vegas (Brazil);Coktel Molotov",2023-01-06,293333,54,false,ocifamtv1z7as35vkc29ko9m5,2025-06-22T19:06:41Z,"psytrance,trance,progressive trance,electronic,brazilian hip hop","SYNK87",0.757,0.775,2,-6.234,1,0.0558,0.00959,0.205,0.622,0.327,143.994,4
spotify:track:4NClE5f14LH4myrYjQSZbi,"Eternal","Eyes On You","Hi Profile;Mandragora",2017-12-22,258761,0,false,ocifamtv1z7as35vkc29ko9m5,2025-06-22T19:09:56Z,"psytrance,progressive trance,trance","1db Records",0.518,0.742,10,-8.145,1,0.0904,0.0276,0.789,0.12,0.241,139.998,4
spotify:track:1s9ohVR9nFLDTnGMABxEr6,"Reeperbahn","Reeperbahn","Interactive Noise",2019-08-23,349347,37,true,ocifamtv1z7as35vkc29ko9m5,2025-06-24T03:16:20Z,"psytrance,progressive trance,trance","Spin Twist Records",0.796,0.765,11,-6.625,0,0.067,0.043,0.834,0.158,0.548,141.004,4
spotify:track:0eet5AET9CQWWe334yK0W0,"Church of Stones","Disc 3","Mandragora;Jack In The Box",2018-08-17,357096,19,false,ocifamtv1z7as35vkc29ko9m5,2025-06-24T03:29:12Z,"psytrance,trance,progressive trance","Alien Records",0.744,0.702,9,-7.788,1,0.0528,0.000837,0.918,0.103,0.0404,144.987,4
spotify:track:11sVVtulF4GlRoxiLH3Xtz,"Dead or Alive","Dead or Alive","Interactive Noise",2018-12-14,368000,26,false,ocifamtv1z7as35vkc29ko9m5,2025-06-24T14:30:58Z,"psytrance,progressive trance,trance","Spin Twist Records",0.717,0.774,2,-7.696,1,0.0836,0.059,0.761,0.177,0.288,140.04,4
spotify:track:0QhnQsMivuCrqF0h7qyuAG,"Infiltrator","Interceptor","Dexter Jexxster",2020-11-06,157714,19,false,ocifamtv1z7as35vkc29ko9m5,2025-06-29T22:14:41Z,"psytrance,progressive trance","ENIVERSE RECORDS",0.522,0.942,0,-6.759,1,0.0487,0.00213,0.815,0.13,0.051,139.997,4
spotify:track:765o1Y3fL65qQJ6ycIuZAK,"DANCE","DANCE","Luci",2019-05-03,185442,26,false,ocifamtv1z7as35vkc29ko9m5,2025-06-29T22:26:07Z,"melodic bass","Wakaan",0.761,0.848,1,-4.198,0,0.0984,0.00463,0.559,0.124,0.617,88.032,4
spotify:track:31s93lLLM4JjSwob0fqaDb,"Sweet Something","Alligator Spacewalk","Will Magid;Alligator Spacewalk",2016-05-13,224960,41,false,ocifamtv1z7as35vkc29ko9m5,2025-06-29T22:47:39Z,"electro swing,trip hop","happy rabbit",0.691,0.548,7,-7.777,0,0.0485,0.258,0.767,0.0885,0.394,99.821,4
spotify:track:1i0dGjEOBBIv1B708nfhlW,"Super NinTechno","Super NinTechno","CLAWZ",2023-05-12,181618,13,false,ocifamtv1z7as35vkc29ko9m5,2025-06-30T01:09:50Z,"hard techno","5244171 Records DK2",0.75,0.982,0,-9.066,1,0.0671,0.00221,0.662,0.0756,0.534,148.01,4
spotify:track:6eyQfn7k9PJJQH1oaWIpmp,"Clockwork","A State Of Trance 800 (The Official Compilation)","Freedom Fighters",2017-02-17,219428,27,false,ocifamtv1z7as35vkc29ko9m5,2025-06-30T19:06:17Z,"psytrance,trance,progressive trance","Armada Music Bundles",0.657,0.739,6,-9.523,1,0.0559,0.0118,0.542,0.0832,0.067,140.019,4
spotify:track:1krYBi0BE2HCp3fvSMtBcX,"Honeydust","Honeydust","Of The Trees;Kala",2019-11-15,240000,51,false,ocifamtv1z7as35vkc29ko9m5,2025-06-30T20:38:01Z,"bass music,psytrance","Of The Trees",0.539,0.673,5,-4.263,0,0.047,0.0151,0.0105,0.557,0.176,83.963,4
spotify:track:49b0EZ2uc0ZV46jnI5JmEI,"La Perigosa","La Perigosa","Phantom BR;Coblan",2022-12-23,240004,22,false,ocifamtv1z7as35vkc29ko9m5,2025-06-30T22:38:28Z,"psytrance,trance,progressive trance","Psyfeature",0.702,0.878,1,-5.974,1,0.0747,0.024,0.496,0.311,0.571,150,4
spotify:track:58PZLJM8mDybgFLXOZVtgz,"Voices","Voices","Kova;Dzp",2024-09-25,310985,30,false,ocifamtv1z7as35vkc29ko9m5,2025-07-08T02:04:30Z,"psytrance,progressive trance,trance","Psyfeature Selected",0.685,0.831,11,-7.694,0,0.0552,0.0416,0.711,0.877,0.529,141.978,4
spotify:track:0XL75lllKb1jTmEamqwVU6,"Time of India","Time of India","Sajanka",2014-11-14,240062,38,false,ocifamtv1z7as35vkc29ko9m5,2025-07-08T02:32:18Z,"psytrance,trance","Najara Records",0.689,0.554,9,-8.2,1,0.0759,0.091,0.914,0.0867,0.163,148.002,4
spotify:track:1KarXkj9qlEpapTWugZUuY,"Drop That Shit!","Drop That Shit!","Azzura",2022-01-13,240100,0,false,ocifamtv1z7as35vkc29ko9m5,2025-07-08T02:49:42Z,"psytrance,progressive trance,trance","Lazuli Records",0.642,0.878,1,-6.724,1,0.16,0.00308,0.778,0.0778,0.575,155.015,4
spotify:track:1b1TQHFL6lSFh8hb1mgiHs,"REDLIGHT - VIP","REDLIGHT (VIP)","NGHTMRE;A$AP Ferg",2019-04-10,199118,40,true,ocifamtv1z7as35vkc29ko9m5,2025-07-08T23:13:49Z,"dubstep,edm,edm trap,future bass,rap","Ultra Records, LLC",0.6,0.97,6,-4.435,0,0.361,0.0171,0.0000447,0.72,0.0715,130.111,4
spotify:track:4cESBPrGve3eT6AW2qWsWJ,"London","London","GUNS",2021-11-26,164558,41,true,ocifamtv1z7as35vkc29ko9m5,2025-07-09T05:13:28Z,"","alt:lab",0.814,0.394,1,-8.959,1,0.297,0.498,0.786,0.0736,0.182,135.997,4
spotify:track:26A3wM9ppV8ad4kftssqr3,"We Are to Answer","We Are to Answer","Ancient Astronauts",2021-04-16,191764,35,false,ocifamtv1z7as35vkc29ko9m5,2025-07-09T20:47:55Z,"trip hop,downtempo","Switchstance Recordings",0.571,0.679,0,-6.283,1,0.0294,0.0444,0.549,0.0843,0.373,170.045,4
spotify:track:7AHzzHjC26x5PL3NJU6UlU,"Toxic","Toxic","SampliFire",2024-12-18,144335,45,false,ocifamtv1z7as35vkc29ko9m5,2025-07-10T16:22:51Z,"riddim,dubstep,deathstep,bass music","Bassweight Records",0.451,0.987,8,0.13,1,0.182,0.00433,0.0105,0.346,0.379,142.86,4
spotify:track:0yGar1XixZiEydC4IYJmoS,"Woohaa","Fluorescence","Big Gigantic;Little Stranger;Heyz",2025-06-20,160000,29,false,ocifamtv1z7as35vkc29ko9m5,2025-07-10T16:27:45Z,"reggae rock,dubstep,bass music","Big Gigantic",0.686,0.961,1,0.541,1,0.0939,0.00389,0.000128,0.606,0.768,75.036,4
spotify:track:2kk1OgVSZAoLS45OvFCOHX,"NOISE COMPLAINT","NOISE COMPLAINT","Boogie T;Cyclops",2025-06-20,144000,41,false,ocifamtv1z7as35vkc29ko9m5,2025-07-10T16:38:40Z,"dubstep,riddim,bass music,edm,dub,deathstep","Cyclops",0.72,0.898,11,-1.037,1,0.0611,0.0251,0.0000277,0.775,0.637,139.969,4
spotify:track:7LzwD5NXJGWcQXnCTvXCfF,"Look What You've Done","STAY IN YOUR LANE...","Smoakland",2023-11-03,182400,0,false,ocifamtv1z7as35vkc29ko9m5,2025-07-10T16:38:52Z,"bass music,dubstep","Left Coast Records",0.244,0.647,7,-6.172,0,0.042,0.0163,0.174,0.0896,0.0627,150.112,4
spotify:track:00aIKTpRUwcoGvOfCUMYQr,"Into Pieces - Wooli x Grabbitz Remix","ANTIFRACTALS","Subtronics;Wooli;Grabbitz",2022-12-16,204387,54,false,ocifamtv1z7as35vkc29ko9m5,2025-07-10T16:42:34Z,"dubstep,riddim,edm,deathstep,bass music,dub,melodic bass,future bass","Cyclops Recordings",0.531,0.883,11,-2.862,0,0.0515,0.0134,0.00000477,0.081,0.264,155.089,4
spotify:track:1Re81w8xdZjUNuRu1AUSoL,"AHORA","AHORA","Jon Casey;TroyBoi",2025-05-28,145655,38,false,ocifamtv1z7as35vkc29ko9m5,2025-07-10T17:15:21Z,"edm trap,bass music","Monstercat",0.759,0.724,2,-4.664,1,0.269,0.00237,0.0583,0.307,0.462,144.893,4
spotify:track:4nECx74TstNdhoE9sO0j78,"Ignition","Escapism Vol. 1","Levity",2024-09-25,186213,56,true,ocifamtv1z7as35vkc29ko9m5,2025-07-10T17:40:57Z,"dubstep","Deadbeats Acquisition UMC",0.525,0.953,11,-2.149,0,0.108,0.0172,0.00115,0.682,0.285,89.951,4
spotify:track:3wWdJGv0iqFJRQ82Uixaiu,"What's a Gremlin?","What's a Gremlin?","SIPPY",2025-06-18,140142,44,false,ocifamtv1z7as35vkc29ko9m5,2025-07-11T00:20:38Z,"dubstep,riddim,bass music","Gremlin Records",0.714,0.897,10,-4.228,0,0.103,0.0627,0.0169,0.345,0.554,139.973,4
spotify:track:5hINmK2dM9AyxpPC2AclAI,"STYLEZ","STYLEZ","Dr. Fresch;Calcium",2025-02-14,173400,32,true,ocifamtv1z7as35vkc29ko9m5,2025-07-11T01:01:29Z,"g-house,bass house,riddim,dubstep,deathstep,bass music","House Call Records",0.721,0.892,11,-2.042,1,0.0601,0.023,0.000185,0.392,0.233,100.028,4
spotify:track:09Ojb5nEE5RZf573gEHtBw,"Supersymmetry","Non Standards","Midimiliz",2020-03-13,391653,3,false,ocifamtv1z7as35vkc29ko9m5,2025-07-11T01:17:04Z,"psytrance,progressive trance","Gravity Plus Records",0.57,0.543,1,-11.176,1,0.0324,0.000242,0.794,0.112,0.492,133.978,4
spotify:track:4oJ5tVbObo7gY1DhhKreWb,"Fake Business Meeting","Fake Business Meeting","Sapro",2022-08-12,452054,4,false,ocifamtv1z7as35vkc29ko9m5,2025-07-11T01:35:03Z,"","Boomtic Records",0.746,0.901,7,-6.507,1,0.0586,0.000165,0.543,0.316,0.652,145.98,4
spotify:track:6cj5P2jU5tVqrQqg19G2vj,"Treble Rebel","Non Standards","Midimiliz",2020-03-13,361120,3,false,ocifamtv1z7as35vkc29ko9m5,2025-07-11T15:19:50Z,"psytrance,progressive trance","Gravity Plus Records",0.651,0.754,1,-9.036,1,0.0385,0.000213,0.863,0.113,0.169,134.003,4
spotify:track:1bpMpH9AMLIwsQKb9XiRUi,"I Hear Lies","I Hear Lies","Alex and Yell",2021-06-28,291200,0,false,ocifamtv1z7as35vkc29ko9m5,2025-07-11T16:38:24Z,"","Alex and Yell",0.567,0.908,9,-5.747,1,0.054,0.000405,0.797,0.0856,0.96,151.995,4
spotify:track:0VI3ogDIXKfDJgKtOHRpP6,"Acid Travelled","Acid Travelled","Novlik",2024-01-26,395349,2,false,ocifamtv1z7as35vkc29ko9m5,2025-07-11T17:36:22Z,"psytrance,trance","Novlik",0.642,0.952,9,-5.162,1,0.0422,0.00272,0.789,0.257,0.457,133.99,4
spotify:track:47kEJq44ZBrRBD4gvdCu0v,"Where You Are - GRiZ Remix","Where You Are (GRiZ Remix)","John Summit;HAYLA;GRiZ",2023-06-02,240000,63,false,ocifamtv1z7as35vkc29ko9m5,2025-07-12T00:44:17Z,"house,tech house,dubstep,edm","Experts Only/Darkroom Records",0.349,0.793,9,-4.383,0,0.0474,0.0331,0.00000366,0.745,0.249,139.641,4
spotify:track:75ZR0dhnkoeQFqaufvu4oz,"Sputnik IV","Sputnik IV","Artifakts",2021-05-10,193043,35,false,ocifamtv1z7as35vkc29ko9m5,2025-07-15T00:53:26Z,"","Artifakts",0.607,0.487,8,-10.18,1,0.0433,0.00713,0.388,0.0982,0.232,183.99,4
spotify:track:6qnNF68r9v2Gh3Sm7ivCiC,"Paradise","Paradise","Mersiv;Fryar",2020-09-18,284222,43,false,ocifamtv1z7as35vkc29ko9m5,2025-07-15T01:03:18Z,"bass music,dubstep","WAKAAN",0.429,0.926,1,-4.83,1,0.362,0.00885,0.199,0.1,0.133,159.881,4
spotify:track:3wzp52fj2SMFdxGR9jNN2M,"LIGHTYEARS","LIGHTYEARS","Dirt Monkey",2024-09-18,193793,44,false,ocifamtv1z7as35vkc29ko9m5,2025-07-15T01:10:33Z,"dubstep,riddim,bass music,dub","19K",0.532,0.921,11,-4.18,0,0.0542,0.00193,0.458,0.183,0.346,173.929,4
spotify:track:5zsrV7RQ54Mh1WuFGnEy6V,"Chill","Escapism Vol. 1","Levity;ProbCause",2024-09-25,188780,53,true,ocifamtv1z7as35vkc29ko9m5,2025-07-15T01:13:34Z,"dubstep","Deadbeats Acquisition UMC",0.589,0.867,4,-4.117,0,0.0771,0.0215,0.000159,0.656,0.466,164.091,4
spotify:track:3O0M0I0rbV7Ny7KlnblWVy,"Spell on You","Mind & Body","Zingara;Holly Kitsuné",2022-03-15,171428,45,false,ocifamtv1z7as35vkc29ko9m5,2025-07-15T01:20:07Z,"dubstep,bass music,riddim","Gravitas Recordings",0.633,0.867,6,-4.053,0,0.422,0.00851,0.203,0.318,0.364,83.975,4
spotify:track:7gnl8zbOnLzEVu5ktsvjEW,"Cliffs","Alive","SoDown;Manic Focus;Bailey Flores",2021-10-05,172727,0,false,ocifamtv1z7as35vkc29ko9m5,2025-07-15T01:23:20Z,"","GetDown Records",0.683,0.891,11,-4.3,0,0.0371,0.0119,0.00445,0.0853,0.444,131.962,4
spotify:track:53BjnauSWFdYV5tdKvbQ6j,"Tie-Dye Sky","Rainbow Brain","GRiZ",2021-07-23,188800,36,false,ocifamtv1z7as35vkc29ko9m5,2025-07-15T01:30:36Z,"dubstep,edm","GRiZ LLC",0.605,0.9,0,-1.725,0,0.0789,0.0131,0.443,0.144,0.523,150.146,4
spotify:track:108nFTPajD29FjcHmE7JX8,"Headspun","Headspun","Shanghai Doom",2025-05-16,143513,29,false,ocifamtv1z7as35vkc29ko9m5,2025-07-15T20:24:25Z,"bass music,dubstep,riddim","Shanghai Doom Music",0.857,0.648,11,-3.295,1,0.14,0.000244,0.797,0.166,0.362,148.059,4
spotify:track:3dNDt0VLKc0xUcuTI20Q73,"Innocence 2025","Innocence 2025","NERO;Taiki Nulight",2025-03-13,168000,51,false,ocifamtv1z7as35vkc29ko9m5,2025-07-15T20:28:47Z,"dubstep,dub,bass house,bassline,g-house,uk garage","Polydor Records",0.59,0.607,8,-3.919,1,0.092,0.0135,0.166,0.0873,0.278,139.805,4
spotify:track:4bW4m8LzKoaqwF8sCI37wn,"Drum Beats Go Like","Drum Beats Go Like","Shlump",2024-05-17,216000,33,true,ocifamtv1z7as35vkc29ko9m5,2025-07-15T21:15:03Z,"bass music,dubstep,riddim","HypnoVizion Records Inc.",0.755,0.851,1,-4.665,1,0.0815,0.0568,0.385,0.47,0.641,120.004,4
spotify:track:02xFanXMNa1oVWdDZicssi,"Bass Drama","Creatures","Hubwar",2020-11-06,260206,19,false,ocifamtv1z7as35vkc29ko9m5,2025-07-17T20:29:09Z,"bass music,dubstep","Noizion Recordz",0.642,0.597,5,-7.656,0,0.0466,0.00707,0.827,0.324,0.182,69.997,3
spotify:track:0IHAFElvWlMWTrWcLSPNGK,"Initiate","Champagne Trip","Champagne Drip",2021-08-06,209797,18,false,ocifamtv1z7as35vkc29ko9m5,2025-07-19T04:26:21Z,"dubstep,bass music","WAKAAN",0.502,0.958,2,-2.042,1,0.133,0.0043,0.00634,0.314,0.166,148.072,4
spotify:track:6C8vXyTvYOB7XRBHF9XWWi,"Wack","Word To The Mother","Cool Customer",2022-10-14,185624,27,false,ocifamtv1z7as35vkc29ko9m5,2025-07-18T23:47:29Z,"bass music","Deadbeats",0.763,0.974,1,-2.764,1,0.211,0.0175,0.441,0.198,0.378,87.996,4
spotify:track:72wf5CLvLqB5jrBnXEoFE1,"Psychological Pyrotechnics","Psychological Pyrotechnics","Tetrameth",2006-05-21,797733,10,false,ocifamtv1z7as35vkc29ko9m5,2025-07-19T23:55:14Z,"psytrance,progressive trance","Zenon Records",0.716,0.574,10,-14.341,0,0.0813,0.0112,0.283,0.278,0.287,139.008,4
spotify:track:3Oiauiojgokw9vWQvFmEoI,"Eyes on Fire - Zeds Dead Remix","Eyes on Fire (Zeds Dead Remix) [Zed Dead Remix]","Blue Foundation;Zeds Dead",2007,320000,61,false,ocifamtv1z7as35vkc29ko9m5,2025-07-20T00:43:16Z,"dubstep,edm","WM Denmark",0.614,0.726,11,-6.441,1,0.096,0.00869,0.00131,0.157,0.315,144.965,4
spotify:track:2xlkd2uQW8yfbh9r4eEhpb,"GOOME","GOOME","SampliFire",2024-08-26,192000,37,true,ocifamtv1z7as35vkc29ko9m5,2025-07-20T00:49:44Z,"riddim,dubstep,deathstep,bass music","Monstercat",0.67,0.995,1,0.166,1,0.36,0.0293,0.865,0.19,0.545,72.51,4
spotify:track:25f6IzJOQ5uymIlzPBm4L8,"Cockney Violin","Cockney Violin","Caspa",2006-12-18,245373,31,false,ocifamtv1z7as35vkc29ko9m5,2025-07-20T01:19:25Z,"dubstep,dub,bass music","Dub Police Records",0.509,0.728,1,-11.249,0,0.141,0.00278,0.822,0.435,0.0386,137.961,4
spotify:track:5Oik1LjKeqHCIueFrXA5Qi,"You Can Do It","Me Want Cookie","Cookie Monsta",2011-05-16,202000,28,false,ocifamtv1z7as35vkc29ko9m5,2025-07-20T01:22:41Z,"dubstep,dub,deathstep,riddim","Circus Records",0.533,0.984,0,-2.653,1,0.265,0.00145,0.00295,0.0805,0.329,142.939,4
spotify:track:10hYODoxosJRO9VaWIvi18,"Angel Above","Angel Above","ZEKE BEATS;Barclay Crenshaw",2024-07-26,173200,23,false,ocifamtv1z7as35vkc29ko9m5,2025-07-21T20:30:46Z,"bass music,dubstep,drumstep","Zeke Beats & Barclay Crenshaw",0.684,0.79,0,-4.635,1,0.0362,0.0172,0.0397,0.137,0.0459,149.991,4
spotify:track:5qFL2uwfnGU8FccwLMgPNQ,"Internet Friends","100% No Modern Talking","Knife Party",2012-08-01,301122,60,true,ocifamtv1z7as35vkc29ko9m5,2025-07-22T19:31:34Z,"dubstep,moombahton,edm","Big Beat Records/Atlantic",0.64,0.903,5,-3.042,0,0.185,0.00105,0.0503,0.171,0.152,128.079,4
spotify:track:7xDAVdlVRFI1ffuf1E6A7p,"Squatly","Zero G","The Widdler",2024-09-06,224571,34,false,ocifamtv1z7as35vkc29ko9m5,2025-07-22T22:21:02Z,"dub,dubstep,bass music","SubCarbon",0.859,0.732,11,-7.521,1,0.291,0.0144,0.0773,0.2,0.0556,140.071,4
spotify:track:0O42pCLNJpakxWDvq3IiNZ,"OPEN UR EYE","CAN YOU SEE ME?","Rezz;Cyclops",2024-03-14,168913,46,false,ocifamtv1z7as35vkc29ko9m5,2025-07-24T12:06:47Z,"dubstep,edm,riddim,deathstep,bass music","HypnoVizion Records Inc.",0.788,0.791,11,-2.823,1,0.0544,0.0492,0.77,0.147,0.534,137.961,4
spotify:track:5f9lGdQdpuJLCINacT7AEZ,"Shenlong","Shenlong","Saka",2024-06-14,226285,36,false,ocifamtv1z7as35vkc29ko9m5,2025-07-24T12:08:53Z,"drumstep,bass music,dubstep","Memory Palace",0.657,0.71,8,-5.303,1,0.0374,0.0513,0.736,0.185,0.0411,139.957,4
spotify:track:5Enc65rdL60lrGyv6G5Yb4,"Get That","Get That","Capochino;Seth David",2025-02-28,180000,46,false,ocifamtv1z7as35vkc29ko9m5,2025-07-24T12:11:45Z,"dubstep,riddim,bass music","Cyclops Recordings",0.698,0.948,8,-2.403,0,0.241,0.0396,0.0805,0.198,0.756,180.165,4
spotify:track:1oMrCrm64dfgYRU4q8UxR5,"The Phoenix","The Phoenix","Shanghai Doom;Ren Zukii",2023-06-20,198400,17,false,ocifamtv1z7as35vkc29ko9m5,2025-07-24T12:19:22Z,"bass music,dubstep,riddim","WAKAAN",0.678,0.848,7,-5.493,1,0.0473,0.0314,0.699,0.0637,0.229,75.008,4
spotify:track:6YWuNmeEhhQ7OFv7ApHnrl,"Unlock Your Keys","The Code of Dreamz","Zingara",2024-06-06,197142,37,false,ocifamtv1z7as35vkc29ko9m5,2025-07-24T12:22:05Z,"dubstep,bass music,riddim","Zingara Music",0.574,0.742,2,-5.19,1,0.0341,0.00386,0.715,0.113,0.0385,139.914,4
spotify:track:0qICNf9xJjMQtZLqNSLopD,"Jaded","Escapism Vol. 1","Levity",2024-09-25,210122,53,true,ocifamtv1z7as35vkc29ko9m5,2025-07-24T12:26:23Z,"dubstep","Deadbeats Acquisition UMC",0.63,0.918,9,-3.331,1,0.124,0.0167,0.179,0.942,0.393,154.849,4
spotify:track:00k55HxLWMXRVWKOLzmrsG,"Dune","Hyperspace","Shanghai Doom",2023-10-27,153600,45,false,ocifamtv1z7as35vkc29ko9m5,2025-07-24T12:28:18Z,"bass music,dubstep,riddim","Bassrush Records",0.604,0.919,8,-2.975,0,0.0623,0.00362,0.767,0.0971,0.447,74.983,4
spotify:track:09FOQWbP1UpKYCXV6rxm41,"EPIC","FUTURA EP","ZEKE BEATS",2024-06-21,220666,14,false,ocifamtv1z7as35vkc29ko9m5,2025-07-24T12:33:55Z,"bass music,dubstep,drumstep","Bassrush Records",0.54,0.915,6,-2.59,0,0.0428,0.000498,0.466,0.417,0.14,149.977,4
spotify:track:4gay1a6nUrfOJbKukLZlue,"Imagineer","Imagineer","BARELY ALIVE;XO ELIZA",2021-07-22,211200,34,false,ocifamtv1z7as35vkc29ko9m5,2025-07-29T02:32:25Z,"dubstep,riddim,deathstep,bass music,dub,drumstep,melodic bass","Disciple",0.473,0.772,2,-2.892,0,0.0495,0.0132,0.000615,0.251,0.252,74.965,4
spotify:track:3vLXFPmt050SPrduo5aW86,"Action Jackson","A State Of Trance 850 (The Official Album)","Day Din;WAIO",2018-02-15,174781,30,false,ocifamtv1z7as35vkc29ko9m5,2025-07-29T02:58:36Z,"psytrance,progressive trance,trance","Armada Music Bundles",0.771,0.878,10,-7.217,0,0.0643,0.00745,0.908,0.143,0.437,138.023,4
spotify:track:03ZkHaHVcnFsMnWoAhebBg,"Boombox","Handshake - EP","Les Petits Pilous",2014-02-17,241640,6,false,ocifamtv1z7as35vkc29ko9m5,2025-07-30T20:57:59Z,"electroclash","Paranoiak",0.801,0.951,3,-7.776,0,0.0714,0.000853,0.877,0.102,0.0792,120.01,4
spotify:track:3Bq5M2CtbHCxPyoVr4HU9P,"Rock The Peace","Partys Over Earth","ZZT;Tiga;Zombie Nation",2011-11-08,290899,17,false,ocifamtv1z7as35vkc29ko9m5,2025-07-30T21:09:15Z,"electroclash,new rave,french house","Turbo Recordings",0.698,0.843,0,-4.632,1,0.0455,0.132,0.775,0.155,0.356,123.965,4
spotify:track:7IFar0qH2xoUSXaQ0L6XVu,"Can't Do Me","Dance or Die","Birdy Nam Nam",2016-09-16,205760,29,false,ocifamtv1z7as35vkc29ko9m5,2025-07-30T21:13:22Z,"french house,dubstep,electro","BNN / KIF",0.615,0.946,9,-4.295,1,0.0564,0.0000828,0.747,0.202,0.548,123.997,4
spotify:track:2TBVfT3IWdjRSeRFtwv6Jq,"BABABASS","BABABASS","ZEKE BEATS;Jantsen",2024-03-15,184000,25,false,ocifamtv1z7as35vkc29ko9m5,2025-08-01T18:56:31Z,"bass music,dubstep,drumstep","Bassrush Records",0.597,0.978,1,-1.373,1,0.0477,0.000354,0.54,0.296,0.179,149.965,4
spotify:track:0G3qLICAPyXBYXvYbpEdIj,"Two Experiences","Two Experiences","Bass Empire",2021-10-08,167520,27,false,ocifamtv1z7as35vkc29ko9m5,2025-08-03T16:20:47Z,"psytrance","ENIVERSE RECORDS",0.706,0.972,1,-7.342,0,0.14,0.00767,0.734,0.165,0.0576,139.983,4
spotify:track:43R79v8mihqxediM8aTi0Q,"Look For Me","Look For Me","Jacob",2019-01-30,251800,13,false,ocifamtv1z7as35vkc29ko9m5,2025-08-03T16:31:14Z,"psytrance,progressive trance,trance","Alien Records",0.789,0.669,1,-6.281,1,0.126,0.182,0.559,0.0941,0.691,147.022,4
spotify:track:3qScYrTtqTKNzvAf2jY36t,"Mind Opened","Raw Update 1","Rinkadink",2020-04-24,205285,28,false,ocifamtv1z7as35vkc29ko9m5,2025-08-03T16:39:55Z,"psytrance,progressive trance,trance","MVX",0.643,0.848,11,-7.555,0,0.0647,0.0112,0.816,0.0761,0.23,139.96,4
spotify:track:5uEYRdEIh9Bo4fpjDd4Na9,"Goosebumps - Remix","Goosebumps (Remix)","Travis Scott;HVME",2021-01-15,162802,76,true,ocifamtv1z7as35vkc29ko9m5,2025-08-03T16:53:40Z,"rap,slap house","Cactus Jack/Epic",0.841,0.593,1,-7.846,1,0.0379,0.418,0,0.124,0.808,124.917,4
spotify:track:6fJBvRLUhcZch5bYM1cn1r,"Kontrol - Zahar Remix","Kontrol (The Remixes)","Vegas (Brazil);Cosmonet;Zahar",2020-09-03,294507,26,false,ocifamtv1z7as35vkc29ko9m5,2025-08-04T03:17:23Z,"psytrance,trance,progressive trance,electronic","Blue Tunes Records",0.549,0.968,9,-5.427,0,0.0625,0.000699,0.546,0.569,0.259,142.011,4
spotify:track:3m9BUZGMmhmV49UDwPQ9ip,"DOOM SEQUENCE","INFINITE PORTALS","Cromatik",2025-02-07,152275,22,false,ocifamtv1z7as35vkc29ko9m5,2025-08-04T03:20:35Z,"riddim,deathstep,dubstep,bass music","Continua MGMT",0.52,0.936,8,-3.048,1,0.102,0.00338,0.0024,0.339,0.122,145.104,4
spotify:track:1Nn7MXmBNY6YFJ4qAICaCP,"Spirit World","Raw Update 1","Rinkadink;Align",2020-04-24,298120,16,false,ocifamtv1z7as35vkc29ko9m5,2025-08-04T03:26:13Z,"psytrance,progressive trance,trance","MVX",0.657,0.851,11,-6.972,0,0.0519,0.00612,0.882,0.371,0.591,142.057,4
spotify:track:1z4835vzYgbtb26uRWpGhq,"TTHHEE PPAARRTTYY","Justice","Justice",2007-06-11,243426,49,false,ocifamtv1z7as35vkc29ko9m5,2025-08-04T03:41:31Z,"french house,new rave","Ed Banger Records",0.661,0.847,11,-7.343,1,0.0714,0.314,0.00473,0.806,0.455,119.99,4
spotify:track:2WSNZpwACgsHJXvAchwgLP,"Hundred Years","ATLANTIQUE","Minitel Rose",2010-11-22,197493,11,false,ocifamtv1z7as35vkc29ko9m5,2025-08-04T03:41:56Z,"synthwave,french house,new rave","FUTUR",0.717,0.682,8,-4.852,1,0.0352,0.00467,0.424,0.0989,0.902,124.038,4
spotify:track:35QjYfKCTMuNAFVUhUJALY,"Jungle Groove","Jungle Groove","AHEE;Morillo;Evan Fraser",2021-02-26,232000,30,false,ocifamtv1z7as35vkc29ko9m5,2025-08-04T16:46:52Z,"dubstep,bass music,riddim,funk rock","Gravitas Recordings",0.628,0.882,8,-5.019,1,0.0472,0.000229,0.91,0.0443,0.0862,89.991,4
spotify:track:4gtukEWZ77AgHXOx2PayHD,"Ghina","Fusion","Lil Fish;CloZinger",2016-06-24,234870,21,false,ocifamtv1z7as35vkc29ko9m5,2025-08-04T18:55:16Z,"","I.O.T Records",0.641,0.77,7,-7.501,1,0.208,0.0034,0.75,0.966,0.373,169.977,4
spotify:track:6fAKxWg7EdIo4X0963wTWU,"Black Magic","Cheap Thrills","Effin",2023-09-08,230400,35,false,ocifamtv1z7as35vkc29ko9m5,2025-08-04T21:28:35Z,"dubstep,riddim,bass music,deathstep","Effin Music",0.63,0.906,2,-2.116,1,0.261,0.00377,0.003,0.248,0.228,74.843,4
spotify:track:79KWUzBOmCf8mwVSpbJrrp,"Sun & Moon","Sun & Moon","Dimond Saints",2017-09-20,260571,35,false,ocifamtv1z7as35vkc29ko9m5,2025-08-07T15:22:01Z,"","Dimond Saints",0.62,0.63,11,-6.588,0,0.0375,0.0202,0.765,0.05,0.206,139.993,4
spotify:track:16YbTdwtzQchBwe3ovo9yX,"Oud Vibration","Polar Pattern","Simon Neumann;Janosch Wolf",2021-03-25,365793,26,false,ocifamtv1z7as35vkc29ko9m5,2025-08-07T15:54:21Z,"","AbunDanceMusic",0.663,0.569,7,-9.483,1,0.0403,0.0945,0.785,0.164,0.227,144.995,4
spotify:track:3YZXb2cHOUDLuDJzeOidWk,"The Great Mystery","The Great Mystery","Desert Dwellers",2015-03-20,500824,29,false,ocifamtv1z7as35vkc29ko9m5,2025-08-07T16:10:00Z,"downtempo","Desert Trax",0.756,0.645,11,-9.404,1,0.0644,0.327,0.632,0.345,0.474,104.991,4
spotify:track:3r829FW85lIYFORLK3VIT6,"Wormhole","Instrumental Pack Vol. I","Lumasi",2023-05-05,197823,31,false,ocifamtv1z7as35vkc29ko9m5,2025-08-07T23:13:15Z,"bass music,dubstep","Lumasi",0.678,0.698,7,-4.946,0,0.196,0.0612,0.479,0.132,0.242,169.998,4
spotify:track:0MFaYEjzXYEqbDnMRJ3FE5,"Levitate","Levitate","Lumasi;Daggz",2025-07-31,204094,35,false,ocifamtv1z7as35vkc29ko9m5,2025-08-07T23:30:23Z,"bass music,dubstep","MorFlo Records",0.642,0.903,2,-3.602,1,0.0443,0.0077,0.0115,0.71,0.0748,127.014,4
spotify:track:09jRmVoVSv4pjhm1BvlT1E,"Crowd Control","Sun & Moon","Lumasi",2024-12-13,224571,35,false,ocifamtv1z7as35vkc29ko9m5,2025-08-07T23:37:40Z,"bass music,dubstep","Lumasi Music",0.524,0.688,2,-4.913,1,0.056,0.0164,0.0249,0.153,0.0857,139.869,4
spotify:track:4onFSJqg3PHfeZ1IqaX5wT,"Dreamlike","Sun & Moon","Lumasi",2024-12-13,195428,36,false,ocifamtv1z7as35vkc29ko9m5,2025-08-07T23:40:51Z,"bass music,dubstep","Lumasi Music",0.735,0.831,8,-4.815,1,0.124,0.0792,0.00334,0.532,0.107,139.982,4
spotify:track:58KJjett0v1kCOOXnw24Au,"You're The Reason Why - Original Mix","The Light We Bring","Love & Light",2011-04-27,229407,13,false,ocifamtv1z7as35vkc29ko9m5,2025-08-11T19:20:29Z,"glitch,crunk","Simplify Recordings",0.577,0.817,0,-5.578,0,0.0473,0.0036,0.575,0.119,0.226,139.993,4
spotify:track:5u2chFalnZgdgN8K3YKxI0,"Yeah Yeah Yeah","Soul Food","Kognitif",2015-06-01,248049,45,false,ocifamtv1z7as35vkc29ko9m5,2025-08-11T22:47:31Z,"trip hop,nu jazz,lo-fi beats,jazz beats","Kognitif",0.66,0.87,4,-5.12,0,0.0432,0.00372,0.0523,0.0535,0.498,94.701,4
spotify:track:2WTAZY9OuMJxepyvFWUyqa,"Stay - drop the Poptart Edit","Collide","Colleen D'agostino;deadmau5",2015-03-15,547551,0,false,ocifamtv1z7as35vkc29ko9m5,2025-08-12T02:40:57Z,"edm,progressive house,dubstep","mau5trap Venture Limited",0.49,0.641,5,-8.843,0,0.0501,0.00686,0.00334,0.121,0.058,128.072,4
spotify:track:6FcCkXe0i630aN5nMISweA,"Valley Of The Winds","Valley Of The Winds","Skysia",2025-07-25,310712,33,false,ocifamtv1z7as35vkc29ko9m5,2025-08-12T20:42:05Z,"bass music,downtempo","Skysia",0.665,0.784,11,-4.212,0,0.0338,0.00427,0.847,0.0637,0.121,150.003,4
spotify:track:3RnBdVLfFmgWCpoPlDEUJV,"HALLOUMI BALLOON","HALLOUMI BALLOON","Opiuo;Duffrey",2025-08-01,250909,20,false,ocifamtv1z7as35vkc29ko9m5,2025-08-12T21:35:28Z,"glitch,bass music,downtempo","Kompass Records",0.751,0.868,10,-5.091,0,0.0695,0.237,0.412,0.0519,0.331,140.024,4
spotify:track:2btpbaSMhB1y6Z1FczPY7o,"Inori","Inori","Dimond Saints",2024-06-07,201538,33,false,ocifamtv1z7as35vkc29ko9m5,2025-08-12T21:56:20Z,"","Medicine",0.775,0.616,9,-4.572,1,0.0537,0.0563,0.689,0.155,0.284,155.959,4
spotify:track:4SDjKwkF7vdkNGJ3Lpu3AX,"Brain Tickler - Skysia Remix","Brain Tickler (Skysia Remix)","AHEE;Skysia",2025-05-14,197200,24,false,ocifamtv1z7as35vkc29ko9m5,2025-08-12T22:12:56Z,"dubstep,bass music,riddim,downtempo","Jadu Dala",0.786,0.647,0,-4.981,1,0.0864,0.0185,0.0288,0.186,0.234,149.995,4
spotify:track:2REAg8QpTh6Tt7nqGFjAjN,"Is This Real?","Is This Real?","Zingara;Steller",2025-08-13,141257,29,false,ocifamtv1z7as35vkc29ko9m5,2025-08-13T20:29:28Z,"dubstep,bass music,riddim","Zingara Music",0.53,0.743,2,-6.054,1,0.182,0.144,0.0000288,0.0939,0.219,88.47,4
spotify:track:15z8GQtx15D90AYUMDt06S,"Better Believe It","Is This Real?","Zingara;Steller",2025-08-13,114666,22,false,ocifamtv1z7as35vkc29ko9m5,2025-08-13T20:34:33Z,"dubstep,bass music,riddim","Zingara Music",0.542,0.783,10,-4.823,1,0.229,0.122,0.0000255,0.0926,0.291,85.727,4
spotify:track:4l5krLjX1UzMQHcEUzHvc6,"IMITATION","IMITATION","KTRL",2025-08-12,155675,13,false,ocifamtv1z7as35vkc29ko9m5,2025-08-14T16:45:24Z,"bass music","cd91x",0.799,0.414,2,-6.971,1,0.354,0.183,0.496,0.201,0.511,74.006,4
spotify:track:5WoxpNVpNkaUsCpRNK4ZYS,"Madness","Madness","Ashez",2024-12-13,195200,33,false,ocifamtv1z7as35vkc29ko9m5,2025-08-14T17:11:35Z,"bass music","Deep Dark & Dangerous",0.675,0.781,11,-6.901,1,0.131,0.000196,0.815,0.127,0.488,75.012,4
spotify:track:77yzrdDsu0erSIA6BBdHRW,"VEXED","VEXED","VEIL;KTRL",2024-09-27,171696,13,true,ocifamtv1z7as35vkc29ko9m5,2025-08-14T17:13:12Z,"drumstep,bass music","Aspire Higher",0.822,0.822,2,-7.195,1,0.138,0.0274,0.00635,0.189,0.108,111.984,4
spotify:track:0TQV90JKk7IyHcjI29TKo3,"Gom Jabbar","Gom Jabbar","The Widdler",2024-12-13,164324,31,false,ocifamtv1z7as35vkc29ko9m5,2025-08-14T22:41:29Z,"dub,dubstep,bass music","Deep Dark & Dangerous",0.635,0.843,1,-5.318,1,0.0387,0.000387,0.851,0.719,0.27,139.98,4
spotify:track:7rZdqgFP0bG4uQ3N9mZFTE,"EXPECT","EXPECT","STVSH",2023-07-13,236307,42,false,ocifamtv1z7as35vkc29ko9m5,2025-08-18T22:10:58Z,"bass music,dubstep,riddim","STVSH",0.632,0.784,1,-4.573,1,0.0679,0.00136,0.596,0.201,0.221,129.94,4
spotify:track:0T64SYe5jQTQq57E6d94N3,"Spaceman - Carnage Festival Trap Remix","Spaceman","Hardwell;Carnage",2012-02-06,234160,52,false,ocifamtv1z7as35vkc29ko9m5,2025-08-16T16:43:53Z,"big room,edm,progressive house,electronica","Revealed Recordings",0.712,0.499,11,-8.976,1,0.0768,0.0233,0.77,0.101,0.255,139.987,4
spotify:track:75ONz9NlxnpXuPCRU9N624,"Naughty Little Monsta","Naughty Little Monsta","VEIL;Sharlitz Web",2023-03-31,179154,0,false,ocifamtv1z7as35vkc29ko9m5,2025-08-18T00:50:16Z,"drumstep,bass music","MorFlo Records",0.777,0.398,0,-7.812,1,0.0533,0.0042,0.821,0.505,0.0788,142.033,4
spotify:track:4CBXpnMNrZ26deqRTdsNaa,"NIGHTMARE","NIGHTMARE","Austeria",2024-11-22,148732,17,false,ocifamtv1z7as35vkc29ko9m5,2025-08-21T00:44:42Z,"dubstep,riddim","Austeria LLC",0.586,0.92,2,-3.33,1,0.0571,0.0241,0.681,0.088,0.0376,142.021,4
spotify:track:2wjxo5RPZ4PHyx8aXnlX7l,"Wonder","Wonder","CloZee",2025-08-22,197333,35,false,ocifamtv1z7as35vkc29ko9m5,2025-08-27T05:56:11Z,"","Odyzey Music",0.526,0.552,3,-9.163,0,0.0477,0.0592,0.612,0.0799,0.0946,180.186,4
spotify:track:688MRabbIVRJRtZxef04Um,"The Deep","The Deep","Levity",2023-08-18,182608,46,false,ocifamtv1z7as35vkc29ko9m5,2025-08-27T19:56:22Z,"dubstep","Deadbeats",0.691,0.896,1,-5.074,1,0.138,0.0179,0.00477,0.397,0.354,91.938,4
spotify:track:2GIqYIttEVbhwVVZPafAAQ,"Saudade","Saudade","Canabliss",2023-07-18,321186,42,false,ocifamtv1z7as35vkc29ko9m5,2025-08-28T20:51:22Z,"","WAKAAN",0.572,0.896,8,-4.16,0,0.0301,0.00648,0.0495,0.121,0.396,145.009,4
spotify:track:742s7zRlbMYZwrWRuRLGRT,"SMOKED","SMOKED","STVSH",2025-08-20,233142,27,false,ocifamtv1z7as35vkc29ko9m5,2025-08-29T01:02:39Z,"bass music,dubstep,riddim","STVSH",0.561,0.894,10,-5.429,0,0.066,0.000416,0.761,0.295,0.147,139.912,4
spotify:track:5yTjDuBHacJfn6gt5o67kh,"The Cube","The Cube","Lumasi;SCHMUX",2025-08-22,206222,26,false,ocifamtv1z7as35vkc29ko9m5,2025-08-29T21:03:37Z,"bass music,dubstep","Lumasi Music",0.592,0.901,1,-4.48,1,0.182,0.0274,0.0000777,0.332,0.216,134.993,4
spotify:track:3cLWgkkzBwa2zv5d84P97W,"B.Y.F.N.","B.Y.F.N.","All The Reason;Lazrus",2025-07-30,148441,23,true,ocifamtv1z7as35vkc29ko9m5,2025-08-29T21:43:54Z,"edm trap,deathstep,riddim,dubstep","Subsidia",0.296,0.968,11,-0.493,1,0.0666,0.000592,0.653,0.312,0.0619,144.992,4
spotify:track:0XulBKYm32WmvNJ6r0PPMY,"Tuvan","Who's Afraid Of 138?!","Animato",2017-03-03,250978,24,false,ocifamtv1z7as35vkc29ko9m5,2025-09-02T20:52:43Z,"psytrance,progressive trance,trance","Who's Afraid Of 138?!",0.401,0.829,1,-7.803,1,0.0543,0.0137,0.803,0.648,0.0853,103.525,4
spotify:track:3sUak4xuJrHWPsetV4BUQi,"Light It Up","Light It Up","Dimond Saints",2024-05-03,209142,29,false,ocifamtv1z7as35vkc29ko9m5,2025-09-08T01:17:57Z,"","Medicine",0.806,0.561,1,-5.551,1,0.0942,0.0395,0.605,0.232,0.168,140.028,4
spotify:track:4HhpmJRoE9aW5ZgofNZuyB,"Level Up","Level Up","Silent Syn",2025-09-05,140800,5,false,ocifamtv1z7as35vkc29ko9m5,2025-09-11T22:50:39Z,"chillwave","Night Runner Records",0.724,0.952,7,-4.867,0,0.0801,0.0169,0.307,0.156,0.504,150.029,4
spotify:track:4rLRo9sQKBU4jx2XNRsMWw,"SO DAMN GOOD","SO DAMN GOOD","ALLEYCVT",2025-08-27,198400,54,false,ocifamtv1z7as35vkc29ko9m5,2025-09-12T01:31:44Z,"dubstep,edm,riddim","SUPERSONIC RECORDS",0.517,0.992,5,-0.332,0,0.199,0.00186,0.272,0.701,0.347,149.958,4
spotify:track:4p2pP113ofcm7hS0Uj2y4h,"Fermi Paradox","Fermi Paradox","Antazmo",2023-12-01,151875,12,false,ocifamtv1z7as35vkc29ko9m5,2025-09-20T19:44:32Z,"","Antazmo",0.567,0.89,5,-6.668,0,0.0452,0.00311,0.769,0.384,0.262,130.124,4
spotify:track:41hsQbRVW2h0PDJpeYzEMQ,"We Don't Have to Know","We Don't Have to Know","Visceral Design",2024-02-02,180000,7,false,ocifamtv1z7as35vkc29ko9m5,2025-09-20T19:46:36Z,"","Visceral Design",0.774,0.683,7,-11.424,0,0.04,0.115,0.564,0.156,0.376,123.037,4
spotify:track:3YbiafJUpyNgiAgJaFzFz8,"PTSD","PTSD","Yousef Alkusaimi",2023-09-11,225000,3,false,ocifamtv1z7as35vkc29ko9m5,2025-09-20T19:50:24Z,"melodic techno","Audiophiliac",0.524,0.813,1,-11.599,1,0.034,0.0000624,0.813,0.101,0.262,127.984,4
spotify:track:3DgYgBtFg0bDqPW95YkJlX,"Debug to Desolation","Bug Features","Earthcry",2025-04-18,366569,19,false,ocifamtv1z7as35vkc29ko9m5,2025-09-20T19:58:40Z,"","EarthCry",0.767,0.732,10,-7.972,0,0.0552,0.626,0.887,0.322,0.322,116.027,4
spotify:track:2t5ZY2ejZeMzjcMsCSfZ7P,"Ivory","Ivory","Gallium;Skysia",2025-09-12,236571,39,false,ocifamtv1z7as35vkc29ko9m5,2025-09-23T13:43:38Z,"bass music,downtempo","TRIPPY BEE RECORDS",0.688,0.392,2,-21.533,1,0.138,0.129,0.626,0.0904,0.0396,140.092,4
spotify:track:5QzCP2I6ALXuRcseXAdX4z,"Systems Offline","The Abyss","Detox Unit",2016-07-28,331070,32,false,ocifamtv1z7as35vkc29ko9m5,2025-09-30T01:58:48Z,"glitch,bass music,drumstep","Street Ritual",0.693,0.604,10,-5.967,1,0.566,0.178,0.02,0.409,0.38,173.99,4
spotify:track:3hREfWrO8mOqgpfJWNPR4v,"Your Light","Chasing The Golden Hour, Pt. 4","GRiZ",2022-09-23,237600,43,false,ocifamtv1z7as35vkc29ko9m5,2025-09-25T14:31:17Z,"dubstep,edm","GRiZ LLC",0.618,0.956,4,-3.062,0,0.0435,0.0205,0.33,0.219,0.772,100.02,4
spotify:track:3FsyB7mMgVcqA3IB5Ge3dk,"Volucite","Volucite","Kore-G",2024-10-18,311172,13,false,ocifamtv1z7as35vkc29ko9m5,2025-09-29T00:15:35Z,"psytrance,melbourne bounce","Psyfeature Selected",0.554,0.87,10,-5.897,0,0.0583,0.000948,0.595,0.428,0.38,145.033,4
spotify:track:7BzeukpAvaEyJCizB0wVvA,"Resilient","Resilient","Jacob;Dzp",2021-04-15,260571,22,false,ocifamtv1z7as35vkc29ko9m5,2025-09-29T00:20:55Z,"psytrance,progressive trance,trance","Avant Garde Music",0.664,0.72,7,-8.079,1,0.0306,0.141,0.656,0.272,0.237,140.025,4
spotify:track:7xLVubDWN5FbzMnNsGGHHE,"In The Beginning","Adrenaline","Zeds Dead",2012-01-23,229290,42,false,ocifamtv1z7as35vkc29ko9m5,2025-09-29T03:39:36Z,"dubstep,edm","Deadbeats",0.677,0.849,1,-5.619,1,0.0848,0.00682,0.267,0.121,0.0586,140.027,4
spotify:track:7zZOXLmD4QqvABpQpouiC2,"Deep Inside","Deep Inside","Lumasi",2025-09-12,251000,35,false,ocifamtv1z7as35vkc29ko9m5,2025-09-29T04:00:58Z,"bass music,dubstep","TRIPPY BEE RECORDS",0.591,0.785,1,-4.519,0,0.0422,0.00785,0.0377,0.102,0.0609,123.9,4
spotify:track:1UgBECMPzU05r5X7QrNDH0,"Capoz Web","Capoz Web","Capochino;Sharlitz Web",2025-01-17,218482,32,true,ocifamtv1z7as35vkc29ko9m5,2025-09-30T14:16:15Z,"dubstep,riddim,bass music","Bassrush Records",0.643,0.97,2,-3.152,1,0.0521,0.00249,0.336,0.201,0.178,144.97,4
spotify:track:4XQK3lP5ME2MqUvjTE1uR9,"Apex","A Hundred Drums","A Hundred Drums;Templo",2020-02-14,271775,23,false,ocifamtv1z7as35vkc29ko9m5,2025-09-30T15:57:07Z,"bass music,downtempo,glitch","Gravitas Recordings",0.883,0.689,11,-8.536,0,0.0824,0.03,0.757,0.0729,0.543,144,4
spotify:track:3nzQtVCRuHEPXnXSKXYdNC,"Majesty","Majesty","Ghost Rider",2019-04-19,421739,33,false,ocifamtv1z7as35vkc29ko9m5,2025-10-05T21:55:18Z,"psytrance,progressive trance,trance","Blue Tunes Records",0.534,0.607,2,-6.509,1,0.0518,0.022,0.428,0.107,0.0894,138.016,4
spotify:track:2ZHX1XoGt2tyZBzG7cvfQa,"Throw It Back - Extended Mix","Throw It Back (Extended Mix)","Memento Mori;Bassfeature",2025-10-10,190500,32,false,ocifamtv1z7as35vkc29ko9m5,2025-10-10T13:30:57Z,"psytrance,hard techno,techno","Psyfeature",0.689,0.982,3,-2.967,1,0.0496,0.0656,0.864,0.201,0.693,160.014,4
spotify:track:2M9tfglBroM8i5pdOgWVqx,"Trouble","Hot Sauce - EP","Zeds Dead",2013-01-29,192552,26,false,ocifamtv1z7as35vkc29ko9m5,2025-10-10T13:40:57Z,"dubstep,edm","Mad Decent",0.648,0.729,9,-3.417,0,0.0393,0.00768,0.367,0.0798,0.356,141.001,4
spotify:track:73gphWLLJ159DghFeKPtdU,"Flow","Flow","Dirt Monkey;zoska",2023-03-01,185379,36,false,ocifamtv1z7as35vkc29ko9m5,2025-10-10T14:04:34Z,"dubstep,riddim,bass music,dub","19K",0.694,0.847,9,-2.68,1,0.045,0.027,0.00103,0.172,0.491,144.922,4
spotify:track:03n8agvwPPaxTSNIAMPPfz,"Sweet Memories","Return to the Spectrum of Intergalactic Happiness","Zeds Dead",2025-03-07,235688,55,false,ocifamtv1z7as35vkc29ko9m5,2025-10-10T14:10:55Z,"dubstep,edm","Deadbeats",0.519,0.645,8,-6.506,0,0.0511,0.0594,0.337,0.368,0.0646,83.42,4
spotify:track:3tX4wGJbMYgNGZC0Tr5V3t,"No One Does It Like","No One Does It Like","Subtronics;Alison Wonderland",2024-11-22,186400,49,false,ocifamtv1z7as35vkc29ko9m5,2025-10-10T14:26:28Z,"dubstep,riddim,edm,deathstep,bass music,dub,edm trap,future bass","Cyclops Recordings",0.519,0.782,1,-3.426,1,0.0531,0.00476,0.221,0.175,0.104,75.042,4
spotify:track:0rERoLuBmFv2ay35JJfZ6p,"The Unveiling","The Unveiling","Austeria",2023-10-27,135724,30,false,ocifamtv1z7as35vkc29ko9m5,2025-10-11T19:01:11Z,"dubstep,riddim","MorFlo Records",0.594,0.853,7,-1.951,1,0.0546,0.00199,0.573,0.18,0.0338,144.92,4
spotify:track:7vgTStVJ1F8ibBpu1ZTNV2,"Miracle Cure","Endless Puzzles","Secret Recipe",2023-06-06,174518,18,false,ocifamtv1z7as35vkc29ko9m5,2025-10-12T18:00:06Z,"bass music","Wormhole Music Group",0.612,0.655,8,-5.764,0,0.0663,0.00422,0.928,0.0719,0.151,159.999,4
spotify:track:2FfAhHNThapVBQEQ3FHqw0,"Never Go Back","STAY IN YOUR LANE...","Smoakland;INZO",2023-11-03,170802,0,false,ocifamtv1z7as35vkc29ko9m5,2025-10-13T01:14:58Z,"bass music,dubstep,future bass","Left Coast Records",0.724,0.772,1,-9.139,1,0.0752,0.0314,0.782,0.0949,0.426,136.992,4
spotify:track:2I1OjXVoSWBfVBWQ6xgOVB,"Gnomad","Focal Point","Schmoop;Jade Cicada",2020-09-04,184186,31,false,ocifamtv1z7as35vkc29ko9m5,2025-10-13T01:29:58Z,"glitch,bass music,drumstep","schmoop_music",0.537,0.904,6,-5.976,0,0.0519,0.0154,0.84,0.332,0.24,172.051,4
spotify:track:6Wq4NDrwhOrueu45OrF8yT,"Circles & Stars","Circles & Stars","AHEE",2025-10-10,256000,27,false,ocifamtv1z7as35vkc29ko9m5,2025-10-15T13:39:07Z,"dubstep,bass music,riddim","ZOT Records",0.529,0.969,5,-3.917,0,0.0444,0.000211,0.021,0.157,0.0864,149.998,4
spotify:track:4Ons8a7tdAUJwI959dEMem,"The Maelstrom","The Tides of Change","Josh Teed;LUZCID;Dirtwire",2025-10-03,366250,28,false,ocifamtv1z7as35vkc29ko9m5,2025-10-15T13:46:38Z,"bass music,dubstep","Gravitas Recordings",0.648,0.776,7,-6.12,0,0.0498,0.181,0.666,0.128,0.232,92.003,4
spotify:track:79tyu9d0VpmtZU4LeokanB,"Spaceships On I-285","Navigator, Standby","Daily Bread",2019-05-03,228625,41,false,ocifamtv1z7as35vkc29ko9m5,2025-10-17T14:30:17Z,"","Philos Records",0.579,0.89,2,-7.709,1,0.0675,0.0165,0.00754,0.528,0.489,158.054,4
spotify:track:0z0Jormm1BihDk6zsaRNHD,"World of the Rave","World of the Rave","Zen Selekta",2025-08-20,208333,30,false,ocifamtv1z7as35vkc29ko9m5,2025-10-17T14:32:59Z,"bass music","Jadu Dala",0.569,0.952,1,-6.975,1,0.114,0.0117,0.374,0.777,0.123,143.992,4
spotify:track:5fC7VoIlkmgAZ5SBBbGoJX,"Yamborghini Flip","Yamborghini Flip","Star Monster",2025-07-11,229384,10,false,ocifamtv1z7as35vkc29ko9m5,2025-10-18T01:17:57Z,"","SuperNatural Records",0.881,0.873,2,-0.789,1,0.059,0.00794,0,0.149,0.25,129.988,4
spotify:track:5AZJbQwaYGHWCY53k7fO57,"Zombie (feat. Valerie Broussard)","Zombie (feat. Valerie Broussard)","ILLENIUM;Excision;Wooli;Valerie Broussard",2023-10-27,284643,56,false,ocifamtv1z7as35vkc29ko9m5,2025-10-18T01:33:50Z,"melodic bass,future bass,edm,dubstep,riddim,deathstep,dub,bass music","Warner Records",0.302,0.817,4,-3.493,0,0.0863,0.00354,0.00000477,0.097,0.0538,157.084,4
spotify:track:6oGFDrlsSXovBIAY7gNYIq,"By My Side","Snack Pack Vol. 1","Levity",2025-09-24,222978,55,false,ocifamtv1z7as35vkc29ko9m5,2025-10-18T01:37:46Z,"dubstep","Ultra Records, LLC",0.631,0.936,5,-2.314,0,0.0953,0.0496,0.0000315,0.139,0.338,140.996,4
spotify:track:6mtbVnfqF6ltz8d2vuZE8U,"Another Night Alone","Over Saturated","Tape B",2023-06-14,148137,40,false,ocifamtv1z7as35vkc29ko9m5,2025-10-18T02:12:27Z,"dubstep,riddim,bass music","Deadbeats",0.677,0.767,9,-3.261,1,0.0349,0.0549,0.0256,0.0553,0.0804,145.014,4
spotify:track:2Dfl1o0pQB1jUzH5rC86op,"Wonderwall","Wonderwall","Hi I'm Ghost;David Vance",2025-09-26,144000,39,false,ocifamtv1z7as35vkc29ko9m5,2025-10-18T02:14:28Z,"riddim,dubstep,deathstep,bass music,melodic bass","Hi I'm Ghost",0.628,0.633,4,-3.252,1,0.0294,0.0103,0,0.22,0.0632,134.877,4
spotify:track:10bwFRsx88hgMf7Xe24wK2,"Set Me Free","Set Me Free","Adventure Club;Kompany;Sara Benyo",2025-01-15,181069,39,false,ocifamtv1z7as35vkc29ko9m5,2025-10-18T20:15:26Z,"melodic bass,dubstep,edm,chillstep,future bass,riddim,deathstep,bass music,dub","Monstercat",0.395,0.853,1,-2.189,1,0.0583,0.019,0.0000355,0.24,0.0706,145.206,4
spotify:track:269z6mTYIYxQHJjHL433Fn,"Break Free","The Mind Killer","Zen Selekta",2025-02-26,268958,28,false,ocifamtv1z7as35vkc29ko9m5,2025-10-20T03:32:28Z,"bass music","Odyzey Music",0.672,0.838,5,-4.851,1,0.0458,0.011,0.522,0.243,0.343,149.976,4
spotify:track:1Evh2OWoESQAefl99XpFf4,"Chasm","Chasm","Austeria",2025-09-26,146086,37,false,ocifamtv1z7as35vkc29ko9m5,2025-10-20T04:02:40Z,"dubstep,riddim","Austeria LLC",0.464,0.819,2,-4.247,1,0.0559,0.0858,0.0308,0.0827,0.0347,138.424,4
spotify:track:5jpRRggKQpIavvpWzu4BQk,"Phoenix - Original Mix","Planet Cyclops","FLY",2021-05-07,175058,34,false,ocifamtv1z7as35vkc29ko9m5,2025-10-20T04:15:45Z,"bass music,dubstep","Cyclops Recordings",0.695,0.436,2,-7.932,1,0.085,0.0649,0.794,0.112,0.0459,170.137,4
spotify:track:0deXgXLYbwGpjgj9JR45hv,"Noisy Cricket","We Make This Look Good","Smoakland;Seth David",2024-08-16,185900,29,false,ocifamtv1z7as35vkc29ko9m5,2025-10-20T04:35:14Z,"bass music,dubstep","MorFlo Records",0.633,0.964,10,-2.493,0,0.264,0.0199,0.0854,0.271,0.193,75.069,4
spotify:track:4r9k3Atq3ORAm1xB20pjLv,"The Way Of The Ancients","Abstract Visions, Vol. 3","Satinka",2015-12-28,498923,0,false,ocifamtv1z7as35vkc29ko9m5,2025-10-20T14:16:41Z,"breakbeat,psytrance,progressive trance","JOOF Mantra",0.569,0.75,1,-9.506,1,0.0305,0.000106,0.74,0.17,0.0356,128.016,4
spotify:track:1i7NZuuwZH6w1o1EMTFKc0,"Strength - FNX Remix","Strength (FNX Remix)","Stryker;Block Device;FNX",2025-10-17,403862,11,false,ocifamtv1z7as35vkc29ko9m5,2025-10-22T01:54:55Z,"psytrance,trance,progressive trance","United Beats Records",0.564,0.95,6,-5.151,0,0.106,0.000121,0.439,0.103,0.383,145.019,4
spotify:track:0DKWDteZi7MzDnJYc4i48b,"Silence","Silence","Phenomenal;Paul Hadi",2023-04-21,268172,25,false,ocifamtv1z7as35vkc29ko9m5,2025-10-22T02:03:51Z,"psytrance,progressive trance,trance","Odiva Records",0.776,0.692,9,-7.721,0,0.278,0.0366,0.176,0.0942,0.506,145.001,4
spotify:track:42nG2P9alVQP3f5sBECAHv,"MEKKE FLEX","ASCENSION SEEKER","Opiuo;K+Lab;ProbCause",2025-09-19,237473,0,false,ocifamtv1z7as35vkc29ko9m5,2025-10-22T14:10:41Z,"glitch","N-S-E-W",0.688,0.849,9,-2.966,1,0.166,0.0199,0.00546,0.316,0.397,94.984,4
spotify:track:3pURICLJJt5Q9ciPkZUYTE,"FOSSIL","FOSSIL","STVSH",2022-06-03,184879,37,false,ocifamtv1z7as35vkc29ko9m5,2025-11-01T18:07:11Z,"bass music,dubstep,riddim","2497652 Records DK",0.481,0.858,5,-4.298,0,0.297,0.00637,0.397,0.259,0.306,79.604,4
spotify:track:2cYPeXWvWWBfSMEl8TipaV,"Into the Unknown","Into the Unknown","Austeria",2025-10-10,174857,29,false,ocifamtv1z7as35vkc29ko9m5,2025-11-01T18:11:39Z,"dubstep,riddim","Austeria LLC",0.433,0.815,2,-4.695,1,0.0802,0.0339,0.0067,0.118,0.0393,140.305,4
spotify:track:3DvH2GoGvI8imw22IoETL6,"Woofer","Woofer","Maddy O'Neal;Cleva Thoughts",2023-07-25,212862,31,false,ocifamtv1z7as35vkc29ko9m5,2025-11-02T20:02:41Z,"","Maddy O'Neal Music",0.669,0.673,7,-5.494,0,0.0491,0.0776,0.02,0.106,0.231,145.034,4
spotify:track:2IoJwpD8R974MRaRsDI2md,"S2S","S2S","STVSH;Pryzms",2025-04-11,192000,37,false,ocifamtv1z7as35vkc29ko9m5,2025-11-02T20:05:58Z,"bass music,dubstep,riddim,edm trap","STVSH & PRYZMS",0.769,0.887,2,-5.05,1,0.0759,0.0145,0.0603,0.112,0.132,139.987,4
spotify:track:20HGVj6zb5CPf5ZnNt3KzL,"SOOTHSAYER","MIDHEAVEN: OPUS 01","Deathpact",2022-10-28,207157,51,false,ocifamtv1z7as35vkc29ko9m5,2025-11-03T15:57:22Z,"dubstep,riddim,bass music","Deathpact",0.634,0.75,11,-3.973,1,0.0908,0.124,0.0964,0.291,0.168,95.106,4
spotify:track:5ed6X76nsf8LMR8RGdCgxx,"Moonkaba","Resonant Mind","Seamoon",2014-05-12,402000,21,false,ocifamtv1z7as35vkc29ko9m5,2025-11-04T23:39:01Z,"downtempo,glitch","Merkaba Music",0.684,0.669,0,-9.129,1,0.0665,0.013,0.661,0.0971,0.272,164.028,4
spotify:track:2PjDemseCLwjfCZxAOLLr7,"Core Being","Snap Season","G-Space;Uncle Mike",2019-04-08,185220,30,false,ocifamtv1z7as35vkc29ko9m5,2025-11-05T14:23:44Z,"bass music","Iceberg Records",0.678,0.491,4,-9.232,1,0.159,0.0119,0.177,0.374,0.155,114.775,4
spotify:track:0cD9Mw9AUC5zuP1ZVRTa8i,"Moon Sigil (Smoakland Remix)","Moon Sigil (Smoakland Remix)","Wreckno;Smoakland",2019-08-19,198620,32,false,ocifamtv1z7as35vkc29ko9m5,2025-11-07T16:57:37Z,"bass music,dubstep","Wreckno",0.688,0.496,2,-7.719,1,0.114,0.0514,0.064,0.678,0.339,174.103,4
spotify:track:44RsnczsfE0fMty7UATC3z,"The Eightfold Path","IKIGAI","Zen Selekta;Chief Kaya",2023-01-20,307415,28,false,ocifamtv1z7as35vkc29ko9m5,2025-11-07T16:58:55Z,"bass music,dubstep,dub","Zen Selekta",0.683,0.405,2,-10.704,1,0.0467,0.0426,0.877,0.386,0.0397,139.957,4
spotify:track:3LGFHg4R1zxWA5Vkwx6o0e,"Move Your Body","Move Your Body","CR3WFX",2022-01-21,271670,18,false,ocifamtv1z7as35vkc29ko9m5,2025-11-11T02:53:21Z,"psytrance,progressive trance","Balbalab Records",0.741,0.725,5,-7.072,0,0.0808,0.00772,0.43,0.236,0.302,143.995,4
spotify:track:65E8oKalgDwVsCfHfNNxw5,"Gyoza","Gyoza","Vini Vici;TERRA;Sandhog",2024-04-19,216760,38,false,ocifamtv1z7as35vkc29ko9m5,2025-11-11T03:09:47Z,"psytrance,trance,progressive trance,indie dance,melodic house","Alteza Records",0.547,0.975,7,-5.464,1,0.0576,0.000726,0.306,0.25,0.238,141.997,4
spotify:track:1H6nNUCOhkAIUfuxVF2HAA,"Majesty","Majesty","Matteo Tura;Stefano F",2020-01-04,301500,28,false,ocifamtv1z7as35vkc29ko9m5,2025-11-11T22:33:53Z,"ebm,industrial","℗ © Matteo Tura",0.592,0.679,2,-10.41,1,0.0365,0.00102,0.929,0.571,0.116,100.008,4
spotify:track:0sBAwzKnPSSi74NMbn9WKI,"Menace","Spiral","Rezz",2022-01-07,196000,43,false,ocifamtv1z7as35vkc29ko9m5,2025-11-12T00:36:33Z,"dubstep,edm","Rezz Music/RCA Records",0.553,0.782,5,-7.426,1,0.0367,0.175,0.862,0.153,0.629,180.024,4
spotify:track:0m8CE1UFc74Wc3riDndylS,"CHECKMATE","Glass Orchid","Ravenscoon",2025-01-17,212571,32,false,ocifamtv1z7as35vkc29ko9m5,2025-11-13T03:43:24Z,"bass music,dubstep","RAVENSCOON",0.73,0.919,9,-2.07,1,0.0696,0.0342,0.113,0.675,0.0755,139.986,4
spotify:track:1Bs6a6AOaDeGJKzKG4bQ8U,"Grow Wings","Transitions EP","Secret Recipe",2024-04-16,192771,12,false,ocifamtv1z7as35vkc29ko9m5,2025-11-13T04:03:42Z,"bass music","Wormhole Music Group",0.659,0.63,1,-9.059,1,0.0832,0.056,0.421,0.191,0.318,139.956,4
spotify:track:6aCF0S7RxLULAU64wJCBhY,"ELASTIC","HEARTWAVE","LSDREAM;Xotix;Ruby Chase",2023-10-11,180181,36,false,ocifamtv1z7as35vkc29ko9m5,2025-11-13T04:16:48Z,"dubstep,bass music,edm,riddim","Heartwave",0.752,0.694,1,-2.854,1,0.293,0.00873,0.0000258,0.0825,0.406,150.075,4
spotify:track:6cpjVWDLyoXJ21GImv7Ibb,"Heavy Meta","A HOLE IN THE FOURTH WALL","Esseks",2018-04-06,189002,31,false,ocifamtv1z7as35vkc29ko9m5,2025-11-13T04:17:23Z,"bass music,dubstep","WAKAAN",0.879,0.636,5,-5.416,1,0.208,0.00171,0.466,0.0609,0.0551,140.09,4
spotify:track:0Lf77KFZARwQteQV26uT9Z,"A Little Bit Goes a Long Way","The Party Has Changed","Yheti",2020-02-07,182094,33,false,ocifamtv1z7as35vkc29ko9m5,2025-11-13T04:17:32Z,"bass music","1017853 Records DK2",0.746,0.602,11,-11.291,0,0.273,0.212,0.0105,0.279,0.634,142.063,4
spotify:track:5nlssNVCges9Q5O4uBMts3,"Heaven","Heaven","Kore-G",2019-04-22,214290,27,false,ocifamtv1z7as35vkc29ko9m5,2025-11-13T16:38:35Z,"psytrance,melbourne bounce","BEAT Music Fund",0.709,0.836,11,-8.673,0,0.122,0.0101,0.884,0.165,0.277,140.041,4
spotify:track:2ZrT8D2ZbmGYmjD9UOyWz6,"What Matters","What Matters","Unseen Dimensions",2021-07-09,248500,34,false,ocifamtv1z7as35vkc29ko9m5,2025-11-13T16:51:51Z,"psytrance,progressive trance,trance","Spin Twist Records",0.7,0.715,5,-8.048,0,0.0601,0.00649,0.527,0.298,0.407,142.007,4
spotify:track:2LLxSmhwbpnQjaZk9QqAlj,"Organisms","Organisms","Who Knows?;Odd Lottus",2024-01-18,370285,13,false,ocifamtv1z7as35vkc29ko9m5,2025-11-13T17:00:50Z,"psytrance,progressive trance,trance","Psyfeature",0.624,0.936,7,-6.129,1,0.0536,0.00961,0.771,0.654,0.169,139.999,4
spotify:track:2zKk54Wpg7JYEXpNDRkaga,"Hey It's Me","Open The Window","CR3WFX",2025-04-04,243310,20,false,ocifamtv1z7as35vkc29ko9m5,2025-11-14T00:27:23Z,"psytrance,progressive trance","Psyfeature",0.755,0.607,1,-6.783,1,0.158,0.0331,0.224,0.0802,0.332,144.976,4
spotify:track:1j1h9GGo5eoXVf3iAU8C7w,"High of the Tiger","High of the Tiger","Stryker;GMS",2025-02-21,336000,31,false,ocifamtv1z7as35vkc29ko9m5,2025-11-14T00:43:49Z,"psytrance,trance,progressive trance","United Beats Records",0.529,0.879,8,-6.707,1,0.151,0.0147,0.657,0.133,0.061,140.033,4
spotify:track:1QxmUaYhXatdzxYLBe6O3P,"About Me Too","Hallow Tapes","Tape B",2021-10-27,149178,48,false,ocifamtv1z7as35vkc29ko9m5,2025-11-14T01:37:21Z,"dubstep,riddim,bass music","Tape B",0.666,0.73,9,-2.872,1,0.0666,0.283,0.263,0.319,0.102,145.941,4
spotify:track:6R0YvLbFMBQEkDiax2Kgn9,"Get Gone (Homemade Spaceship Remix)","Ricochet Remixed, Vol. 2","Maddy O'Neal;Homemade Spaceship;Lily Fangz",2023-04-06,168545,38,false,ocifamtv1z7as35vkc29ko9m5,2025-11-14T01:39:41Z,"bass music","Maddy O'Neal Music",0.714,0.489,2,-8.735,1,0.0989,0.263,0.0000739,0.192,0.155,109.922,4
spotify:track:7MGFtEfMe8WolDUfuZ474I,"Harmony","Harmony","rSUN",2025-03-07,236618,49,false,ocifamtv1z7as35vkc29ko9m5,2025-11-14T02:03:55Z,"bass music","Memory Palace",0.551,0.668,8,-4.719,0,0.0363,0.0666,0.85,0.119,0.0664,139.995,4
spotify:track:1RynGkOXroXmrDssRk6aKf,"Face to the Curb","Bring it Back Now Again","G-Space;finneh",2023-11-17,169032,21,false,ocifamtv1z7as35vkc29ko9m5,2025-11-14T16:35:46Z,"bass music","Cyclops Recordings",0.832,0.849,11,-5.115,1,0.224,0.0574,0.469,0.121,0.304,92.992,4
spotify:track:1r4LQZxInyRuWeikLELx6O,"It Made Me Fearless - Eater Remix","It Made Me Fearless (Remixes)","L*o*J;Eater",2023-02-11,139013,23,false,ocifamtv1z7as35vkc29ko9m5,2025-11-14T16:38:58Z,"bass music,riddim,dubstep","Lowly",0.573,0.551,9,-9.98,1,0.115,0.491,0.792,0.129,0.137,145.019,4
spotify:track:0A4btVVSKPxlEqpFmkqI2L,"Justice Served","Justice Served","Esseks",2022-04-12,103759,17,false,ocifamtv1z7as35vkc29ko9m5,2025-11-14T16:45:16Z,"bass music,dubstep","Esseks Arts",0.795,0.688,11,-6.232,0,0.312,0.0115,0.011,0.107,0.617,130.18,4
spotify:track:7rZiZYFMDy6aRMDtpXDux1,"Slamurai","kLL Bill","kLL Bill;Mr. Bill;kLL sMTH",2022-04-15,160000,0,false,ocifamtv1z7as35vkc29ko9m5,2025-11-14T16:47:33Z,"bass music,glitch,drumstep,idm,dubstep,psytrance","Mr. Bill's Tunes",0.809,0.989,1,-2.811,1,0.0913,0.00144,0.13,0.0919,0.0791,132.011,4
spotify:track:76xfSfbw0byLqMHykJyPru,"GodLovesUgly - Remix","GodLovesUgly (Remix)","Atmosphere;Zeds Dead;Subtronics",2020-06-23,184421,55,true,ocifamtv1z7as35vkc29ko9m5,2025-11-15T04:52:20Z,"underground hip hop,alternative hip hop,dubstep,edm,riddim,deathstep,bass music,dub","Deadbeats x Rhymesayers",0.679,0.861,9,-5.189,1,0.214,0.307,0.723,0.103,0.536,94.985,4
spotify:track:0xMV3wKQ4MMBqBjtoMqBXN,"Say What","Thank You For Holding EP","Cool Customer",2025-11-14,181022,17,false,ocifamtv1z7as35vkc29ko9m5,2025-11-18T02:51:25Z,"bass music","Customer Service Records",0.504,0.918,9,-3.546,1,0.313,0.0236,0.0484,0.22,0.521,87.484,4
spotify:track:1RiUCViwSix0tpcJAkUikB,"Throw It Back","Throw It Back","Memento Mori;Bassfeature",2024-10-25,124500,58,false,ocifamtv1z7as35vkc29ko9m5,2025-11-19T15:27:08Z,"psytrance,hard techno,techno","MMS",0.657,0.947,1,-4.23,1,0.0471,0.271,0.899,0.089,0.844,160.007,4
spotify:track:0VhNTbww9iAJqR6dyY6nXr,"Feromon","Coexistence","KLIMENT",2025-01-16,458666,14,false,ocifamtv1z7as35vkc29ko9m5,2025-11-21T02:23:00Z,"psytrance,downtempo","Zenon Records",0.787,0.766,9,-9.1,1,0.0561,0.0313,0.852,0.33,0.264,135,4
spotify:track:7JlXVy1iUnVhLmNkmnA3rG,"Fall Apart","Fall Apart","Berg",2020-02-24,314142,37,false,ocifamtv1z7as35vkc29ko9m5,2025-11-21T02:35:48Z,"psytrance,trance,progressive trance","Blue Tunes Records",0.607,0.794,10,-6.4,0,0.063,0.000629,0.697,0.104,0.0638,140.04,4
spotify:track:0BuEGV2zh4wopH62Vu0pHR,"The Eclipse","Eclipse","Lumasi",2025-11-21,228000,27,false,ocifamtv1z7as35vkc29ko9m5,2025-11-21T15:30:25Z,"bass music,dubstep","Lumasi Music",0.409,0.895,2,-5.452,1,0.0709,0.0367,0.000087,0.246,0.0394,139.931,4
spotify:track:0DkJUo3D0Y25U7iarcyFmc,"Closer","Closer","OrsO Official",2023-06-30,224571,26,false,ocifamtv1z7as35vkc29ko9m5,2025-11-22T18:40:02Z,"psytrance,progressive trance","3796887 Records DK2",0.64,0.855,11,-7.503,0,0.066,0.00634,0.72,0.642,0.105,139.982,4
spotify:track:2w9aIaqMCzayCFKJpUYvDt,"CandyLand","CandyLand","KATSITTR",2024-03-29,184000,25,false,ocifamtv1z7as35vkc29ko9m5,2025-11-24T15:08:08Z,"acid techno","In Poor Taste Records",0.726,0.536,7,-14.994,1,0.0429,0.0887,0.801,0.112,0.551,142.02,4
spotify:track:040cOzu2tGLvL6xlQtooCR,"Do My Thing","Do My Thing","Jilax;Kova;Bassfeature",2025-06-27,228000,27,false,ocifamtv1z7as35vkc29ko9m5,2025-11-26T04:02:00Z,"psytrance,progressive trance,trance,hard techno,techno","Psyfeature",0.635,0.982,6,-2.932,0,0.0563,0.00145,0.572,0.149,0.67,159.982,4
spotify:track:5yNOjWk2xqZpgYFG5iuvS9,"Dance Live Control","Dance live control","Azzura",2025-11-07,286977,19,false,ocifamtv1z7as35vkc29ko9m5,2025-11-27T15:20:33Z,"psytrance,progressive trance,trance","Psyfeature",0.652,0.926,10,-8.102,0,0.102,0.0118,0.835,0.101,0.753,149.979,4
spotify:track:0T9USj2LhHe8LEHyoL9N7b,"The Time Is Now","The Time Is Now","Zingara;ROYALFLU$H",2021-05-28,217600,12,true,ocifamtv1z7as35vkc29ko9m5,2025-11-28T15:41:32Z,"dubstep,bass music,riddim","Bassrush Records",0.704,0.854,9,-8.155,1,0.101,0.00279,0.828,0.181,0.836,149.957,4
spotify:track:725iOiE8tnUX1aJXc7ktXp,"REMEMBER ME","REMEMBER ME","Zingara;ALLEYCVT",2023-09-27,231724,47,false,ocifamtv1z7as35vkc29ko9m5,2025-11-29T00:39:48Z,"dubstep,bass music,riddim,edm","Zingara Music",0.619,0.954,11,-0.691,0,0.137,0.031,0.00041,0.243,0.243,144.904,4
spotify:track:2U9lHRnM4H21cXhirDgnqJ,"Mindship","Mindship","Zingara",2023-05-19,187101,27,false,ocifamtv1z7as35vkc29ko9m5,2025-11-29T01:14:43Z,"dubstep,bass music,riddim","Zingara Music",0.351,0.976,2,-2.968,1,0.489,0.000479,0.101,0.113,0.165,174.876,4
spotify:track:601Km68r5hhVzwG1oKnX2z,"Magick is Real","Mind & Body","Zingara",2022-03-15,214588,38,false,ocifamtv1z7as35vkc29ko9m5,2025-11-29T01:21:15Z,"dubstep,bass music,riddim","Gravitas Recordings",0.536,0.868,2,-4.317,1,0.183,0.0688,0.0461,0.114,0.0395,170.15,4
spotify:track:5B9oZ3t0ae7pJwkGwJ1j1Z,"Jitters","Jitters","Zingara",2020-06-25,144000,22,false,ocifamtv1z7as35vkc29ko9m5,2025-11-29T01:29:53Z,"dubstep,bass music,riddim","Skull Vision",0.642,0.948,2,-3.48,1,0.059,0.00455,0.837,0.11,0.235,74.989,4
spotify:track:2VHamq11R81guQ04YvjnuD,"Galactic Federation","Galactic Federation","Zingara",2022-05-12,172146,25,false,ocifamtv1z7as35vkc29ko9m5,2025-11-29T03:30:10Z,"dubstep,bass music,riddim","Zingara Music",0.628,0.891,2,-4.088,1,0.241,0.00458,0.0784,0.275,0.24,145.066,4
spotify:track:7lGUEHMccx5TxXto3cfPTt,"Space Blunt","Space Blunt","Zingara;In Orbit Dubz",2021-06-18,207428,23,true,ocifamtv1z7as35vkc29ko9m5,2025-11-29T05:26:19Z,"dubstep,bass music,riddim","Awoken Records",0.676,0.925,0,-2.584,1,0.139,0.0354,0.0108,0.302,0.0677,140.103,4
spotify:track:5ATSOLWFAHxoSxTlAx3ORs,"Mystery Schools","Mystery Schools","Daggz;pheel.",2025-05-01,218871,40,false,ocifamtv1z7as35vkc29ko9m5,2025-11-30T03:15:30Z,"bass music,downtempo,glitch","Qualia",0.51,0.45,8,-8.2,1,0.19,0.0799,0.662,0.112,0.2,72.528,1
spotify:track:22544wKEqvDQyZmEEtnFg5,"More","Crave","Phrva",2024-10-30,210857,37,false,ocifamtv1z7as35vkc29ko9m5,2025-11-30T16:48:30Z,"bass music,dubstep","Wubaholics",0.777,0.68,9,-5.758,1,0.0907,0.0876,0.883,0.117,0.19,139.999,4
spotify:track:0T2bG0fTUcqVjx3DGp2kFy,"The Darkness","The Darkness EP","Daggz",2022-07-15,166486,34,false,ocifamtv1z7as35vkc29ko9m5,2025-11-30T16:58:06Z,"bass music","Wormhole Music Group",0.812,0.422,7,-9.12,0,0.0917,0.5,0.0856,0.0976,0.0535,119.979,4
spotify:track:3ttSur4lOkKHqoiD5GOIH0,"Move","Move","Mersiv;STVSH",2025-02-28,205241,26,false,ocifamtv1z7as35vkc29ko9m5,2025-11-30T16:58:19Z,"bass music,dubstep,riddim","Mersiv Sound Music",0.587,0.893,6,-3.78,0,0.0612,0.00119,0.00365,0.0929,0.141,144.939,4
spotify:track:2WNNhUROs7rKVuLjOYDxXH,"Zero G","Zero G","The Widdler",2024-09-06,265714,22,false,ocifamtv1z7as35vkc29ko9m5,2025-11-30T17:50:03Z,"dub,dubstep,bass music","SubCarbon",0.799,0.654,11,-6.184,0,0.0485,0.00482,0.00156,0.199,0.205,139.973,4
spotify:track:4i2maHH6FVvpCEFsfV941s,"TAKE IT FROM THE 8","TAKE IT FROM THE 8","Mushroom Cloud;Magnusdubz",2023-07-16,181714,29,false,ocifamtv1z7as35vkc29ko9m5,2025-11-30T17:59:47Z,"riddim,dubstep","Mushroom Cloud Music",0.832,0.428,2,-7.578,1,0.0727,0.00051,0.871,0.1,0.0706,140.091,4
spotify:track:6Yr2m0PF3R42LvcNMeWeUm,"Beat","Beat","Dennett",2025-03-07,157714,38,true,ocifamtv1z7as35vkc29ko9m5,2025-11-30T20:09:38Z,"riddim,dubstep","Cyclops Recordings",0.813,0.563,11,-10.234,0,0.0842,0.0737,0.0282,0.0743,0.0678,139.993,4
spotify:track:4pcTxAYPyDBafHi5vg9gIt,"Naughty Little Monsta","Naughty Little Monsta","VEIL;Sharlitz Web",2023-03-31,179154,17,false,ocifamtv1z7as35vkc29ko9m5,2025-11-30T20:12:27Z,"drumstep,bass music","MorFlo Records",0.777,0.398,0,-7.812,1,0.0533,0.0042,0.821,0.505,0.0788,142.033,4
spotify:track:2MvK1CWkDIcoxLjkCNdGvT,"DANCE - HYPERTECHNO","DANCE - HYPERTECHNO","TEKWRECK",2024-05-29,130399,19,false,ocifamtv1z7as35vkc29ko9m5,2025-12-01T14:48:18Z,"hypertechno","Tikraudona",0.616,0.943,8,-5.06,1,0.084,0.00901,0.864,0.29,0.794,150.009,4
spotify:track:0JErydijlFIfK1KinVjtaA,"Bass Down Low","Bass Down Low","BERNZIKIAL",2025-07-03,144017,27,false,ocifamtv1z7as35vkc29ko9m5,2025-12-01T16:05:02Z,"riddim,dubstep,deathstep","BERNZIKIAL",0.669,0.557,1,-8.18,1,0.0378,0.0703,0.0877,0.11,0.0775,140.036,4
spotify:track:3vSCC2eEszvBQReSl6aVQh,"Deep Breath - Ticon remix","Deep Breath (Remixes)","Ace Ventura;Vertical Mode;Ticon",2022-04-25,511285,42,false,ocifamtv1z7as35vkc29ko9m5,2025-12-01T16:53:15Z,"psytrance,progressive trance,trance","Iboga Records",0.714,0.921,1,-6.974,1,0.0602,0.000705,0.71,0.669,0.111,139.998,4
spotify:track:4JoKLR08cEbX6vdCPVYgfB,"Playgrounds","Playgrounds","Day Din",2020-10-23,288321,28,false,ocifamtv1z7as35vkc29ko9m5,2025-12-02T02:24:23Z,"psytrance,progressive trance,trance","Spin Twist Records",0.76,0.666,11,-9.586,0,0.0576,0.0335,0.852,0.0678,0.293,140.018,4
spotify:track:0Yezswq6lOGq176qw681FI,"Anything & Everything","Future Classics","Vini Vici;Pixel",2015-04-27,445216,43,false,ocifamtv1z7as35vkc29ko9m5,2025-12-02T17:03:10Z,"psytrance,trance,progressive trance","Iboga Records",0.444,0.802,7,-9.4,1,0.0533,0.00953,0.777,0.34,0.0597,138,4
spotify:track:6dcZcs7xT5tkSuDT3D6QSx,"Japan","Japan","Kalki",2018-02-12,464054,17,false,ocifamtv1z7as35vkc29ko9m5,2025-12-05T02:29:33Z,"psytrance,progressive trance,trance","TesseracTstudio",0.652,0.949,1,-6.407,0,0.0779,0.00121,0.8,0.134,0.0737,138.009,4
spotify:track:1hCGDWFxnPMqMtpXRePBZ5,"Walame","Walame","Omiki",2017-11-17,351500,36,false,ocifamtv1z7as35vkc29ko9m5,2025-12-05T02:36:32Z,"psytrance,trance,progressive trance,melodic techno","Spin Twist Records",0.624,0.857,1,-6.285,1,0.0817,0.00742,0.729,0.387,0.222,140.022,4
spotify:track:3CkIV6KPt8fClgY8OCB8Ca,"Freak Out","Freak Out","Interactive Noise",2017-12-29,373714,22,false,ocifamtv1z7as35vkc29ko9m5,2025-12-05T02:42:48Z,"psytrance,progressive trance,trance","Spin Twist Records",0.603,0.826,7,-7.482,1,0.318,0.0074,0.793,0.706,0.0352,137.984,4
spotify:track:6iZyjKyp0rtZR7gzMB4PFS,"Aquarius","Progressive & Psy Trance Pieces, Vol. 21","Jilax",2019-02-22,288000,6,false,ocifamtv1z7as35vkc29ko9m5,2025-12-05T02:48:46Z,"psytrance,progressive trance,trance","Blue Tunes Records",0.413,0.977,1,-4.087,1,0.0913,0.000855,0.74,0.327,0.231,140.067,4
spotify:track:1fqtqg9AIAHGI6Qvib460U,"R U Awake - Original Mix","R U Awake","Mekkanikka;Michele Adamson",2018-07-09,445241,26,false,ocifamtv1z7as35vkc29ko9m5,2025-12-05T02:54:55Z,"psytrance,trance,progressive trance","IONO MUSIC",0.623,0.954,1,-5.405,1,0.0364,0.0000571,0.829,0.545,0.166,145.016,4
spotify:track:4ep6Pnd0Jp2y6lGjOUoUBN,"First Trip","Instrumental Pack Vol. I","Lumasi",2023-05-05,212470,30,false,ocifamtv1z7as35vkc29ko9m5,2025-12-07T04:55:32Z,"bass music,dubstep","Lumasi",0.517,0.904,8,-3.712,1,0.0583,0.002,0.829,0.189,0.215,170.067,4
spotify:track:0C3pwsTcowJZUyPkt53xgf,"You Can See Me Dancing","You Can See Me Dancing","Gonzi;Heavy Drop",2023-02-02,289137,28,false,ocifamtv1z7as35vkc29ko9m5,2025-12-08T15:00:11Z,"hard techno,psytrance,tekno,techno,progressive trance,trance","Medusa Records",0.755,0.886,0,-6.349,1,0.0736,0.0638,0.429,0.0673,0.924,145.018,4
spotify:track:3ziXnjC9MegSuNNf1A7K8Q,"Tunnels","A HOLE IN THE FOURTH WALL","Esseks;Wax Future",2018-04-06,130207,39,false,ocifamtv1z7as35vkc29ko9m5,2025-12-09T19:01:12Z,"bass music,dubstep","WAKAAN",0.713,0.67,2,-4.018,1,0.0641,0.000352,0.814,0.114,0.888,149.991,4
spotify:track:1qJWrMVT9q26icroEXtSdF,"Symphony","Northern Lights","Zeds Dead;Charlotte OC",2016-10-14,231986,45,false,ocifamtv1z7as35vkc29ko9m5,2025-12-09T19:03:40Z,"dubstep,edm","Deadbeats",0.486,0.751,9,-5.141,0,0.102,0.246,0.00000656,0.144,0.343,73.183,4
spotify:track:5vyG0lwU8AfFCiYfpYWuRe,"Sike!","Sike!","Yoko",2024-08-02,192000,22,false,ocifamtv1z7as35vkc29ko9m5,2025-12-10T14:55:59Z,"bass music","MorFlo Records",0.843,0.836,1,-4.018,1,0.0554,0.0416,0.683,0.095,0.211,139.989,4
spotify:track:13i1xqfyIJrM451izr3M01,"Koto","Koto","CloZee",2015-06-01,250125,49,false,ocifamtv1z7as35vkc29ko9m5,2025-12-11T15:15:13Z,"","CloZee",0.758,0.828,2,-3.323,1,0.0272,0.0857,0.885,0.151,0.116,99.976,4
spotify:track:7ap5jHFyHVZdtQ8vT8vYtd,"Another Place","The Magic Garden","Zingara;Jessica Chertock",2025-12-12,192650,19,false,ocifamtv1z7as35vkc29ko9m5,2025-12-16T14:16:16Z,"dubstep,bass music,riddim,deep house","Zingara Music",0.613,0.759,11,-3.051,0,0.116,0.15,0.000638,0.0642,0.271,173.906,4
spotify:track:76hNTIgFHs97lym68Ie2AD,"Procedural Human","Procedural Human","Rinkadink;Divination",2019-03-20,372608,26,false,ocifamtv1z7as35vkc29ko9m5,2025-12-18T02:05:44Z,"psytrance,progressive trance,trance","MVX",0.763,0.938,11,-5.364,1,0.0733,0.000853,0.855,0.109,0.21,138.006,4
spotify:track:6Cieh7iDfedWDKQqIxfIGE,"Close","Close","Dzp",2022-08-25,207887,20,false,ocifamtv1z7as35vkc29ko9m5,2025-12-18T02:14:42Z,"psytrance,trance,progressive trance","Odiva Records",0.724,0.941,4,-4.048,0,0.128,0.00866,0.34,0.32,0.193,141.981,4
spotify:track:0EDjvXwbDl7W8JWIVspYeQ,"S D E E","S D E E","Querox;Monod",2017-08-17,382887,44,false,ocifamtv1z7as35vkc29ko9m5,2025-12-18T02:27:18Z,"psytrance,progressive trance,trance","Prog On Syndicate",0.513,0.761,6,-7.198,0,0.0865,0.0192,0.892,0.139,0.0395,138.027,4
spotify:track:4bd6LyCyloAjLsrqvGSS7V,"Trenchcoat","Endless Puzzles","Secret Recipe",2023-06-06,118981,21,false,ocifamtv1z7as35vkc29ko9m5,2025-12-18T03:50:11Z,"bass music","Wormhole Music Group",0.678,0.824,5,-3.445,0,0.0387,0.000472,0.763,0.336,0.25,139.973,4
spotify:track:7tskUSXG3ITwX585OzphUB,"My Uzi Weighs a Ton - Original mix","Psy-Fi Book of Changes Compiled by Astrix","Captain Hook;Atmos",2017-07-14,503569,36,false,ocifamtv1z7as35vkc29ko9m5,2025-12-19T00:02:33Z,"psytrance,progressive trance,trance","Future Music Records",0.72,0.912,1,-7.103,1,0.0493,0.000471,0.774,0.132,0.319,140.016,4
spotify:track:0blWdrWKdBdQAqeK998sGD,"Bass in the Recipe","Bass in the Recipe","Secret Recipe",2024-12-10,194758,16,false,ocifamtv1z7as35vkc29ko9m5,2025-12-19T15:07:11Z,"bass music","1077582 Records DK2",0.729,0.537,10,-8.477,0,0.0349,0.0988,0.626,0.277,0.163,120.007,4
spotify:track:6sQHMRcn82NgaHldJRApNW,"Mwaki","Mwaki","Memento Mori;S3N0;Psyfeature",2025-01-17,279435,44,false,ocifamtv1z7as35vkc29ko9m5,2025-12-20T01:57:47Z,"psytrance,trance,progressive trance","Psyfeature",0.655,0.853,11,-6.105,0,0.0677,0.00237,0.556,0.374,0.13,155.023,4
spotify:track:2AVtUxRM59VkXpHVlTA7Ue,"5Rv's & a Pound of K - Original Mix","Human Design","Captain Hook;Tetrameth",2011-12-13,494117,21,false,ocifamtv1z7as35vkc29ko9m5,2025-12-20T04:36:21Z,"psytrance,progressive trance,trance","Iboga Trance",0.771,0.799,1,-10.083,1,0.0882,0.00117,0.633,0.0699,0.0732,136.019,4
spotify:track:7givr52wG1lXzTJI4JEerN,"Your Mind","MOSAIIK Chapter One","Cosmic Gate",2021-08-20,227893,33,false,ocifamtv1z7as35vkc29ko9m5,2025-12-21T23:36:51Z,"trance,progressive trance","Black Hole Recordings",0.607,0.861,8,-6.629,0,0.0715,0.00602,0.0283,0.298,0.261,127.989,4
spotify:track:4JGPydOeHp5NjUqlblitUe,"Facedropper","Facedropper","Shanghai Doom;DAIZY",2024-02-02,195200,15,false,ocifamtv1z7as35vkc29ko9m5,2025-12-22T18:02:52Z,"bass music,dubstep,riddim","MorFlo Records",0.777,0.728,9,-4.261,1,0.364,0.018,0.489,0.14,0.22,149.875,4
spotify:track:4auf8M6t7Y9kiHcqutCGgP,"HUSTLE","HUSTLE","ZEKE BEATS",2024-09-20,168428,33,false,ocifamtv1z7as35vkc29ko9m5,2025-12-22T18:03:19Z,"bass music,dubstep,drumstep","Zeke Beats",0.749,0.859,1,-4.014,1,0.0465,0.00129,0.00573,0.205,0.182,140.07,4
spotify:track:3NEntXhaMuh3xN8PXahtfm,"Bloom","Feel","Ashez;Hobi",2024-08-30,238786,28,false,ocifamtv1z7as35vkc29ko9m5,2025-12-22T22:00:37Z,"bass music","Odyzey Music",0.589,0.666,9,-6.08,1,0.0784,0.0364,0.184,0.285,0.114,130.024,4
spotify:track:37eQ13yBg842gYEz6sat92,"Vibes","Vibes","CR3WFX",2022-04-15,289418,22,false,ocifamtv1z7as35vkc29ko9m5,2025-12-23T00:29:38Z,"psytrance,progressive trance","Psyfeature",0.714,0.563,11,-9.719,0,0.153,0.0276,0.198,0.0784,0.231,144.083,4
spotify:track:4JGPwcOsUoFiY1XAYCMAcL,"Tendencies","Individuals","Lowcation",2024-10-17,193333,33,false,ocifamtv1z7as35vkc29ko9m5,2025-12-24T01:49:23Z,"bass music,downtempo","Qualia",0.798,0.456,10,-8.083,0,0.0809,0.079,0.487,0.136,0.246,80.997,4
spotify:track:36fxMNbeYQGWjDBYAPUbgO,"Weird Science","Screwface","Shlump",2024-12-03,154790,15,false,ocifamtv1z7as35vkc29ko9m5,2025-12-24T05:25:52Z,"bass music,dubstep,riddim","WAKAAN",0.727,0.783,11,-2.949,0,0.05,0.198,0.162,0.322,0.75,128.023,4
spotify:track:4sirXfqSbjcAlTkHiKLHO3,"Marimba Jam","Lucid Retreat","G-Space",2020-04-26,197454,35,false,ocifamtv1z7as35vkc29ko9m5,2025-12-24T06:14:36Z,"bass music","19K",0.897,0.532,10,-9.26,1,0.051,0.642,0.866,0.125,0.295,119.979,4
spotify:track:2UQSXtxIRC5UHF1OU9mnrx,"SIMP","SIMP","Mushroom Cloud",2024-07-02,171428,45,true,ocifamtv1z7as35vkc29ko9m5,2025-12-24T18:35:46Z,"riddim,dubstep","Mushroom Cloud Music",0.44,0.975,0,0.814,0,0.577,0.215,0.0000829,0.395,0.473,67.581,4
spotify:track:2CDLQpKwdVTwczNWaUDGXo,"Smooth","Sun & Moon","Lumasi;Ozztin",2024-12-13,204521,39,false,ocifamtv1z7as35vkc29ko9m5,2025-12-24T18:43:03Z,"bass music,dubstep","Lumasi Music",0.515,0.83,1,-5.947,1,0.149,0.507,0.0587,0.11,0.0481,114.674,3
spotify:track:2zRWhgtP9FAS6LNEbEb9Yu,"SOUL - VIP","PERIPHERY (Remix LP)","Ravenscoon;ZEKE BEATS;Born I;Seeka",2024-05-17,142000,30,true,ocifamtv1z7as35vkc29ko9m5,2025-12-24T18:49:53Z,"bass music,dubstep,drumstep,edm trap","WAKAAN",0.662,0.909,1,-3.148,1,0.305,0.0614,0.000663,0.218,0.294,139.906,4
spotify:track:5e41D8LXqEa0tDNKuM87XP,"Dreamsters","Forward Escape","Tipper",2014-01-01,329000,41,false,ocifamtv1z7as35vkc29ko9m5,2025-12-25T04:06:18Z,"glitch,downtempo,idm,bass music","Tippermusic",0.395,0.847,0,-6.62,1,0.042,0.0369,0.637,0.624,0.208,138.042,3
spotify:track:0a6JrnzwEoM9xMMxerVPOq,"Guns & Horses","Guns & Horses EP","Indira Paganotto",2022-06-17,311142,30,false,ocifamtv1z7as35vkc29ko9m5,2025-12-25T16:20:12Z,"psytrance,techno,hard techno,acid techno","ARTCORE RECORDS",0.725,0.828,9,-9.684,1,0.0434,0.0000933,0.919,0.0985,0.0771,140.006,4
spotify:track:1z1io5H0gfutwUNILCDshn,"Spanish Moss","Tanglewood","Of The Trees",2019-12-12,158961,55,false,ocifamtv1z7as35vkc29ko9m5,2025-12-25T16:36:18Z,"bass music","Of The Trees",0.489,0.672,11,-6.312,0,0.191,0.0439,0.00146,0.579,0.271,153.793,4
spotify:track:1z1io5H0gfutwUNILCDshn,"Spanish Moss","Tanglewood","Of The Trees",2019-12-12,158961,55,false,ocifamtv1z7as35vkc29ko9m5,2025-12-25T16:36:18Z,"bass music","Of The Trees",0.489,0.672,11,-6.312,0,0.191,0.0439,0.00146,0.579,0.271,153.793,4
spotify:track:6NFPKVYtb1tUEuEdvcH5G1,"Valley of Stevie","He.art","Astrix;Ace Ventura",2016-02-29,521142,45,false,ocifamtv1z7as35vkc29ko9m5,2025-12-25T16:57:31Z,"psytrance,trance,progressive trance","Shamanic Tales",0.609,0.879,6,-8.172,0,0.0476,0.000617,0.844,0.126,0.161,140.01,4
spotify:track:4ioCpFK3ZYGHCLwIIV3NOW,"Dark Oscillator","Dark Oscillator","Audiomatic",2019-06-28,379130,37,false,ocifamtv1z7as35vkc29ko9m5,2025-12-25T17:04:43Z,"psytrance,progressive trance,trance","Spin Twist Records",0.433,0.839,9,-5.985,0,0.0903,0.00775,0.517,0.196,0.0941,138.062,4
spotify:track:3HD3QiXD5962IrhFhCyXnd,"Sofia","Sofia","Omiki;Sighter",2025-03-28,224788,53,false,ocifamtv1z7as35vkc29ko9m5,2025-12-25T17:17:32Z,"psytrance,trance,progressive trance,melodic techno","CROSSOVER",0.588,0.891,5,-6.335,0,0.0474,0.0459,0.424,0.257,0.54,142.014,4
spotify:track:4XXBJZ8db1Pzxwj2bi0fEl,"Snickerz","Invisible Cinema","Daily Bread",2023-03-10,291395,45,false,ocifamtv1z7as35vkc29ko9m5,2025-12-25T18:32:14Z,"","Philos Records",0.717,0.631,5,-6.258,0,0.153,0.0234,0.00427,0.107,0.554,79.973,4
spotify:track:19QNtKt6TXqjrKxdc46ycs,"Lapdance","Lapdance","smith.",2024-09-06,157241,28,true,ocifamtv1z7as35vkc29ko9m5,2025-12-25T19:01:18Z,"bass music,dubstep","smith.",0.548,0.91,11,-1.692,1,0.341,0.0000221,0.578,0.176,0.356,174.213,4
spotify:track:58W2hUaoq5nNQ5C2R5d2Mk,"Throw Ass","Negatives","Hairitage",2024-09-13,152275,43,true,ocifamtv1z7as35vkc29ko9m5,2025-12-26T21:35:55Z,"dubstep,riddim,deathstep,bass music","Hairitage Music",0.775,0.873,0,-0.808,1,0.167,0.0041,0.756,0.576,0.128,145.087,4
spotify:track:4xVBbeAD2VUjbTdLcUfXZb,"Real Gud","Run It Up EP","SIPPY",2022-08-19,121600,29,false,ocifamtv1z7as35vkc29ko9m5,2025-12-28T15:42:08Z,"dubstep,riddim,bass music","Cyclops Recordings",0.735,0.929,0,-4.859,1,0.162,0.0014,0.0616,0.0645,0.484,74.99,4
spotify:track:1C4EVfWKAk0HDRJr0EOuTN,"Portalz","Portalz","Sharlitz Web;AG",2023-12-07,188689,22,false,ocifamtv1z7as35vkc29ko9m5,2025-12-28T15:55:13Z,"bass music,dubstep,riddim","Circus Records",0.59,0.986,1,-0.484,1,0.328,0.00719,0.0547,0.402,0.383,145.053,4
spotify:track:4qQmfpqnqPcEI8keW0meDz,"Harvest","Harvest","Of The Trees",2018-09-25,192000,41,false,ocifamtv1z7as35vkc29ko9m5,2025-12-28T16:10:31Z,"bass music","808124 Records DK2",0.57,0.659,9,-4.779,0,0.0904,0.0111,0.0000227,0.356,0.393,150.011,4
spotify:track:1iy4dY25NCYX5qS6pAOh0i,"Spicy","Spicy","Austeria",2022-05-18,224347,9,false,ocifamtv1z7as35vkc29ko9m5,2025-12-29T02:04:36Z,"dubstep,riddim","Austeria",0.646,0.958,4,-4.583,1,0.111,0.0744,0.48,0.238,0.0818,138.087,4
spotify:track:7myTQibQcMBMTSnJBrSvwN,"Entangled","Plexured Minds EP","Sharlitz Web",2023-05-02,158400,24,false,ocifamtv1z7as35vkc29ko9m5,2025-12-29T17:23:39Z,"bass music","WAKAAN",0.59,0.588,1,-5.629,1,0.36,0.0021,0.814,0.2,0.361,150.107,4
spotify:track:3qPJQhBBLPtr1R9ojGQFKk,"In The Stars","Into The HEYZ, Part I","Heyz",2023-04-26,220689,35,false,ocifamtv1z7as35vkc29ko9m5,2025-12-30T03:07:16Z,"dubstep,bass music","Deadbeats",0.451,0.975,4,-1.933,1,0.0871,0.000893,0.549,0.128,0.2,173.96,4
spotify:track:1VL5fsHKln0Yh4eqnmBoPX,"Tipsy","Tipsy","Capochino",2025-02-19,165161,50,true,ocifamtv1z7as35vkc29ko9m5,2025-12-30T19:51:58Z,"dubstep,riddim,bass music","CAPO Records",0.668,0.956,2,-3.284,1,0.388,0.0233,0.00000355,0.104,0.434,185.945,4
spotify:track:7jU5s6Fa9cIeBcijha8lup,"Woke Symphony","Woke Symphony","Capochino",2024-01-08,208941,39,false,ocifamtv1z7as35vkc29ko9m5,2025-12-30T19:57:54Z,"dubstep,riddim,bass music","CAPO RECORDS",0.559,0.955,3,-2.243,0,0.0853,0.0154,0.529,0.218,0.744,169.963,4
spotify:track:4Ka7nyJ3ITFP4XNQzs44Fb,"Twin Flame","CAPO SZN","Capochino",2025-07-25,201931,36,false,ocifamtv1z7as35vkc29ko9m5,2025-12-30T20:08:01Z,"dubstep,riddim,bass music","WAKAAN",0.629,0.952,8,-3.219,1,0.0572,0.163,0.0104,0.122,0.34,145.004,4
spotify:track:39052vVns3KeH6EzQvswtw,"whateverrr","whateverrr","Capochino",2025-08-22,172743,28,false,ocifamtv1z7as35vkc29ko9m5,2025-12-30T20:09:31Z,"dubstep,riddim,bass music","Odyzey Music",0.772,0.564,10,-14.693,0,0.146,0.0468,0.171,0.0784,0.645,169.987,4
spotify:track:0drmPANpFcPfkPrjNE2IU2,"Woke Symphony VIP","Woke Symphony VIP","Capochino",2024-06-05,208941,36,false,ocifamtv1z7as35vkc29ko9m5,2025-12-30T20:31:47Z,"dubstep,riddim,bass music","Continua MGMT",0.548,0.957,3,-2.343,0,0.0765,0.00837,0.152,0.207,0.649,170.052,4
spotify:track:6luzdaFpfCqFQK4ivFbnfM,"CapoPark","CapoPark","Capochino;AlienPark",2025-10-28,140571,23,false,ocifamtv1z7as35vkc29ko9m5,2025-12-30T20:36:14Z,"dubstep,riddim,bass music,deathstep","Circus Records",0.697,0.989,7,-1.339,0,0.201,0.108,0.206,0.141,0.452,140,4
spotify:track:3j6tM5yWlaDZjI2U9Df0tz,"COLD-BLOODED","COLD-BLOODED","Capochino",2023-10-11,139200,26,false,ocifamtv1z7as35vkc29ko9m5,2025-12-30T21:00:43Z,"dubstep,riddim,bass music","CAPO RECORDS",0.702,0.879,11,-4.372,0,0.207,0.0182,0.0163,0.909,0.624,74.988,4
spotify:track:5hFqHJ19yCto5ZKWkMQYLk,"Losing My Mind","CAPO SZN","Capochino",2025-07-25,132800,23,false,ocifamtv1z7as35vkc29ko9m5,2025-12-31T04:21:44Z,"dubstep,riddim,bass music","WAKAAN",0.648,0.992,2,-3.006,1,0.381,0.00339,0.56,0.344,0.205,150.56,4
spotify:track:5nOfnYy6YxdzqH0BQ2CdIg,"Concentrate","Concentrate","Capochino;BuckTen",2024-09-06,190909,15,false,ocifamtv1z7as35vkc29ko9m5,2025-12-31T18:41:11Z,"dubstep,riddim,bass music,melodic bass","MorFlo Records",0.688,0.967,6,-4.281,0,0.0834,0.0402,0.178,0.0954,0.288,132.039,4
spotify:track:1pl4J2wPn8IkVXH2aYRrh6,"Tractor Beam","Tractor Beam","Evalution",2023-12-08,180000,22,false,ocifamtv1z7as35vkc29ko9m5,2025-12-31T19:05:58Z,"bass music,dubstep","MorFlo Records",0.698,0.973,6,-0.774,1,0.113,0.00248,0.00394,0.211,0.785,100.011,4
spotify:track:6LmSS7zQT7xsXzQBIQAc2v,"The Myth of Arachne","Spider Quest","Sharlitz Web;Mousai",2024-10-01,257142,13,false,ocifamtv1z7as35vkc29ko9m5,2025-12-31T19:26:01Z,"bass music","Circus Records",0.548,0.96,0,-1.062,1,0.227,0.0757,0.0000166,0.215,0.274,139.882,4
spotify:track:0YhHb73exyTlzcHyUxmG2S,"Love Potion","Love Potion","Effin",2024-04-05,246857,45,false,ocifamtv1z7as35vkc29ko9m5,2025-12-31T19:33:50Z,"dubstep,riddim,bass music,deathstep","Effin Music",0.57,0.945,11,-1.506,0,0.266,0.0312,0.00136,0.176,0.186,140.105,4
spotify:track:5SXaxB9RqMxM0nZVYqA6rG,"Stompin","Stompin","Memento Mori",2025-07-04,165000,39,true,ocifamtv1z7as35vkc29ko9m5,2026-01-01T19:49:34Z,"psytrance","oury",0.641,0.987,5,-1.638,0,0.0635,0.00671,0.0646,0.105,0.332,159.977,4
spotify:track:76y17k5O5MZ2YipoDtIRN7,"Dusk Till Dawn","Dusk Till Dawn","Avalon;Stryker",2022-06-17,560571,34,false,ocifamtv1z7as35vkc29ko9m5,2026-01-02T20:22:54Z,"psytrance,trance,progressive trance","Nano Records",0.606,0.964,7,-5.504,1,0.0712,0.000324,0.803,0.0805,0.161,140.022,4
spotify:track:0f0TTMNCSvFLWM81igY2o6,"2 Radical","2 Radical","Capochino",2022-09-30,200016,2,false,ocifamtv1z7as35vkc29ko9m5,2026-01-03T00:33:21Z,"dubstep,riddim,bass music","CAPO RECORDS",0.624,0.985,2,-3.807,1,0.0723,0.0023,0.427,0.16,0.183,119.92,4
spotify:track:43KCNiZAf0Gj6Q0wBO7e2h,"I Will Love U","Espresso Yourself (Mixtape) [Pt.1]","Capochino",2021-06-16,114755,5,false,ocifamtv1z7as35vkc29ko9m5,2026-01-03T00:37:46Z,"dubstep,riddim,bass music","CAPO RECORDS",0.543,0.808,5,-5.319,1,0.336,0.00894,0.36,0.45,0.822,91.9,4
spotify:track:5JHJGNHAogiNxAP7wHHyid,"I Do Not Follow","I Do Not Follow","Capochino",2020-03-06,218644,2,false,ocifamtv1z7as35vkc29ko9m5,2026-01-03T00:39:24Z,"dubstep,riddim,bass music","Capo Records",0.558,0.893,1,-4.067,0,0.208,0.0255,0.172,0.104,0.329,180.01,4
spotify:track:5Wyt6Uc0oD8i3RKRu90zXB,"Dystopia 2","Dystopia 2","Capochino",2023-07-12,235200,9,false,ocifamtv1z7as35vkc29ko9m5,2026-01-03T00:43:03Z,"dubstep,riddim,bass music","CAPO RECORDS",0.562,0.906,6,-5.388,0,0.123,0.0387,0.775,0.11,0.415,100.008,4
spotify:track:73QKxlh9kl4djdOVeeSzQj,"2095","2095","Capochino",2023-03-15,176013,8,false,ocifamtv1z7as35vkc29ko9m5,2026-01-03T01:42:54Z,"dubstep,riddim,bass music","CAPO RECORDS",0.307,0.704,2,-4.428,1,0.295,0.254,0.538,0.0711,0.0937,90.012,4
spotify:track:1repXT3efDkBUNveKBCfRn,"Brain Tickler - Sharlitz Web Remix","Brain Tickler (Sharlitz Web Remix)","AHEE;Sharlitz Web",2025-05-14,129600,19,false,ocifamtv1z7as35vkc29ko9m5,2026-01-04T20:36:28Z,"dubstep,bass music,riddim","Jadu Dala",0.703,0.982,4,-3.613,1,0.277,0.0611,0.000296,0.412,0.194,149.914,4
spotify:track:2GCu37zoheNyFm15QB8IH1,"Told You So","Night Service","Capochino;Keylo",2025-04-15,144000,16,true,ocifamtv1z7as35vkc29ko9m5,2026-01-05T16:23:28Z,"dubstep,riddim,bass music","WAKAAN",0.704,0.885,11,-2.044,1,0.359,0.0588,0.0000983,0.117,0.51,150.144,4
spotify:track:5eRPRYzmq4VUJ6NpdaBXTb,"Again","Again","Evalution;Oddly Eazy",2025-07-16,273142,38,false,ocifamtv1z7as35vkc29ko9m5,2026-01-05T16:35:58Z,"bass music,dubstep","Wubaholics",0.589,0.83,9,-2.74,0,0.0546,0.00402,0.0039,0.108,0.135,140.031,4
spotify:track:5XOo9tUFjrP4c7aBas9HvS,"CROOKED","CROOKED","STVSH",2024-04-24,212571,41,false,ocifamtv1z7as35vkc29ko9m5,2026-01-05T16:42:59Z,"bass music,dubstep,riddim","Jadu Dala",0.7,0.718,2,-6.971,1,0.0524,0.00111,0.717,0.647,0.416,139.979,4
spotify:track:5HsLDjPBI8UQ8I664J3L8e,"dontleaveme","dontleaveme","Capochino",2023-08-30,187428,15,false,ocifamtv1z7as35vkc29ko9m5,2026-01-05T16:44:10Z,"dubstep,riddim,bass music","CAPO RECORDS",0.751,0.912,7,-6.296,1,0.0899,0.0825,0.829,0.155,0.0396,104.997,4
spotify:track:6gtXCZnjeXxsTR41F7Xepn,"Age of the Stars","Age of the Stars","Austeria",2025-06-27,169714,37,false,ocifamtv1z7as35vkc29ko9m5,2026-01-06T01:55:28Z,"dubstep,riddim","Austeria LLC",0.494,0.848,2,-3.15,1,0.0413,0.0172,0.0117,0.0959,0.0356,140.473,4
spotify:track:3iHYZ2JoSJnXCUB9dHHO5Y,"That Gas","That Gas","MeSo;Space Wizard;SAGZ",2019-02-27,193723,28,false,ocifamtv1z7as35vkc29ko9m5,2026-01-09T17:35:22Z,"bass music,dubstep,riddim","Spicy Bois",0.807,0.554,9,-9.032,1,0.0731,0.002,0.222,0.128,0.138,139.918,4
spotify:track:4biu6phX5voAcSQQtUPI64,"Gravemind","Gravemind","Space Wizard",2026-01-09,231724,33,false,ocifamtv1z7as35vkc29ko9m5,2026-01-12T13:54:55Z,"riddim,dubstep,bass music","Wizard Council Recordings",0.417,0.998,1,-3.067,1,0.515,0.0243,0.0000587,0.382,0.102,143.889,4
spotify:track:6aokhHIAbYBYWM6ZDeD8bP,"Break Up Song","Break Up Song / Hot","Flozone",2025-09-26,181714,39,true,ocifamtv1z7as35vkc29ko9m5,2026-01-13T14:34:46Z,"dubstep,bass music,riddim","Cyclops Recordings",0.614,0.977,0,-2.305,1,0.0892,0.103,0.00196,0.338,0.484,139.932,4
spotify:track:3JFbLpgf57vGArmdFULXNB,"Get Wompy","Get Wompy","SIPPY",2023-07-26,153600,46,false,ocifamtv1z7as35vkc29ko9m5,2026-01-15T18:53:30Z,"dubstep,riddim,bass music","Monstercat",0.778,0.836,5,-3.428,1,0.0641,0.0159,0.74,0.17,0.361,150.046,4
spotify:track:2WrsyX16aiu9focfNgYTJV,"Run The City","Smoking With Friends","Blunts & Blondes",2019-08-30,172226,33,true,ocifamtv1z7as35vkc29ko9m5,2026-01-15T22:09:32Z,"dubstep,riddim","Deadbeats",0.728,0.925,11,-2.265,1,0.129,0.0232,0.107,0.103,0.496,169.951,4
spotify:track:7gKY7POH3quFyxdWRXwQI0,"VERTIGO","VERTIGO","FLY;Saka",2025-04-04,212571,35,false,ocifamtv1z7as35vkc29ko9m5,2026-01-18T19:28:43Z,"bass music,dubstep,drumstep","SAKAxFLY",0.639,0.663,11,-6.39,1,0.0332,0.0168,0.746,0.125,0.0671,140.061,4
spotify:track:1pn3m5SQufagW3nGH6JlaE,"Ribbit","Loud Speaker, Vol. 3","Ashez;Gallium",2024-11-15,214285,22,false,ocifamtv1z7as35vkc29ko9m5,2026-01-18T19:39:20Z,"bass music","SubCarbon",0.773,0.822,4,-4.498,1,0.367,0.0128,0.0109,0.085,0.563,139.988,4
spotify:track:7JebkZqcxcQIs3IoOAccwU,"Revived","Revived","Lowcation",2023-10-10,195000,29,false,ocifamtv1z7as35vkc29ko9m5,2026-01-18T19:49:16Z,"bass music,downtempo","Qualia",0.803,0.44,11,-7.304,0,0.097,0.501,0.883,0.129,0.104,144.022,4
spotify:track:6m4E85YPfoYA6AMOjKQb2Z,"Jinx","Jinx","FLY",2023-10-25,212571,27,false,ocifamtv1z7as35vkc29ko9m5,2026-01-18T19:58:09Z,"bass music,dubstep","FLY",0.728,0.474,6,-7.964,0,0.0393,0.00491,0.799,0.285,0.137,140.02,4
spotify:track:5Ij9jpdHL1cqhHC3XndZHz,"Enlighten","The Rose EP","Tripp St.",2023-07-13,233058,33,false,ocifamtv1z7as35vkc29ko9m5,2026-01-18T20:10:15Z,"bass music","SSKWAN",0.292,0.613,8,-6.112,1,0.0372,0.00363,0.646,0.141,0.0377,172.096,4
spotify:track:3eMm2K1mJQEKBcoIpzS5io,"Deja Vu","Deja Vu","FLY",2022-12-13,171428,37,false,ocifamtv1z7as35vkc29ko9m5,2026-01-18T20:19:33Z,"bass music,dubstep","Alpha Pup",0.736,0.451,8,-7.955,1,0.0341,0.0941,0.631,0.11,0.101,140.029,4
spotify:track:75iriS2l83oYbWbaSQgy9W,"One vibe one fire","One vibe one fire","Pitch Mad Attak",2026-01-12,234666,17,false,ocifamtv1z7as35vkc29ko9m5,2026-01-19T19:22:24Z,"tekno,frenchcore,ragga,speedcore,acid techno","Raggatek Power",0.472,0.997,7,0.893,1,0.161,0.119,0.05,0.321,0.108,180.053,4
spotify:track:6sIbhzqa19yvCHEyYH6qQJ,"Like That","Like That","Memento Mori;Freenomo",2026-01-09,128000,32,false,ocifamtv1z7as35vkc29ko9m5,2026-01-19T19:30:47Z,"psytrance,progressive trance","Psyfeature",0.593,0.991,2,-2.192,1,0.0653,0.00138,0.172,0.0959,0.903,155.03,4
spotify:track:3YFqKQtBOAlAVNl9GDaVYp,"Temple","Temple","Skoza",2025-09-19,225000,17,false,ocifamtv1z7as35vkc29ko9m5,2026-01-19T19:40:59Z,"frenchcore,speedcore,tekno,gabber","Bassfeature",0.609,0.913,4,-3.371,0,0.0479,0.191,0.608,0.0908,0.199,159.976,4
spotify:track:3FVqcyEd3ot3lWMAIdKnpU,"Maisamma","Maisamma","Animato;Tamar Reili",2026-01-15,436363,29,false,ocifamtv1z7as35vkc29ko9m5,2026-01-19T21:26:38Z,"psytrance,progressive trance,trance","Shamanic Tales",0.601,0.879,9,-6.4,0,0.0455,0.000664,0.855,0.0942,0.133,143.001,4
spotify:track:1HvIW6Cw1laX9xGQC0vNns,"Heaven On Earth","Heaven On Earth","Djapatox",2026-01-15,229394,34,false,ocifamtv1z7as35vkc29ko9m5,2026-01-19T21:29:11Z,"psytrance,progressive trance","recordJet",0.72,0.722,7,-8.305,1,0.0704,0.000932,0.679,0.109,0.662,155.037,4
spotify:track:3hV8S5G5JAvXtyAKuLTlaA,"Wanna Drink","Wanna Drink","Coblan;Lenjix;The Witcher",2025-10-23,370758,22,false,ocifamtv1z7as35vkc29ko9m5,2026-01-19T22:11:07Z,"psytrance,trance,progressive trance","Psyfeature",0.621,0.866,0,-6.744,1,0.0433,0.00679,0.87,0.517,0.534,144.993,4
spotify:track:68PAePdRwJH8Fzk9tzF3GB,"Wrong Number","Inner Reflections","Fresh Drop",2025-12-26,218482,19,false,ocifamtv1z7as35vkc29ko9m5,2026-01-20T15:45:52Z,"psytrance,epadunk,progressive trance","Psyfeature",0.822,0.653,11,-7.513,0,0.0814,0.0524,0.656,0.427,0.66,145.027,4
spotify:track:5pAO1cdNq3F8d0c0m92ZT6,"Where The Heart Is - Extended Mix","Where The Heart Is","Vini Vici",2018-06-18,394782,30,false,ocifamtv1z7as35vkc29ko9m5,2026-01-20T15:56:24Z,"psytrance,trance","Alteza Records",0.603,0.986,11,-6.168,0,0.047,0.00153,0.66,0.0877,0.048,138.012,4
spotify:track:2FlBSWsgwCBuqXyrzhtzeg,"Garage Goblin","Garage Goblin","AHEE",2026-01-16,166285,37,false,ocifamtv1z7as35vkc29ko9m5,2026-01-21T01:18:35Z,"dubstep,bass music,riddim","ZOT Records",0.749,0.964,1,-3.873,1,0.101,0.0657,0.00297,0.24,0.386,139.968,4
spotify:track:7bL3Z9XQf4TC1Pb8DYEhyi,"Ride Out","Bass Sax Beats, Vol. 3","Michael Wilbur",2023-09-15,127874,25,false,ocifamtv1z7as35vkc29ko9m5,2026-01-21T01:25:20Z,"jazz funk","Big Friendly Recordings",0.71,0.442,1,-6.998,1,0.0844,0.0287,0.761,0.085,0.947,145.656,4
spotify:track:3DMroiJzsPo6LYVWVZ9tdo,"Laced","Laced","rSUN;Wayve",2022-06-22,192298,34,false,ocifamtv1z7as35vkc29ko9m5,2026-01-21T01:55:29Z,"bass music,riddim,dubstep,deathstep","rSUN",0.692,0.778,8,-5.093,1,0.0443,0.00132,0.23,0.172,0.194,160.083,4
spotify:track:3vNKAaZ5QLHstbmuGjLVqz,"Sawtooth Fairy - Original mix","Acid Trip Advisor","Headroom (SA)",2022-02-04,411535,29,false,ocifamtv1z7as35vkc29ko9m5,2026-01-22T02:21:23Z,"psytrance,progressive trance,trance","Iboga Records",0.774,0.665,6,-7.445,1,0.0681,0.005,0.885,0.0937,0.719,140.018,4
spotify:track:166tJLfMY2lujeoOfTgMOR,"Confession Session","Friends With Aliens","Miles From Mars",2025-12-19,386865,16,false,ocifamtv1z7as35vkc29ko9m5,2026-01-22T16:02:49Z,"minimal techno,psytrance","Digital Structures",0.752,0.678,1,-7.854,1,0.0485,0.00121,0.843,0.34,0.197,133.997,4
spotify:track:0rhKvgm40Z9YliBiYaSvK7,"So Naughty!","So Naughty!","Gonzi;TARS",2025-08-22,199875,48,false,ocifamtv1z7as35vkc29ko9m5,2026-01-23T14:08:41Z,"hard techno,psytrance,tekno,techno,bounce","Medusa Records",0.728,0.973,7,-3.342,1,0.0753,0.000792,0.647,0.177,0.641,160.04,4
spotify:track:7bUcRa5hIAiHUJ5Gu2NiYz,"Rounders (Stryker Remix)","Rounders (Stryker Remix)","Growling Machines;Stryker",2025-10-02,446896,38,false,ocifamtv1z7as35vkc29ko9m5,2026-01-23T15:43:42Z,"psytrance,brazilian bass,trance,progressive trance","Shamanic Tales",0.536,0.925,9,-4.773,1,0.0559,0.0005,0.848,0.0789,0.399,145.027,4
spotify:track:2KMacYNLMiF6LYUIyl5Fbm,"Take A Trip","Take A Trip","HEXED;Labs",2021-05-19,250489,41,false,ocifamtv1z7as35vkc29ko9m5,2026-01-24T00:38:29Z,"bass music","2614440 Records DK2",0.687,0.572,5,-4.535,0,0.045,0.0138,0.545,0.258,0.282,142.039,4
spotify:track:4DF78KTbDZ3cGI5h1dzOEJ,"Golden Teacher","Golden Teacher","Memento Mori;Massivebass;Psyfeature",2023-10-06,278068,29,false,ocifamtv1z7as35vkc29ko9m5,2026-01-25T20:52:00Z,"psytrance,progressive trance,trance","Psyfeature",0.631,0.821,0,-7.647,1,0.0461,0.0258,0.413,0.104,0.185,145.027,4
spotify:track:67iAkCYb01aNRyQBl1NhcH,"Serve It Like","Serve It Like","Yoko",2023-08-25,156097,36,false,ocifamtv1z7as35vkc29ko9m5,2026-01-26T15:48:33Z,"bass music","Odyzey Music",0.874,0.627,2,-6.285,1,0.0796,0.02,0.136,0.0736,0.27,123.049,4
spotify:track:0lfhUrwXzs1BtGXse4pKGX,"Where it is","Where It Is","Dzp;CR3WFX",2023-04-26,233333,28,false,ocifamtv1z7as35vkc29ko9m5,2026-01-27T02:00:41Z,"psytrance,trance,progressive trance","Psyfeature",0.733,0.688,11,-6.274,0,0.174,0.042,0.178,0.0894,0.383,144.037,4
spotify:track:5hZFLpjy6wZvkacmQcOozq,"Where The Angels Sleep","The Magic Garden","Zingara;Lowcation;Kambii",2025-12-12,150517,25,false,ocifamtv1z7as35vkc29ko9m5,2026-01-27T02:34:39Z,"dubstep,bass music,riddim,downtempo,melodic bass","Zingara Music",0.695,0.756,1,-6.638,1,0.04,0.04,0.104,0.129,0.138,89.994,4
spotify:track:1Ca7IBRiNfOJT5STMI7suU,"Funk You Up!","Funk You Up!","GRiZ",2025-10-24,151578,46,false,ocifamtv1z7as35vkc29ko9m5,2026-01-28T15:38:28Z,"dubstep,edm","GRiZ LLC",0.682,0.941,7,-0.91,1,0.108,0.00108,0.0253,0.117,0.572,95.035,4
spotify:track:58q84Gww5zB9ifh0t7fbb6,"QUEEN OF THE VILE","QUEEN OF THE VILE","Mushroom Cloud",2024-04-05,185142,38,false,ocifamtv1z7as35vkc29ko9m5,2026-01-28T15:42:40Z,"riddim,dubstep","Mushroom Cloud Music",0.857,0.381,8,-3.617,1,0.0557,0.302,0.00287,0.12,0.0392,140.077,4
spotify:track:3umkIjIwEKt32iE1rCxYQE,"It Might Be Reality - Original Mix","Jaguar EP","Suspect One",2020-11-09,378490,34,false,ocifamtv1z7as35vkc29ko9m5,2026-01-29T01:42:25Z,"minimal techno","Phobos Records",0.863,0.731,8,-9.182,0,0.0487,0.00012,0.823,0.109,0.407,127.022,4
spotify:track:6euR4VW88wRwG6TTXI8YEE,"Drop It Down","Drop It Down","Eli Brown;Joyhauser",2023-12-08,206000,44,false,ocifamtv1z7as35vkc29ko9m5,2026-01-29T02:06:29Z,"techno,tech house,acid techno,hard techno,minimal techno,tekno","Arcane Music",0.692,0.898,7,-7.189,1,0.0729,0.000804,0.196,0.0245,0.388,134.983,4
spotify:track:4iujYV1aY8bvFnynke7eN5,"Wonkestra","Wonkestra","LIU KANG;Wolfie",2025-10-03,204800,45,true,ocifamtv1z7as35vkc29ko9m5,2026-01-29T15:56:34Z,"riddim,dubstep","Cyclops Recordings",0.591,0.652,7,-2.992,0,0.0367,0.0169,0.614,0.217,0.101,149.984,4
spotify:track:1pNTLnSz3CjjQTriZnTTah,"Cheque","South","Flozone",2024-08-23,186857,18,false,ocifamtv1z7as35vkc29ko9m5,2026-01-29T15:57:08Z,"dubstep,bass music,riddim","WAKAAN",0.652,0.995,5,-2.475,1,0.181,0.00844,0.429,0.326,0.142,140.031,4
spotify:track:3kLdYv7w17nL9F2zluQCs7,"Backspin Bass","Distortion Theory","Tape B",2024-12-04,136993,41,false,ocifamtv1z7as35vkc29ko9m5,2026-01-29T15:58:41Z,"dubstep,riddim,bass music","Tape B",0.61,0.896,11,-4.256,1,0.471,0.0245,0.0425,0.141,0.292,139.997,4
spotify:track:0rFXKxt3D0wRH6AkBvDvVb,"You Make Me Wanna","You Make Me Wanna","Capochino",2024-07-19,164666,38,false,ocifamtv1z7as35vkc29ko9m5,2026-01-29T16:03:16Z,"dubstep,riddim,bass music","Kannibalen Records",0.687,0.944,2,-3.543,1,0.275,0.144,0.368,0.248,0.382,180.081,4
spotify:track:5sHSp4KNMz5z9cr9vEufxh,"Slow Burn","Slow Burn","Flozone",2024-07-12,198857,24,false,ocifamtv1z7as35vkc29ko9m5,2026-01-29T16:08:04Z,"dubstep,bass music,riddim","Bassrush Records",0.752,0.917,8,-2.431,0,0.257,0.00234,0.00029,0.0534,0.329,140.043,4
spotify:track:2eVlr6Tzdht91mENVBzS3A,"Endless","Endless Puzzles","Secret Recipe",2023-06-06,135185,18,false,ocifamtv1z7as35vkc29ko9m5,2026-01-30T01:10:32Z,"bass music","Wormhole Music Group",0.562,0.477,10,-5.912,0,0.229,0.019,0.484,0.11,0.169,74.857,4
spotify:track:2hSSQr1dW8KJMd7Y0CmneP,"Magicians","The Cosmos","Daggz;Comisar;Chmura",2024-03-22,192722,36,false,ocifamtv1z7as35vkc29ko9m5,2026-01-30T01:46:31Z,"bass music,downtempo","Odyzey Music",0.758,0.491,1,-7.506,1,0.0891,0.0639,0.495,0.155,0.274,132.083,4
spotify:track:2UcWn4RYBiqWnKMePUg80t,"SUPERMASSIVE","SUPERMASSIVE","Super Future;SuperAve.",2024-02-09,177103,20,false,ocifamtv1z7as35vkc29ko9m5,2026-02-01T03:23:49Z,"bass music,dubstep","Independent",0.612,0.964,8,-2.801,1,0.0907,0.0131,0.0827,0.212,0.334,145.051,4
spotify:track:4iNQXRbQE5OHqXm0lbKFxD,"Back","On Demand","Evalution;Jmo Let Em Know",2023-08-30,217600,28,true,ocifamtv1z7as35vkc29ko9m5,2026-02-01T05:32:02Z,"bass music,dubstep","Wubaholics",0.684,0.898,5,-1.338,0,0.111,0.0208,0.000351,0.17,0.386,150.025,3
spotify:track:79n1n8fH8kuxv1xNzuR5QL,"Cru","Onset","dêtre",2022-04-05,150990,37,false,ocifamtv1z7as35vkc29ko9m5,2026-02-01T23:35:07Z,"bass music,dubstep","Wormhole Music Group",0.766,0.513,1,-11.172,1,0.0739,0.335,0.408,0.124,0.225,129.931,4
spotify:track:6o1jLTl5qn6kxMeHAUlFxo,"Brute (Mport Remix)","Ancestors (Remixed)","Jaenga;Mport",2025-01-17,185379,20,false,ocifamtv1z7as35vkc29ko9m5,2026-02-02T14:25:52Z,"dubstep,bass music,riddim","SubCarbon",0.747,0.727,2,-3.851,1,0.133,0.199,0.0352,0.241,0.256,145.051,4
spotify:track:11lUJpgzIzNZGC2zFQHzZg,"Soul Psy 160bpm","Inner Reflections","Fresh Drop",2025-12-26,175500,14,false,ocifamtv1z7as35vkc29ko9m5,2026-02-04T02:52:38Z,"psytrance,epadunk,progressive trance","Psyfeature",0.701,0.815,0,-5.932,0,0.16,0.00241,0.484,0.331,0.309,159.992,4
spotify:track:4zzFiS5QEovRo8PRCH16Fk,"FREAK NASTY","FREAK NASTY","Pretty Sweet",2025-03-04,138857,52,false,ocifamtv1z7as35vkc29ko9m5,2026-02-05T05:14:44Z,"dubstep,riddim","Pretty Sweet Music",0.625,0.907,5,-1.54,1,0.174,0.261,0.000184,0.16,0.326,139.699,3
spotify:track:614UPkVp5ngvnXHJ41SCsR,"4th Kind","4th Kind","Sharlitz Web",2024-04-04,169411,11,false,ocifamtv1z7as35vkc29ko9m5,2026-02-08T03:55:28Z,"bass music","WAKAAN",0.521,0.849,11,-2.278,0,0.0883,0.00885,0.0262,0.152,0.124,170.036,4
spotify:track:1ggXGehTqW3Zy1r7HvcrHl,"Hunky Dory","Thank You For Holding EP","Cool Customer",2025-11-14,173333,29,false,ocifamtv1z7as35vkc29ko9m5,2026-02-08T04:15:07Z,"bass music","Customer Service Records",0.626,0.859,10,-4.339,0,0.15,0.0459,0.401,0.69,0.568,125.986,4
spotify:track:4GrwU2uPp6bA9nvk2uoion,"VESPER","VESPER","STVSH;Crucial",2026-01-14,166285,44,false,ocifamtv1z7as35vkc29ko9m5,2026-02-11T05:55:00Z,"bass music,dubstep,riddim","Wubaholics",0.711,0.75,1,-5.546,0,0.0732,0.00542,0.572,0.129,0.0851,139.981,4
spotify:track:0jOOdc8eltPazxAVmn2WeB,"Go Mode - AYCH Remix","Nexum (Remixes)","INZO;Blookah;DijahSB;AYCH",2026-01-23,147692,43,false,ocifamtv1z7as35vkc29ko9m5,2026-02-11T05:56:22Z,"future bass,hip house,jazz rap","Local Void",0.701,0.89,9,-5.687,1,0.0436,0.0251,0.000601,0.379,0.21,130.033,4
spotify:track:4uaTkuV57v3PVTmxhpk7kg,"Wait","WhatUWant EP","Boogie T;Genghis John;ill.gates",2025-07-23,226285,30,false,ocifamtv1z7as35vkc29ko9m5,2026-02-11T09:01:58Z,"dubstep,riddim,bass music,edm,dub,glitch","Drama Club Recordings",0.655,0.723,9,-5.995,1,0.0807,0.00989,0.0764,0.465,0.328,139.988,4
spotify:track:2mIvAwB4funvTMxF0ynoXh,"Shadowlight","Eclipse","Lumasi",2025-11-21,240000,40,false,ocifamtv1z7as35vkc29ko9m5,2026-02-11T09:02:13Z,"bass music,dubstep","Lumasi Music",0.624,0.77,7,-4.589,0,0.0473,0.0354,0.0142,0.219,0.086,140.08,4
spotify:track:6ZVa4emqPbwYeaeZIZg0bT,"The Crossroads","The Crossroads","Zingara",2026-01-27,168827,30,false,ocifamtv1z7as35vkc29ko9m5,2026-02-11T09:02:22Z,"dubstep,bass music,riddim","Zingara Music",0.487,0.752,1,-7.255,1,0.202,0.0366,0.0563,0.331,0.263,96.766,5
spotify:track:5rbZvFArrWYKE0caMq7HnB,"Brute (Josh Teed Remix)","Ancestors (Remixed)","Jaenga;Josh Teed",2025-01-17,241681,31,false,ocifamtv1z7as35vkc29ko9m5,2026-02-11T09:16:15Z,"dubstep,bass music","SubCarbon",0.458,0.716,4,-4.984,0,0.138,0.15,0.513,0.413,0.14,139.796,4
spotify:track:2h33MelL6FC2nwAQ8O0GvF,"Zone","Zone","Zen Selekta",2024-09-27,255601,22,true,ocifamtv1z7as35vkc29ko9m5,2026-02-11T09:34:07Z,"bass music","Aspire Higher",0.506,0.698,2,-8.111,1,0.332,0.309,0.922,0.07,0.298,139.604,4
spotify:track:0bnQWRYPJLzSxkq6HeKQzJ,"No One","No One","Capochino",2026-01-26,154285,40,false,ocifamtv1z7as35vkc29ko9m5,2026-02-11T13:34:01Z,"dubstep,riddim,bass music","Good Society",0.664,0.983,11,-2.284,1,0.0495,0.00965,0.21,0.139,0.499,140.053,4
spotify:track:6SzVi87wgpzbaJxEFgELuZ,"ALL NIGHT","ALL NIGHT","ZEKE BEATS",2025-11-07,177000,33,false,ocifamtv1z7as35vkc29ko9m5,2026-02-11T13:43:50Z,"bass music,dubstep,drumstep","Zeke Beats",0.813,0.927,8,-2.704,0,0.0504,0.0114,0.397,0.325,0.423,139.973,4
spotify:track:4tmAhFEJfDGyhFxMzHuclE,"Kamil","Kamil","Massivebass;Psyfeature",2025-05-16,297931,20,false,ocifamtv1z7as35vkc29ko9m5,2026-02-17T15:42:03Z,"psytrance,progressive trance,trance","Psyfeature",0.594,0.905,8,-5.625,0,0.0374,0.00248,0.652,0.0756,0.128,144.972,4
spotify:track:5RgHALM7VGQDeQ8bKV6M4T,"The Beat Goes Round & Round","The Beat Goes Round & Round","Memento Mori",2024-09-27,199137,27,false,ocifamtv1z7as35vkc29ko9m5,2026-02-17T15:54:41Z,"psytrance","MMS",0.781,0.89,7,-5.368,0,0.0905,0.0119,0.841,0.0418,0.574,145.001,4
spotify:track:2oVbwJPEEJUydF2Wc7GEmu,"Without You","Without You","Day Din;Chloe Kay",2020-04-30,257391,32,false,ocifamtv1z7as35vkc29ko9m5,2026-02-18T02:05:55Z,"psytrance,progressive trance,trance","Daydinmusic",0.762,0.582,2,-7.837,0,0.0463,0.0254,0.698,0.105,0.646,138.026,4
spotify:track:51K3n8YrfWIKs4dqgn7Q49,"Closer To The Sun","Closer To The Sun","Memento Mori",2025-03-14,133500,29,false,ocifamtv1z7as35vkc29ko9m5,2026-02-18T03:33:16Z,"psytrance","Psyfeature",0.624,0.914,5,-3.051,1,0.0566,0.0324,0.492,0.0961,0.702,160.004,4
spotify:track:5BuSrZ9PCfE5nY6TRj1tpK,"ALL NIGHT - VIP","ALL NIGHT (VIP)","ZEKE BEATS",2026-01-16,142004,29,false,ocifamtv1z7as35vkc29ko9m5,2026-02-19T15:55:21Z,"bass music,dubstep,drumstep","Zeke Beats",0.704,0.935,11,-1.749,1,0.0467,0.00052,0.125,0.106,0.266,87.04,4
spotify:track:4cPeIoEz3nKshMqLKgTAfw,"LOUDER","LOUDER","ZEKE BEATS",2025-12-12,202060,33,false,ocifamtv1z7as35vkc29ko9m5,2026-02-19T16:00:26Z,"bass music,dubstep,drumstep","Zeke Beats",0.632,0.972,1,-2.526,1,0.0472,0.000811,0.699,0.251,0.351,144.947,4
spotify:track:6O1YbnOUVTS8Zl1NsVuvO7,"STOMP OUT","STOMP OUT","Ravenscoon;Wiley",2025-10-17,174857,31,false,ocifamtv1z7as35vkc29ko9m5,2026-02-20T01:34:13Z,"bass music,dubstep,riddim","Bassrush Records",0.521,0.974,0,-1.96,1,0.0545,0.0000085,0.782,0.626,0.146,139.984,4
spotify:track:7MfHYRvDnTJrzMo4mfNeYd,"Infinite Energy","Soul Stone","Esseks;Shanghai Doom",2020-12-01,153576,25,false,ocifamtv1z7as35vkc29ko9m5,2026-02-22T21:36:00Z,"bass music,dubstep,riddim","WAKAAN",0.802,0.922,1,-3.273,0,0.16,0.0358,0.394,0.208,0.585,118.049,4
spotify:track:778aipVwFlzGEltPlKE7hK,"Currents","Plasma","Canabliss",2022-02-01,164571,41,false,ocifamtv1z7as35vkc29ko9m5,2026-02-22T21:38:29Z,"","WAKAAN",0.546,0.476,1,-10.681,0,0.0522,0.515,0.695,0.386,0.0377,139.957,4
spotify:track:3ignw1mLLC8xWLVJAcVj8A,"Emerald Bay (Dêtre Remix)","Overture (Remixes)","Skysia;dêtre;Orenda",2024-11-15,191734,29,false,ocifamtv1z7as35vkc29ko9m5,2026-02-22T21:47:46Z,"bass music,downtempo,dubstep","Odyzey Music",0.727,0.573,8,-8.074,0,0.0686,0.0351,0.423,0.113,0.156,145.015,4
spotify:track:5qP0l4dTEz6w1WaJHoamWY,"Respect The Flow","Respect The Flow","Seth David",2024-07-09,169714,33,false,ocifamtv1z7as35vkc29ko9m5,2026-02-22T22:06:49Z,"bass music,dubstep","Aspire Higher",0.57,0.735,1,-7.457,1,0.13,0.00155,0.111,0.222,0.16,104.154,3
spotify:track:5Op3soARGljAhasGiNvHxI,"Maniac","Like a Drug","Shlump",2016-11-16,207877,5,false,ocifamtv1z7as35vkc29ko9m5,2026-02-22T22:09:18Z,"bass music,dubstep,riddim","WAKAAN",0.439,0.888,11,-6.807,1,0.213,0.00154,0.544,0.298,0.31,149.929,4
spotify:track:0GvbfAQHJYC6A6C55wGgRX,"Lay It Back","Lay It Back","Super Future;Viskus",2019-04-26,176551,28,false,ocifamtv1z7as35vkc29ko9m5,2026-02-22T22:23:17Z,"bass music,dubstep","MorFlo Records",0.788,0.763,2,-5.459,1,0.08,0.00459,0.371,0.699,0.581,115.02,4
spotify:track:665r6aMo0x6cXcQ8McTkrJ,"Plummet","Plummet","Shanghai Doom",2022-05-27,189677,17,false,ocifamtv1z7as35vkc29ko9m5,2026-02-22T22:25:37Z,"bass music,dubstep,riddim","Underdog Records",0.735,0.81,5,-5.289,1,0.229,0.000973,0.49,0.7,0.139,124.108,4
spotify:track:1uCHURklcUgJhhHGZHTsqn,"G Shuffle","The Path of Least Resistance","G-Space",2021-04-19,178285,30,false,ocifamtv1z7as35vkc29ko9m5,2026-02-22T22:31:17Z,"bass music","Iceberg Records",0.928,0.467,0,-11.578,1,0.245,0.393,0.309,0.131,0.342,139.988,4
spotify:track:6RdJOHfrZ1MvG9ZX8dErDT,"Durin's Tower","Harvest","Of The Trees",2018-09-25,191717,43,false,ocifamtv1z7as35vkc29ko9m5,2026-02-22T22:44:16Z,"bass music","808124 Records DK2",0.698,0.606,1,-5.668,0,0.0827,0.0238,0.00594,0.449,0.127,140.048,4
spotify:track:4tWzF0XbQSxuaGwTrGXIOY,"Pixel Drip","DEF CON 23: The Official Soundtrack","Of The Trees",2015-08-06,211555,31,false,ocifamtv1z7as35vkc29ko9m5,2026-02-22T22:54:53Z,"bass music","Gravitas Recordings",0.69,0.722,6,-9.694,1,0.0635,0.000193,0.906,0.275,0.039,134.996,4
spotify:track:4tMX0IaeQwEaTwd6RtP8l8,"Zero Gravity","Zero Gravity","Shlump",2023-11-10,212935,22,false,ocifamtv1z7as35vkc29ko9m5,2026-02-22T22:58:17Z,"bass music,dubstep,riddim","Deep Dark & Dangerous",0.681,0.814,4,-4.443,1,0.0686,0.114,0.0451,0.161,0.137,72.498,4
spotify:track:3zKMchlxXeERZIkqKXXeA4,"Who's the Best","Who's the Best","rSUN",2024-02-28,192214,22,false,ocifamtv1z7as35vkc29ko9m5,2026-02-22T23:16:41Z,"bass music","Jadu Dala",0.825,0.887,2,-5.138,1,0.0652,0.0152,0.602,0.146,0.134,140.048,4
spotify:track:72F8RmgAI7i4Kbwmsea2Gi,"Alien Technology","Alien Technology","Shlump",2018-03-14,170000,24,false,ocifamtv1z7as35vkc29ko9m5,2026-02-22T23:29:22Z,"bass music,dubstep,riddim","Deep Dark & Dangerous",0.692,0.811,5,-5.409,0,0.138,0.0151,0.00645,0.293,0.376,143.966,4
spotify:track:5eCco6BG0yvww8UbdHRQUm,"HAZE","SHIT, Vol. 1","MARAUDA",2019-06-10,163124,35,true,ocifamtv1z7as35vkc29ko9m5,2026-02-23T00:34:51Z,"deathstep,riddim,dubstep,bass music","Malignant Music",0.426,0.835,8,-7.72,1,0.0453,0.000195,0.766,0.105,0.0343,139.947,4
spotify:track:06mitLoH7uLUUL0MUeaRz5,"Weird Trumpet","The Party Has Changed","Yheti",2020-02-07,198008,27,false,ocifamtv1z7as35vkc29ko9m5,2026-02-23T01:07:37Z,"bass music","1017853 Records DK2",0.907,0.409,11,-8.566,1,0.175,0.298,0.293,0.0786,0.606,141.984,3
spotify:track:386nyrRYmqrl9UVFgtTpdJ,"Mariscos","Insolito","Tipper",2021-10-21,202106,41,false,ocifamtv1z7as35vkc29ko9m5,2026-02-23T01:15:32Z,"glitch,downtempo,idm,bass music","Tippermusic",0.708,0.701,10,-6.735,0,0.0426,0.063,0.897,0.134,0.357,143.988,4
spotify:track:3uuZa5H3eAGgMfjFngvmrt,"Dream Dog","Shock Therapy","Champagne Drip",2023-07-25,243200,45,false,ocifamtv1z7as35vkc29ko9m5,2026-02-23T01:30:01Z,"dubstep,bass music","WAKAAN",0.445,0.635,7,-7.437,1,0.0376,0.0305,0.853,0.145,0.0364,149.984,4
spotify:track:155t0i7MddhDV4l1KzXgdj,"Motor","Total","SebastiAn",2011-05-30,243266,28,false,ocifamtv1z7as35vkc29ko9m5,2026-02-27T07:28:04Z,"french house,electroclash,new rave","Ed Banger Records",0.581,0.982,1,-3.549,1,0.449,0.00918,0.534,0.677,0.146,115.031,4
spotify:track:3s9pfIRo3iPwj4TqaUc6kR,"Jack Got Jacked - Jack Beats Remix","Jack Got Jacked EP","AC Slater;Jack Beats",2008-09-30,301395,23,true,ocifamtv1z7as35vkc29ko9m5,2026-02-27T07:36:48Z,"bass house,bassline,g-house,uk garage","Palms Out Sounds",0.697,0.847,7,-7.178,1,0.0663,0.0164,0.8,0.317,0.394,129.003,4
spotify:track:7AOoWklI3RoaKiEqcn6LWK,"Warp 7.7 (feat. Steve Aoki)","ROMBORAMA","The Bloody Beetroots;Steve Aoki",2009-08-25,229960,23,false,ocifamtv1z7as35vkc29ko9m5,2026-02-27T07:36:58Z,"electro house,edm","Dim Mak Records",0.641,0.961,8,-4.373,1,0.104,0.000115,0.877,0.0579,0.0976,130.032,4
spotify:track:6ts1l6eCcuCqHeNtjY0o9u,"Poney Part 1","Ok Cowboy","Vitalic",2005-04-04,323000,50,false,ocifamtv1z7as35vkc29ko9m5,2026-03-01T04:46:58Z,"electroclash,french house,electro,electronica","Citizen Records",0.577,0.724,7,-6.164,1,0.0371,0.00076,0.778,0.0715,0.515,136.012,4
spotify:track:6YN5W52P9aD3hnV7u4CalL,"Truckers Delight - Alex Gopher Remix","Truckers Delight","Flairs;Alex Gopher",2009-11-23,215013,24,false,ocifamtv1z7as35vkc29ko9m5,2026-03-01T04:47:10Z,"electroclash,french house,nu disco","Third Side Records",0.582,0.903,4,-6.465,0,0.0342,0.00246,0.837,0.233,0.193,125.982,4
spotify:track:1FPQcLfe6TqON0irSfqOtx,"The March of Skabah","Rave Age","Vitalic",2012-11-05,239093,15,false,ocifamtv1z7as35vkc29ko9m5,2026-03-01T05:17:15Z,"electroclash,french house,electro,electronica","Citizen Records",0.694,0.868,4,-3.115,0,0.0557,0.00307,0.88,0.0866,0.18,127.979,4
spotify:track:6bIJIQlCS7pyXOLfjWpDsb,"Next I'm Ready","Rave Age","Vitalic;Joe Reeves",2012-11-05,219853,35,false,ocifamtv1z7as35vkc29ko9m5,2026-03-01T05:22:23Z,"electroclash,french house,electro,electronica","Citizen Records",0.672,0.644,1,-4.419,1,0.0398,0.0213,0.00463,0.0595,0.414,130.044,4
spotify:track:3f2fyR55BFMl3ZWS5S3BUZ,"Kernkraft 400 - Sport Chant Stadium Remix","Kernkraft 400 (Sport Chant Stadium Remix)","Zombie Nation",2006-01-01,331280,56,false,ocifamtv1z7as35vkc29ko9m5,2026-03-01T05:58:03Z,"","UKW Records",0.826,0.626,11,-8.523,1,0.0507,0.0391,0.895,0.111,0.342,139.774,4
spotify:track:5tj2Ye9zeSHlc93oH9IHme,"Violenty Happy","Artist Pack","Talpa",2018-03-08,422189,32,false,ocifamtv1z7as35vkc29ko9m5,2026-03-03T18:26:45Z,"psytrance,progressive trance,trance","TesseracTstudio",0.66,0.67,0,-9.749,1,0.0924,0.0217,0.669,0.369,0.211,137.029,4
spotify:track:077yc9WqMvXd7jlQwtpZL2,"Mind Open","Mind Open","Rinkadink",2018-11-23,351617,20,false,ocifamtv1z7as35vkc29ko9m5,2026-03-03T20:04:13Z,"psytrance,progressive trance,trance","MVX",0.644,0.877,8,-7.988,1,0.0573,0.0184,0.703,0.0907,0.266,136.017,4
spotify:track:3YgBmFMeSledSGBCP8W80m,"Snakes","Snakes EP","Distinct Motive",2023-06-09,198875,41,false,ocifamtv1z7as35vkc29ko9m5,2026-03-08T22:43:56Z,"dubstep,riddim,bass music,dub","Drama Club Recordings",0.842,0.394,9,-7.533,1,0.0703,0.000701,0.0523,0.618,0.179,140.052,4
spotify:track:5a3vNuS67dTu8lrxLagvDt,"Flip It - VIP","Flip It (Remixes)","Levity;Dem Jointz",2024-06-21,162428,39,false,ocifamtv1z7as35vkc29ko9m5,2026-03-08T22:45:49Z,"dubstep","Deadbeats",0.793,0.716,9,-4.322,1,0.0623,0.0669,0.00406,0.12,0.359,140.052,4
spotify:track:0dZHqK2IfXiRHhT0tfstAn,"The Medium","Parallel Spirits","Zingara;LEVEL UP",2026-01-28,221793,40,false,ocifamtv1z7as35vkc29ko9m5,2026-03-08T23:08:03Z,"dubstep,bass music,riddim,deathstep,edm","Zingara / LEVEL UP Music",0.597,0.777,11,-5.37,0,0.119,0.0408,0.00366,0.683,0.134,145.271,4
spotify:track:6JsidMhbuAQV5QPBEibouw,"Black Ice","TESSERACT","Subtronics;Rezz",2024-02-16,260001,58,false,ocifamtv1z7as35vkc29ko9m5,2026-03-13T04:27:11Z,"dubstep,riddim,edm,deathstep,bass music,dub","Cyclops Recordings",0.509,0.392,9,-5.58,1,0.0824,0.0185,0.196,0.332,0.191,146.955,4
spotify:track:38EGfgqW5p9JziTflEypFH,"Change Your Mind","Change Your Mind","Memento Mori;Psycho Cat",2020-05-01,255389,14,false,ocifamtv1z7as35vkc29ko9m5,2026-03-13T22:57:38Z,"psytrance,progressive trance","Balbalab Records",0.606,0.915,2,-6.17,1,0.0658,0.00685,0.417,0.157,0.811,150.013,4
spotify:track:6hsQ42klMjwmgbcuF2tDbH,"444","444","Mersiv;OkayJake",2025-04-04,219428,30,false,ocifamtv1z7as35vkc29ko9m5,2026-03-18T14:00:15Z,"bass music,dubstep","Mersiv Sound Music",0.575,0.872,7,-2.722,0,0.0896,0.00375,0.00167,0.15,0.101,140.124,4
spotify:track:0MjQhSwJwzu4LRFGR1vdsi,"SPIT","SPIT","Pretty Sweet;DEADPAN",2025-12-17,181738,36,false,ocifamtv1z7as35vkc29ko9m5,2026-03-18T14:05:17Z,"dubstep,riddim","Pretty Sweet",0.753,0.888,1,-2.61,1,0.167,0.0864,0.0208,0.271,0.34,139.978,5
spotify:track:1sx8JCzmnwsux91ctnxZKP,"Affinity","Project X","Caspa;Distinct Motive",2025-06-13,226000,40,false,ocifamtv1z7as35vkc29ko9m5,2026-03-18T14:22:04Z,"dubstep,dub,bass music,riddim","Bassrush Records",0.779,0.732,6,-3.967,1,0.0551,0.00283,0.0084,0.335,0.32,139.976,4
spotify:track:0VePsEEkbI9RKJgUB6fdeu,"Monsters","Monsters","Seth David;Chozen",2026-02-27,181714,41,false,ocifamtv1z7as35vkc29ko9m5,2026-03-20T21:36:20Z,"bass music,dubstep","Seth David Productions",0.56,0.877,2,-3.619,1,0.0633,0.00197,0.268,0.0665,0.0996,104.295,4
spotify:track:4YXOCsZNbFHISiC5zxgDT2,"Uprising - Lubdub Remix","Elements","Quanta;Lubdub",2016-05-06,392507,26,false,ocifamtv1z7as35vkc29ko9m5,2026-04-01T21:57:59Z,"glitch,dub,downtempo","Shanti Planti",0.657,0.697,7,-7.9,1,0.03,0.00845,0.81,0.162,0.506,139.957,4
spotify:track:70IPGF33RT6MB33X1BMJYz,"Dub Over Evil","Time Seeds","MantisMash",2020-10-29,392000,23,false,ocifamtv1z7as35vkc29ko9m5,2026-04-02T01:03:40Z,"glitch,downtempo,dub","Merkaba Music",0.758,0.669,1,-10.686,1,0.175,0.158,0.833,0.0459,0.528,170.021,4
spotify:track:1O6evysv59UQTzbz3zaaau,"Purple Moon","Purple Moon","Pretty Sweet;Noetika",2026-03-25,215999,36,false,ocifamtv1z7as35vkc29ko9m5,2026-04-02T13:37:44Z,"dubstep,riddim,bass music","Subsidia",0.483,0.924,4,-3.275,0,0.19,0.0108,0.00277,0.264,0.198,138.791,4
spotify:track:0PeSf2hGHldwZgSZ4igi6H,"Hot One","Distortion Theory","Tape B",2024-12-04,208035,42,false,ocifamtv1z7as35vkc29ko9m5,2026-04-06T14:16:18Z,"dubstep,riddim,bass music","Tape B",0.501,0.961,9,-1.8,1,0.468,0.0994,0,0.212,0.103,142.736,4
spotify:track:1bTznW8AhGltAYBLuM8BuG,"Shanai","Shanai","Memento Mori;Psyfeature",2025-01-03,176000,31,false,ocifamtv1z7as35vkc29ko9m5,2026-04-10T15:37:50Z,"psytrance,trance,progressive trance","Psyfeature",0.653,0.95,2,-4.295,1,0.0459,0.000508,0.818,0.163,0.42,150.027,4
spotify:track:3ZKvKk2vjSwn4U8YBqqz3Y,"Safety Island","Plasma","Canabliss",2022-02-01,204800,36,false,ocifamtv1z7as35vkc29ko9m5,2026-04-10T15:47:23Z,"","WAKAAN",0.567,0.498,0,-9.552,0,0.0461,0.632,0.84,0.113,0.0478,75.057,4
spotify:track:5o6HGLSmnfmlmRdJAF9Qav,"Aperture (Seeker Remix)","Overture (Remixes)","Skysia;Seeker",2024-11-15,223295,43,false,ocifamtv1z7as35vkc29ko9m5,2026-04-11T02:53:30Z,"bass music,downtempo","Odyzey Music",0.592,0.671,10,-5.906,0,0.0342,0.109,0.848,0.0898,0.226,176.034,4
spotify:track:1dkXMLitBjvkQiwj6j39L4,"Welcome Home","The Code of Dreamz","Zingara;Elephant Heart",2024-06-06,169565,19,false,ocifamtv1z7as35vkc29ko9m5,2026-04-17T14:21:00Z,"dubstep,bass music,riddim","Zingara Music",0.661,0.936,1,-2.491,1,0.0411,0.0231,0.295,0.401,0.446,91.966,4
spotify:track:2dX5uLJozxNp52UzgVgIjp,"Robotic Spider","Robotic Spider","Sharlitz Web;Shanghai Doom",2024-04-23,198000,11,false,ocifamtv1z7as35vkc29ko9m5,2026-04-17T14:30:08Z,"bass music,dubstep,riddim","WAKAAN",0.656,0.828,1,-4.071,0,0.0413,0.00728,0.429,0.15,0.133,140.049,4
spotify:track:53ICazVbw0uQNOBnUff09a,"Ghoul","Monomyth","Saka;Of The Trees",2024-07-05,185142,39,false,ocifamtv1z7as35vkc29ko9m5,2026-04-17T14:34:48Z,"drumstep,bass music,dubstep","Memory Palace",0.604,0.574,8,-6.902,0,0.152,0.418,0.585,0.298,0.095,95.559,5
spotify:track:27bvByBibdLJWS45KDpsiM,"Recloosiv","Recloosiv","Sharlitz Web",2024-04-23,177324,12,false,ocifamtv1z7as35vkc29ko9m5,2026-04-17T14:48:16Z,"bass music","WAKAAN",0.47,0.877,8,-3.839,1,0.0606,0.00627,0.00203,0.105,0.0551,78.44,4
spotify:track:1oNZDvygPBhiK4KvL4KtQe,"Solipsist","Solipsist","Zingara",2020-08-13,162461,25,false,ocifamtv1z7as35vkc29ko9m5,2026-04-17T15:55:51Z,"dubstep,bass music,riddim","Skull Vision",0.643,0.958,4,-5.251,1,0.079,0.207,0.125,0.103,0.0922,129.965,4
spotify:track:1CDpaUXu2JkZFqzdY29bEP,"BASS SO HEAVY","BASS SO HEAVY","Pretty Sweet",2026-04-15,165045,44,false,ocifamtv1z7as35vkc29ko9m5,2026-04-17T15:55:59Z,"dubstep,riddim","Pretty Sweet",0.738,0.984,0,0.051,1,0.302,0.0242,0.00011,0.347,0.282,180.343,4
spotify:track:3gwN6UEOXrSA0SUMiuCyfV,"Imposter","Imposter","Quackson",2023-07-13,201600,23,false,ocifamtv1z7as35vkc29ko9m5,2026-04-17T15:56:06Z,"","Aviary Records",0.654,0.788,7,-3.677,0,0.0346,0.0389,0.0896,0.275,0.0424,100.027,4
spotify:track:62qKxBJgYJOBc8ONQbxJUO,"Pelican Lake","Pelican Lake","Lumasi",2023-11-30,228375,29,false,ocifamtv1z7as35vkc29ko9m5,2026-04-20T15:35:58Z,"bass music,dubstep","Lumasi",0.653,0.694,3,-5.226,0,0.0494,0.0764,0.803,0.188,0.108,79.985,4
spotify:track:0N9pNJHVaFarSVeizaA0Il,"Wook Worm","Wook Worm","TVBOO",2018-06-22,195200,35,false,ocifamtv1z7as35vkc29ko9m5,2026-04-20T15:37:59Z,"dubstep,bass music,riddim","BOOT LiP RECORDS",0.762,0.884,9,-5.615,1,0.167,0.0000716,0.57,0.119,0.462,150.039,4
spotify:track:6XTiBaGvHddTIPurfxawp2,"Heart Chamber","Heart Chamber","Sharlitz Web",2024-08-20,185294,19,false,ocifamtv1z7as35vkc29ko9m5,2026-04-20T15:56:23Z,"bass music","Circus Records",0.483,0.978,5,-1.562,1,0.0518,0.0013,0.467,0.148,0.0556,136.043,4
spotify:track:3DrLUA0OtmaGZDMq3dR2DH,"DRUGS!","DRUGS!","TVBOO;CHOMPPA",2021-02-23,214825,41,false,ocifamtv1z7as35vkc29ko9m5,2026-04-20T15:59:38Z,"dubstep,bass music,riddim","WAKAAN",0.867,0.826,2,-2.318,1,0.0906,0.00934,0.153,0.0585,0.473,143.024,4
spotify:track:6hAHGsVecridSULTsNAphA,"Pot Pipes","Pot Pipes","Canabliss",2020-03-18,157808,22,false,ocifamtv1z7as35vkc29ko9m5,2026-04-21T04:26:39Z,"","1645002 Records DK",0.758,0.471,10,-7.789,1,0.0465,0.172,0.887,0.0769,0.432,146.11,4
spotify:track:1Qvwxw7oKibDX1Sqw6lMlI,"Breathe","Breathe","Quackson",2018-02-02,185400,12,false,ocifamtv1z7as35vkc29ko9m5,2026-05-08T19:13:11Z,"","Quackson",0.804,0.663,2,-5.403,1,0.112,0.116,0.107,0.151,0.47,100.015,4
spotify:track:3b26vJtV7KETHKtu4sxabB,"ONE FOR YOU","ONE FOR YOU","ALLEYCVT;Levity",2024-07-12,152516,61,false,ocifamtv1z7as35vkc29ko9m5,2026-05-09T06:29:13Z,"dubstep,edm,riddim","Deadbeats",0.559,0.76,10,-4.768,1,0.0551,0.0164,0.00188,0.109,0.0885,155.095,4
spotify:track:6Lxex57jRxZe1gUxVPpmqi,"Watch What Happens","Watch What Happens","Ozztin",2023-11-10,230166,24,true,ocifamtv1z7as35vkc29ko9m5,2026-05-09T11:00:09Z,"bass music","OZZTIN",0.583,0.578,0,-8.476,0,0.56,0.728,0.00522,0.071,0.0361,89.992,4
spotify:track:5Nw1S0e6AE0bWWVXACwvzI,"Big Dawg","LIMITLESS","Ozztin",2025-12-12,151384,38,false,ocifamtv1z7as35vkc29ko9m5,2026-05-09T11:03:35Z,"bass music","Trippy Bee Records",0.635,0.934,10,-2.447,0,0.0425,0.000933,0.107,0.117,0.0412,129.984,4
spotify:track:5j8VF9XqeTvueLIjdo3THi,"Fuck It Up","Wake Ya Nose / Fuck It Up","dêtre",2025-04-16,162857,38,true,ocifamtv1z7as35vkc29ko9m5,2026-05-09T21:31:26Z,"bass music,dubstep","Wubaholics",0.728,0.766,1,-6.218,1,0.109,0.00594,0.131,0.0583,0.178,140.06,4
spotify:track:7wIxOG0GnM21WueiICVACR,"l!sten","l!sten","Saka;Arya",2026-02-27,185589,46,false,ocifamtv1z7as35vkc29ko9m5,2026-05-09T22:47:50Z,"drumstep,bass music,dubstep,bass house","UKF",0.758,0.633,9,-5.04,1,0.0434,0.00316,0.634,0.132,0.238,139.964,4
spotify:track:2SKVvHoTYBQgdcle5N0GFH,"Ohrwurm","Ohrwurm","Interactive Noise",2022-10-28,291000,31,false,ocifamtv1z7as35vkc29ko9m5,2026-05-09T23:57:45Z,"psytrance,progressive trance,trance","Spin Twist Records",0.732,0.784,0,-7.891,1,0.126,0.0977,0.851,0.0769,0.186,140.98,4
spotify:track:2wCfPDfFq9dDAvEhPNNI9F,"AK47","AK47","Twopercent;Ozztin",2024-09-05,183428,27,false,ocifamtv1z7as35vkc29ko9m5,2026-05-10T02:00:33Z,"riddim,bass music,dubstep","MMXVAC",0.805,0.915,1,-4.676,0,0.199,0.119,0.0695,0.31,0.771,140.018,4
spotify:track:5pxaugkjDkegbrO4fRQDWf,"BRING THA","BRING THA","OVEREAZY;Ozztin",2026-04-22,192000,20,false,ocifamtv1z7as35vkc29ko9m5,2026-05-10T02:07:39Z,"bass music","BREAKFAST CLUB",0.735,0.557,2,-11.016,1,0.379,0.384,0.591,0.47,0.318,139.882,4
spotify:track:5n9D7G07MgP3PrQ6zw7oIc,"PARADIGM","PARADIGM","DEVOWR.;Ozztin",2026-03-20,200571,17,false,ocifamtv1z7as35vkc29ko9m5,2026-05-10T02:10:33Z,"bass house,bass music","earth Hz",0.786,0.297,2,-7.75,1,0.0948,0.35,0.537,0.104,0.113,139.994,4
spotify:track:2tO2o5rKkxT08u0X9Yt2r9,"FLOORED","FLOORED","Ozztin",2025-08-01,192000,20,true,ocifamtv1z7as35vkc29ko9m5,2026-05-10T02:14:38Z,"bass music","earth hz",0.834,0.976,5,-2.142,0,0.0406,0.00064,0.615,0.0873,0.736,140.039,4
spotify:track:09c3fEg697vmmWXwPUNhjc,"Artificial Insanity","Artificial Insanity","Ozztin",2022-09-09,141913,19,false,ocifamtv1z7as35vkc29ko9m5,2026-05-10T02:18:19Z,"bass music","OZZTIN",0.668,0.863,1,-4.931,1,0.366,0.252,0.316,0.093,0.0994,114.991,4
spotify:track:6pw1qgwYhCugKvCPjinmRe,"BAD BOIZ","BAD BOIZ","Noetika;Ozztin",2025-09-12,181714,15,false,ocifamtv1z7as35vkc29ko9m5,2026-05-10T02:19:40Z,"bass music,dubstep","TRIPPY BEE RECORDS",0.541,0.986,6,-0.525,0,0.388,0.0298,0.00188,0.245,0.513,139.976,4
spotify:track:6M5ICs93krUE3OpBCJyczs,"Lost My Heart","LIMITLESS","Ozztin",2025-12-12,205714,16,false,ocifamtv1z7as35vkc29ko9m5,2026-05-10T02:22:31Z,"bass music","Trippy Bee Records",0.635,0.928,0,-3.279,0,0.0378,0.0307,0.0734,0.123,0.415,139.861,4
spotify:track:39NJKE1Fpuyu88VzFwFYtS,"Proceed With Caution","LIMITLESS","Ozztin",2025-12-12,175384,13,false,ocifamtv1z7as35vkc29ko9m5,2026-05-10T02:38:51Z,"bass music","Trippy Bee Records",0.766,0.971,9,-0.703,1,0.227,0.065,0.0586,0.409,0.426,130.11,4
spotify:track:37GsOcMMMhFRj2Nucwdtx0,"trigger finger","cloudburst","Saka",2025-12-05,173142,32,false,ocifamtv1z7as35vkc29ko9m5,2026-05-12T01:58:43Z,"drumstep,bass music,dubstep","soundslikesaka",0.866,0.725,8,-3.323,1,0.0388,0.0507,0.411,0.11,0.139,140.03,4
spotify:track:0qEIDCoQEGt2QUHAUfaKOc,"U Want It","U Want It","Eliminate",2025-09-05,234155,34,false,ocifamtv1z7as35vkc29ko9m5,2026-05-17T22:32:33Z,"dubstep,riddim,bass music,deathstep,bass house","Eliminate Music",0.657,0.983,6,-0.556,0,0.0888,0.0134,0.552,0.449,0.449,127.96,4
spotify:track:5toNPCjFTTRKbSqDeJl0zh,"TWISTED (MOREPWR)","404: Get Off The Internet [Redux]","Eliminate",2024-11-22,179800,30,false,ocifamtv1z7as35vkc29ko9m5,2026-05-17T23:11:53Z,"dubstep,riddim,bass music,deathstep,bass house","Eliminate Music",0.632,0.994,2,-1.429,1,0.0861,0.0154,0.415,0.0743,0.568,150,4
spotify:track:4q6yL426DmFKrUEUAIo8Yt,"Stupid","Dead Sea EP","Eliminate",2019-10-23,155204,29,false,ocifamtv1z7as35vkc29ko9m5,2026-05-17T23:35:12Z,"dubstep,riddim,bass music,deathstep,bass house","Disciple",0.787,0.974,1,-0.376,1,0.0785,0.00241,0.709,0.231,0.548,150.031,4
spotify:track:79C7M0FezFZO95fBMtHFKP,"Your Soul Will Never Be Released","Beyond the Senses","Rezz;Sayer",2019,155291,41,false,ocifamtv1z7as35vkc29ko9m5,2026-05-20T18:46:34Z,"dubstep,edm","HypnoVizion Records Inc.",0.625,0.447,5,-5.626,1,0.0445,0.000951,0.835,0.092,0.0405,85,4
spotify:track:64K56nDHCSCNoFKCf3jNyo,"Facts!","Facts!","Ozztin",2026-05-22,168000,26,false,ocifamtv1z7as35vkc29ko9m5,2026-05-22T20:08:52Z,"bass music","Trippy Bee Records",0.743,0.901,9,-1.478,0,0.135,0.0358,0.0656,0.186,0.421,139.974,4
spotify:track:3NOJHunN763DsRuLFrJtL9,"Cloud 9","Cloud 9","Ozztin;VIVID",2024-05-10,161142,3,true,ocifamtv1z7as35vkc29ko9m5,2026-05-22T21:42:25Z,"bass music","earth Hz Retrograde V1",0.596,0.677,5,-3.826,0,0.118,0.0387,0.405,0.114,0.153,140.112,4
spotify:track:158mGDui3bP0jfVjqW1JGW,"WOAH","WOAH","Ozztin",2023-05-24,204000,15,false,ocifamtv1z7as35vkc29ko9m5,2026-05-22T23:04:09Z,"bass music","Wubaholics",0.912,0.603,11,-8.669,0,0.118,0.0333,0.00438,0.382,0.0392,119.986,4
spotify:track:6ETeNwuBDvxPdZpPhbVqVY,"Like This","Gradient Bloom","Skysia",2026-05-01,223670,45,false,ocifamtv1z7as35vkc29ko9m5,2026-05-23T01:13:39Z,"bass music,downtempo","Skysia",0.704,0.569,5,-6.255,0,0.174,0.0542,0.00507,0.134,0.176,174.103,4
spotify:track:5EhnuLMer8qAXEDwmLtyrW,"Puzzle Box","Puzzle Box","Rezz;Subtronics",2022-03-04,212210,57,false,ocifamtv1z7as35vkc29ko9m5,2026-05-23T22:08:10Z,"dubstep,edm,riddim,deathstep,bass music,dub","Deadbeats",0.696,0.488,1,-7.508,1,0.0403,0.196,0.836,0.2,0.202,95.064,4
spotify:track:5XW7ANbMQGfWVFXAYwDQXE,"Rik's Dik Pix","Gms and Amigos II","GMS;Dickster;Pixel",2019-09-02,423724,35,false,ocifamtv1z7as35vkc29ko9m5,2026-05-24T18:49:33Z,"psytrance,trance,progressive trance","Stereo Society",0.696,0.871,7,-7.853,1,0.067,0.00584,0.895,0.196,0.335,144.969,4
spotify:track:3svdq1Crgj8IMezbI1K6cO,"Scream Saver","Scream Saver","Subtronics",2020-04-10,230400,57,false,ocifamtv1z7as35vkc29ko9m5,2026-05-24T23:48:47Z,"dubstep,riddim,edm,deathstep,bass music,dub","Cyclops Recordings",0.644,0.88,10,0.91,0,0.274,0.0225,0.544,0.575,0.415,75.021,4
spotify:track:6rhoDOa4JHwVkS3aZpbeWF,"Fuck U Like","Fuck U Like","Dope-A-Min;Trip-Tamine",2026-05-29,170516,28,true,ocifamtv1z7as35vkc29ko9m5,2026-05-29T05:48:05Z,"psytrance,progressive trance","Medusa Records",0.686,0.99,2,-3.919,1,0.0816,0.0157,0.164,0.444,0.0571,155,4
spotify:track:4jQvEEduAHcaz17LFOdBDM,"Click Click","Click Click","OPIX;ACTFILL",2021-01-16,294500,23,false,ocifamtv1z7as35vkc29ko9m5,2026-05-29T05:49:08Z,"psytrance,progressive trance","Psyfeature",0.879,0.867,6,-6.127,1,0.292,0.0252,0.197,0.869,0.846,145.014,4
spotify:track:51Srs21C0w8rwJ2iCXNcoM,"Who's She","Who's She","Evalution",2022-05-25,204800,29,false,ocifamtv1z7as35vkc29ko9m5,2026-05-29T06:01:42Z,"bass music,dubstep","MorFlo Records",0.544,0.901,0,-0.704,1,0.139,0.00519,0.143,0.167,0.323,111.22,3
